image,background,version,variant,n_original,n_pasted,sky_px
img_000001.jpg,AIDER_flood_image0001.jpg,v4,0,0,18,0
img_000002.jpg,AIDER_flood_image0001.jpg,v4,1,0,30,0
img_000003.jpg,AIDER_flood_image0001.jpg,v4,2,0,23,0
img_000004.jpg,AIDER_flood_image0002.jpg,v4,0,0,30,0
img_000005.jpg,AIDER_flood_image0002.jpg,v4,1,0,30,0
img_000006.jpg,AIDER_flood_image0002.jpg,v4,2,0,30,0
img_000007.jpg,AIDER_flood_image0003.jpg,v4,0,0,30,8
img_000008.jpg,AIDER_flood_image0003.jpg,v4,1,0,24,8
img_000009.jpg,AIDER_flood_image0003.jpg,v4,2,0,30,8
img_000010.jpg,AIDER_flood_image0004.jpg,v4,0,0,30,17
img_000011.jpg,AIDER_flood_image0004.jpg,v4,1,0,19,17
img_000012.jpg,AIDER_flood_image0004.jpg,v4,2,0,30,17
img_000013.jpg,AIDER_flood_image0005.jpg,v4,0,0,22,0
img_000014.jpg,AIDER_flood_image0005.jpg,v4,1,0,30,0
img_000015.jpg,AIDER_flood_image0005.jpg,v4,2,0,25,0
img_000016.jpg,AIDER_flood_image0006.jpg,v4,0,0,30,0
img_000017.jpg,AIDER_flood_image0006.jpg,v4,1,0,21,0
img_000018.jpg,AIDER_flood_image0006.jpg,v4,2,0,30,0
img_000019.jpg,AIDER_flood_image0007.jpg,v4,0,0,30,0
img_000020.jpg,AIDER_flood_image0007.jpg,v4,1,0,30,0
img_000021.jpg,AIDER_flood_image0007.jpg,v4,2,0,30,0
img_000022.jpg,AIDER_flood_image0008.jpg,v4,0,0,30,0
img_000023.jpg,AIDER_flood_image0008.jpg,v4,1,0,30,0
img_000024.jpg,AIDER_flood_image0008.jpg,v4,2,0,30,0
img_000025.jpg,AIDER_flood_image0009.jpg,v4,0,0,25,0
img_000026.jpg,AIDER_flood_image0009.jpg,v4,1,0,30,0
img_000027.jpg,AIDER_flood_image0009.jpg,v4,2,0,19,0
img_000028.jpg,AIDER_flood_image0010.jpg,v4,0,0,23,16
img_000029.jpg,AIDER_flood_image0010.jpg,v4,1,0,30,16
img_000030.jpg,AIDER_flood_image0010.jpg,v4,2,0,30,16
img_000031.jpg,AIDER_flood_image0011.jpg,v4,0,0,30,166
img_000032.jpg,AIDER_flood_image0011.jpg,v4,1,0,30,166
img_000033.jpg,AIDER_flood_image0011.jpg,v4,2,0,30,166
img_000034.jpg,AIDER_flood_image0012.jpg,v4,0,0,18,13
img_000035.jpg,AIDER_flood_image0012.jpg,v4,1,0,23,13
img_000036.jpg,AIDER_flood_image0012.jpg,v4,2,0,27,13
img_000037.jpg,AIDER_flood_image0013.jpg,v4,0,0,30,0
img_000038.jpg,AIDER_flood_image0013.jpg,v4,1,0,30,0
img_000039.jpg,AIDER_flood_image0013.jpg,v4,2,0,30,0
img_000040.jpg,AIDER_flood_image0014.jpg,v4,0,0,17,8
img_000041.jpg,AIDER_flood_image0014.jpg,v4,1,0,30,8
img_000042.jpg,AIDER_flood_image0014.jpg,v4,2,0,30,8
img_000043.jpg,AIDER_flood_image0015.jpg,v4,0,0,30,0
img_000044.jpg,AIDER_flood_image0015.jpg,v4,1,0,23,0
img_000045.jpg,AIDER_flood_image0015.jpg,v4,2,0,23,0
img_000046.jpg,AIDER_flood_image0016.jpg,v4,0,0,30,0
img_000047.jpg,AIDER_flood_image0016.jpg,v4,1,0,30,0
img_000048.jpg,AIDER_flood_image0016.jpg,v4,2,0,30,0
img_000049.jpg,AIDER_flood_image0017.jpg,v4,0,0,30,0
img_000050.jpg,AIDER_flood_image0017.jpg,v4,1,0,30,0
img_000051.jpg,AIDER_flood_image0017.jpg,v4,2,0,30,0
img_000052.jpg,AIDER_flood_image0018.jpg,v4,0,0,30,0
img_000053.jpg,AIDER_flood_image0018.jpg,v4,1,0,30,0
img_000054.jpg,AIDER_flood_image0018.jpg,v4,2,0,30,0
img_000055.jpg,AIDER_flood_image0019.jpg,v4,0,0,30,0
img_000056.jpg,AIDER_flood_image0019.jpg,v4,1,0,30,0
img_000057.jpg,AIDER_flood_image0019.jpg,v4,2,0,30,0
img_000058.jpg,AIDER_flood_image0020.jpg,v4,0,0,30,0
img_000059.jpg,AIDER_flood_image0020.jpg,v4,1,0,30,0
img_000060.jpg,AIDER_flood_image0020.jpg,v4,2,0,30,0
img_000061.jpg,AIDER_flood_image0021.jpg,v4,0,0,30,0
img_000062.jpg,AIDER_flood_image0021.jpg,v4,1,0,30,0
img_000063.jpg,AIDER_flood_image0021.jpg,v4,2,0,30,0
img_000064.jpg,AIDER_flood_image0022.jpg,v4,0,0,30,0
img_000065.jpg,AIDER_flood_image0022.jpg,v4,1,0,23,0
img_000066.jpg,AIDER_flood_image0022.jpg,v4,2,0,30,0
img_000067.jpg,AIDER_flood_image0023.jpg,v4,0,0,30,0
img_000068.jpg,AIDER_flood_image0023.jpg,v4,1,0,30,0
img_000069.jpg,AIDER_flood_image0023.jpg,v4,2,0,30,0
img_000070.jpg,AIDER_flood_image0024.jpg,v4,0,0,30,0
img_000071.jpg,AIDER_flood_image0024.jpg,v4,1,0,30,0
img_000072.jpg,AIDER_flood_image0024.jpg,v4,2,0,30,0
img_000073.jpg,AIDER_flood_image0025.jpg,v4,0,0,30,170
img_000074.jpg,AIDER_flood_image0025.jpg,v4,1,0,30,170
img_000075.jpg,AIDER_flood_image0025.jpg,v4,2,0,30,170
img_000076.jpg,AIDER_flood_image0026.jpg,v4,0,0,30,0
img_000077.jpg,AIDER_flood_image0026.jpg,v4,1,0,30,0
img_000078.jpg,AIDER_flood_image0026.jpg,v4,2,0,30,0
img_000079.jpg,AIDER_flood_image0027.jpg,v4,0,0,21,0
img_000080.jpg,AIDER_flood_image0027.jpg,v4,1,0,30,0
img_000081.jpg,AIDER_flood_image0027.jpg,v4,2,0,30,0
img_000082.jpg,AIDER_flood_image0028.jpg,v4,0,0,21,0
img_000083.jpg,AIDER_flood_image0028.jpg,v4,1,0,30,0
img_000084.jpg,AIDER_flood_image0028.jpg,v4,2,0,23,0
img_000085.jpg,AIDER_flood_image0029.jpg,v4,0,0,25,0
img_000086.jpg,AIDER_flood_image0029.jpg,v4,1,0,30,0
img_000087.jpg,AIDER_flood_image0029.jpg,v4,2,0,30,0
img_000088.jpg,AIDER_flood_image0030.jpg,v4,0,0,0,407
img_000089.jpg,AIDER_flood_image0030.jpg,v4,1,0,0,407
img_000090.jpg,AIDER_flood_image0030.jpg,v4,2,0,0,407
img_000091.jpg,AIDER_flood_image0031.jpg,v4,0,0,30,0
img_000092.jpg,AIDER_flood_image0031.jpg,v4,1,0,30,0
img_000093.jpg,AIDER_flood_image0031.jpg,v4,2,0,30,0
img_000094.jpg,AIDER_flood_image0032.jpg,v4,0,0,30,0
img_000095.jpg,AIDER_flood_image0032.jpg,v4,1,0,24,0
img_000096.jpg,AIDER_flood_image0032.jpg,v4,2,0,30,0
img_000097.jpg,AIDER_flood_image0033.jpg,v4,0,1,30,0
img_000098.jpg,AIDER_flood_image0033.jpg,v4,1,1,30,0
img_000099.jpg,AIDER_flood_image0033.jpg,v4,2,1,30,0
img_000100.jpg,AIDER_flood_image0034.jpg,v4,0,0,30,0
img_000101.jpg,AIDER_flood_image0034.jpg,v4,1,0,30,0
img_000102.jpg,AIDER_flood_image0034.jpg,v4,2,0,25,0
img_000103.jpg,AIDER_flood_image0035.jpg,v4,0,0,30,22
img_000104.jpg,AIDER_flood_image0035.jpg,v4,1,0,30,22
img_000105.jpg,AIDER_flood_image0035.jpg,v4,2,0,30,22
img_000106.jpg,AIDER_flood_image0036.jpg,v4,0,0,30,70
img_000107.jpg,AIDER_flood_image0036.jpg,v4,1,0,30,70
img_000108.jpg,AIDER_flood_image0036.jpg,v4,2,0,30,70
img_000109.jpg,AIDER_flood_image0037.jpg,v4,0,0,26,0
img_000110.jpg,AIDER_flood_image0037.jpg,v4,1,0,30,0
img_000111.jpg,AIDER_flood_image0037.jpg,v4,2,0,30,0
img_000112.jpg,AIDER_flood_image0038.jpg,v4,0,0,30,7
img_000113.jpg,AIDER_flood_image0038.jpg,v4,1,0,22,7
img_000114.jpg,AIDER_flood_image0038.jpg,v4,2,0,30,7
img_000115.jpg,AIDER_flood_image0039.jpg,v4,0,0,30,0
img_000116.jpg,AIDER_flood_image0039.jpg,v4,1,0,30,0
img_000117.jpg,AIDER_flood_image0039.jpg,v4,2,0,30,0
img_000118.jpg,AIDER_flood_image0040.jpg,v4,0,0,30,0
img_000119.jpg,AIDER_flood_image0040.jpg,v4,1,0,30,0
img_000120.jpg,AIDER_flood_image0040.jpg,v4,2,0,30,0
img_000121.jpg,AIDER_flood_image0041.jpg,v4,0,0,30,0
img_000122.jpg,AIDER_flood_image0041.jpg,v4,1,0,30,0
img_000123.jpg,AIDER_flood_image0041.jpg,v4,2,0,24,0
img_000124.jpg,AIDER_flood_image0042.jpg,v4,0,0,30,0
img_000125.jpg,AIDER_flood_image0042.jpg,v4,1,0,30,0
img_000126.jpg,AIDER_flood_image0042.jpg,v4,2,0,30,0
img_000127.jpg,AIDER_flood_image0043.jpg,v4,0,0,30,0
img_000128.jpg,AIDER_flood_image0043.jpg,v4,1,0,17,0
img_000129.jpg,AIDER_flood_image0043.jpg,v4,2,0,30,0
img_000130.jpg,AIDER_flood_image0044.jpg,v4,0,0,30,82
img_000131.jpg,AIDER_flood_image0044.jpg,v4,1,0,30,82
img_000132.jpg,AIDER_flood_image0044.jpg,v4,2,0,30,82
img_000133.jpg,AIDER_flood_image0045.jpg,v4,0,0,22,0
img_000134.jpg,AIDER_flood_image0045.jpg,v4,1,0,30,0
img_000135.jpg,AIDER_flood_image0045.jpg,v4,2,0,30,0
img_000136.jpg,AIDER_flood_image0046.jpg,v4,0,0,30,19
img_000137.jpg,AIDER_flood_image0046.jpg,v4,1,0,30,19
img_000138.jpg,AIDER_flood_image0046.jpg,v4,2,0,30,19
img_000139.jpg,AIDER_flood_image0047.jpg,v4,0,0,30,0
img_000140.jpg,AIDER_flood_image0047.jpg,v4,1,0,30,0
img_000141.jpg,AIDER_flood_image0047.jpg,v4,2,0,30,0
img_000142.jpg,AIDER_flood_image0048.jpg,v4,0,0,30,0
img_000143.jpg,AIDER_flood_image0048.jpg,v4,1,0,30,0
img_000144.jpg,AIDER_flood_image0048.jpg,v4,2,0,30,0
img_000145.jpg,AIDER_flood_image0049.jpg,v4,0,0,30,0
img_000146.jpg,AIDER_flood_image0049.jpg,v4,1,0,30,0
img_000147.jpg,AIDER_flood_image0049.jpg,v4,2,0,27,0
img_000148.jpg,AIDER_flood_image0050.jpg,v4,0,0,22,0
img_000149.jpg,AIDER_flood_image0050.jpg,v4,1,0,30,0
img_000150.jpg,AIDER_flood_image0050.jpg,v4,2,0,30,0
img_000151.jpg,AIDER_flood_image0051.jpg,v4,0,0,30,220
img_000152.jpg,AIDER_flood_image0051.jpg,v4,1,0,22,220
img_000153.jpg,AIDER_flood_image0051.jpg,v4,2,0,30,220
img_000154.jpg,AIDER_flood_image0052.jpg,v4,0,0,30,0
img_000155.jpg,AIDER_flood_image0052.jpg,v4,1,0,30,0
img_000156.jpg,AIDER_flood_image0052.jpg,v4,2,0,30,0
img_000157.jpg,AIDER_flood_image0053.jpg,v4,0,0,30,0
img_000158.jpg,AIDER_flood_image0053.jpg,v4,1,0,30,0
img_000159.jpg,AIDER_flood_image0053.jpg,v4,2,0,30,0
img_000160.jpg,AIDER_flood_image0054.jpg,v4,0,0,30,0
img_000161.jpg,AIDER_flood_image0054.jpg,v4,1,0,30,0
img_000162.jpg,AIDER_flood_image0054.jpg,v4,2,0,30,0
img_000163.jpg,AIDER_flood_image0055.jpg,v4,0,0,30,0
img_000164.jpg,AIDER_flood_image0055.jpg,v4,1,0,17,0
img_000165.jpg,AIDER_flood_image0055.jpg,v4,2,0,30,0
img_000166.jpg,AIDER_flood_image0056.jpg,v4,0,0,24,0
img_000167.jpg,AIDER_flood_image0056.jpg,v4,1,0,30,0
img_000168.jpg,AIDER_flood_image0056.jpg,v4,2,0,30,0
img_000169.jpg,AIDER_flood_image0057.jpg,v4,0,0,30,10
img_000170.jpg,AIDER_flood_image0057.jpg,v4,1,0,30,10
img_000171.jpg,AIDER_flood_image0057.jpg,v4,2,0,30,10
img_000172.jpg,AIDER_flood_image0058.jpg,v4,0,0,24,0
img_000173.jpg,AIDER_flood_image0058.jpg,v4,1,0,30,0
img_000174.jpg,AIDER_flood_image0058.jpg,v4,2,0,30,0
img_000175.jpg,AIDER_flood_image0059.jpg,v4,0,0,30,0
img_000176.jpg,AIDER_flood_image0059.jpg,v4,1,0,30,0
img_000177.jpg,AIDER_flood_image0059.jpg,v4,2,0,30,0
img_000178.jpg,AIDER_flood_image0060.jpg,v4,0,0,30,0
img_000179.jpg,AIDER_flood_image0060.jpg,v4,1,0,30,0
img_000180.jpg,AIDER_flood_image0060.jpg,v4,2,0,30,0
img_000181.jpg,AIDER_flood_image0061.jpg,v4,0,0,30,0
img_000182.jpg,AIDER_flood_image0061.jpg,v4,1,0,30,0
img_000183.jpg,AIDER_flood_image0061.jpg,v4,2,0,23,0
img_000184.jpg,AIDER_flood_image0062.jpg,v4,0,0,19,0
img_000185.jpg,AIDER_flood_image0062.jpg,v4,1,0,30,0
img_000186.jpg,AIDER_flood_image0062.jpg,v4,2,0,30,0
img_000187.jpg,AIDER_flood_image0063.jpg,v4,0,0,30,0
img_000188.jpg,AIDER_flood_image0063.jpg,v4,1,0,24,0
img_000189.jpg,AIDER_flood_image0063.jpg,v4,2,0,24,0
img_000190.jpg,AIDER_flood_image0064.jpg,v4,0,0,30,0
img_000191.jpg,AIDER_flood_image0064.jpg,v4,1,0,20,0
img_000192.jpg,AIDER_flood_image0064.jpg,v4,2,0,30,0
img_000193.jpg,AIDER_flood_image0065.jpg,v4,0,0,30,0
img_000194.jpg,AIDER_flood_image0065.jpg,v4,1,0,30,0
img_000195.jpg,AIDER_flood_image0065.jpg,v4,2,0,30,0
img_000196.jpg,AIDER_flood_image0066.jpg,v4,0,0,30,0
img_000197.jpg,AIDER_flood_image0066.jpg,v4,1,0,30,0
img_000198.jpg,AIDER_flood_image0066.jpg,v4,2,0,30,0
img_000199.jpg,AIDER_flood_image0067.jpg,v4,0,0,30,0
img_000200.jpg,AIDER_flood_image0067.jpg,v4,1,0,30,0
img_000201.jpg,AIDER_flood_image0067.jpg,v4,2,0,20,0
img_000202.jpg,AIDER_flood_image0068.jpg,v4,0,0,30,0
img_000203.jpg,AIDER_flood_image0068.jpg,v4,1,0,30,0
img_000204.jpg,AIDER_flood_image0068.jpg,v4,2,0,30,0
img_000205.jpg,AIDER_flood_image0069.jpg,v4,0,0,30,0
img_000206.jpg,AIDER_flood_image0069.jpg,v4,1,0,30,0
img_000207.jpg,AIDER_flood_image0069.jpg,v4,2,0,30,0
img_000208.jpg,AIDER_flood_image0070.jpg,v4,0,0,26,0
img_000209.jpg,AIDER_flood_image0070.jpg,v4,1,0,30,0
img_000210.jpg,AIDER_flood_image0070.jpg,v4,2,0,30,0
img_000211.jpg,AIDER_flood_image0071.jpg,v4,0,0,30,0
img_000212.jpg,AIDER_flood_image0071.jpg,v4,1,0,30,0
img_000213.jpg,AIDER_flood_image0071.jpg,v4,2,0,30,0
img_000214.jpg,AIDER_flood_image0072.jpg,v4,0,0,30,88
img_000215.jpg,AIDER_flood_image0072.jpg,v4,1,0,22,88
img_000216.jpg,AIDER_flood_image0072.jpg,v4,2,0,30,88
img_000217.jpg,AIDER_flood_image0073.jpg,v4,0,0,30,0
img_000218.jpg,AIDER_flood_image0073.jpg,v4,1,0,23,0
img_000219.jpg,AIDER_flood_image0073.jpg,v4,2,0,30,0
img_000220.jpg,AIDER_flood_image0074.jpg,v4,0,0,30,0
img_000221.jpg,AIDER_flood_image0074.jpg,v4,1,0,21,0
img_000222.jpg,AIDER_flood_image0074.jpg,v4,2,0,30,0
img_000223.jpg,AIDER_flood_image0075.jpg,v4,0,0,30,0
img_000224.jpg,AIDER_flood_image0075.jpg,v4,1,0,30,0
img_000225.jpg,AIDER_flood_image0075.jpg,v4,2,0,30,0
img_000226.jpg,AIDER_flood_image0076.jpg,v4,0,0,30,0
img_000227.jpg,AIDER_flood_image0076.jpg,v4,1,0,30,0
img_000228.jpg,AIDER_flood_image0076.jpg,v4,2,0,25,0
img_000229.jpg,AIDER_flood_image0077.jpg,v4,0,0,30,0
img_000230.jpg,AIDER_flood_image0077.jpg,v4,1,0,30,0
img_000231.jpg,AIDER_flood_image0077.jpg,v4,2,0,30,0
img_000232.jpg,AIDER_flood_image0078.jpg,v4,0,0,30,0
img_000233.jpg,AIDER_flood_image0078.jpg,v4,1,0,30,0
img_000234.jpg,AIDER_flood_image0078.jpg,v4,2,0,30,0
img_000235.jpg,AIDER_flood_image0079.jpg,v4,0,0,30,0
img_000236.jpg,AIDER_flood_image0079.jpg,v4,1,0,30,0
img_000237.jpg,AIDER_flood_image0079.jpg,v4,2,0,30,0
img_000238.jpg,AIDER_flood_image0080.jpg,v4,0,0,30,0
img_000239.jpg,AIDER_flood_image0080.jpg,v4,1,0,30,0
img_000240.jpg,AIDER_flood_image0080.jpg,v4,2,0,30,0
img_000241.jpg,AIDER_flood_image0081.jpg,v4,0,1,30,29
img_000242.jpg,AIDER_flood_image0081.jpg,v4,1,1,30,29
img_000243.jpg,AIDER_flood_image0081.jpg,v4,2,1,24,29
img_000244.jpg,AIDER_flood_image0082.jpg,v4,0,0,30,0
img_000245.jpg,AIDER_flood_image0082.jpg,v4,1,0,30,0
img_000246.jpg,AIDER_flood_image0082.jpg,v4,2,0,30,0
img_000247.jpg,AIDER_flood_image0083.jpg,v4,0,0,29,0
img_000248.jpg,AIDER_flood_image0083.jpg,v4,1,0,30,0
img_000249.jpg,AIDER_flood_image0083.jpg,v4,2,0,30,0
img_000250.jpg,AIDER_flood_image0084.jpg,v4,0,0,20,0
img_000251.jpg,AIDER_flood_image0084.jpg,v4,1,0,30,0
img_000252.jpg,AIDER_flood_image0084.jpg,v4,2,0,30,0
img_000253.jpg,AIDER_flood_image0085.jpg,v4,0,1,25,0
img_000254.jpg,AIDER_flood_image0085.jpg,v4,1,1,30,0
img_000255.jpg,AIDER_flood_image0085.jpg,v4,2,1,30,0
img_000256.jpg,AIDER_flood_image0086.jpg,v4,0,0,30,0
img_000257.jpg,AIDER_flood_image0086.jpg,v4,1,0,30,0
img_000258.jpg,AIDER_flood_image0086.jpg,v4,2,0,21,0
img_000259.jpg,AIDER_flood_image0087.jpg,v4,0,0,30,0
img_000260.jpg,AIDER_flood_image0087.jpg,v4,1,0,30,0
img_000261.jpg,AIDER_flood_image0087.jpg,v4,2,0,30,0
img_000262.jpg,AIDER_flood_image0088.jpg,v4,0,0,30,0
img_000263.jpg,AIDER_flood_image0088.jpg,v4,1,0,30,0
img_000264.jpg,AIDER_flood_image0088.jpg,v4,2,0,30,0
img_000265.jpg,AIDER_flood_image0089.jpg,v4,0,1,30,0
img_000266.jpg,AIDER_flood_image0089.jpg,v4,1,1,20,0
img_000267.jpg,AIDER_flood_image0089.jpg,v4,2,1,30,0
img_000268.jpg,AIDER_flood_image0090.jpg,v4,0,0,30,11
img_000269.jpg,AIDER_flood_image0090.jpg,v4,1,0,30,11
img_000270.jpg,AIDER_flood_image0090.jpg,v4,2,0,30,11
img_000271.jpg,AIDER_flood_image0091.jpg,v4,0,0,30,0
img_000272.jpg,AIDER_flood_image0091.jpg,v4,1,0,30,0
img_000273.jpg,AIDER_flood_image0091.jpg,v4,2,0,26,0
img_000274.jpg,AIDER_flood_image0092.jpg,v4,0,1,30,160
img_000275.jpg,AIDER_flood_image0092.jpg,v4,1,1,30,160
img_000276.jpg,AIDER_flood_image0092.jpg,v4,2,1,30,160
img_000277.jpg,AIDER_flood_image0093.jpg,v4,0,0,30,0
img_000278.jpg,AIDER_flood_image0093.jpg,v4,1,0,20,0
img_000279.jpg,AIDER_flood_image0093.jpg,v4,2,0,30,0
img_000280.jpg,AIDER_flood_image0094.jpg,v4,0,0,30,133
img_000281.jpg,AIDER_flood_image0094.jpg,v4,1,0,22,133
img_000282.jpg,AIDER_flood_image0094.jpg,v4,2,0,30,133
img_000283.jpg,AIDER_flood_image0095.jpg,v4,0,0,23,72
img_000284.jpg,AIDER_flood_image0095.jpg,v4,1,0,30,72
img_000285.jpg,AIDER_flood_image0095.jpg,v4,2,0,30,72
img_000286.jpg,AIDER_flood_image0096.jpg,v4,0,0,24,18
img_000287.jpg,AIDER_flood_image0096.jpg,v4,1,0,30,18
img_000288.jpg,AIDER_flood_image0096.jpg,v4,2,0,30,18
img_000289.jpg,AIDER_flood_image0097.jpg,v4,0,1,23,0
img_000290.jpg,AIDER_flood_image0097.jpg,v4,1,1,30,0
img_000291.jpg,AIDER_flood_image0097.jpg,v4,2,1,30,0
img_000292.jpg,AIDER_flood_image0098.jpg,v4,0,0,30,0
img_000293.jpg,AIDER_flood_image0098.jpg,v4,1,0,22,0
img_000294.jpg,AIDER_flood_image0098.jpg,v4,2,0,30,0
img_000295.jpg,AIDER_flood_image0099.jpg,v4,0,0,27,0
img_000296.jpg,AIDER_flood_image0099.jpg,v4,1,0,30,0
img_000297.jpg,AIDER_flood_image0099.jpg,v4,2,0,25,0
img_000298.jpg,AIDER_flood_image0100.jpg,v4,0,15,30,30
img_000299.jpg,AIDER_flood_image0100.jpg,v4,1,15,30,30
img_000300.jpg,AIDER_flood_image0100.jpg,v4,2,15,30,30
img_000301.jpg,AIDER_flood_image0101.jpg,v4,0,0,30,0
img_000302.jpg,AIDER_flood_image0101.jpg,v4,1,0,30,0
img_000303.jpg,AIDER_flood_image0101.jpg,v4,2,0,30,0
img_000304.jpg,AIDER_flood_image0102.jpg,v4,0,0,30,0
img_000305.jpg,AIDER_flood_image0102.jpg,v4,1,0,30,0
img_000306.jpg,AIDER_flood_image0102.jpg,v4,2,0,30,0
img_000307.jpg,AIDER_flood_image0103.jpg,v4,0,0,30,18
img_000308.jpg,AIDER_flood_image0103.jpg,v4,1,0,29,18
img_000309.jpg,AIDER_flood_image0103.jpg,v4,2,0,30,18
img_000310.jpg,AIDER_flood_image0104.jpg,v4,0,0,30,258
img_000311.jpg,AIDER_flood_image0104.jpg,v4,1,0,30,258
img_000312.jpg,AIDER_flood_image0104.jpg,v4,2,0,30,258
img_000313.jpg,AIDER_flood_image0105.jpg,v4,0,0,24,0
img_000314.jpg,AIDER_flood_image0105.jpg,v4,1,0,21,0
img_000315.jpg,AIDER_flood_image0105.jpg,v4,2,0,30,0
img_000316.jpg,AIDER_flood_image0106.jpg,v4,0,1,30,292
img_000317.jpg,AIDER_flood_image0106.jpg,v4,1,1,30,292
img_000318.jpg,AIDER_flood_image0106.jpg,v4,2,1,30,292
img_000319.jpg,AIDER_flood_image0107.jpg,v4,0,0,30,0
img_000320.jpg,AIDER_flood_image0107.jpg,v4,1,0,30,0
img_000321.jpg,AIDER_flood_image0107.jpg,v4,2,0,30,0
img_000322.jpg,AIDER_flood_image0108.jpg,v4,0,0,30,0
img_000323.jpg,AIDER_flood_image0108.jpg,v4,1,0,30,0
img_000324.jpg,AIDER_flood_image0108.jpg,v4,2,0,26,0
img_000325.jpg,AIDER_flood_image0109.jpg,v4,0,1,30,0
img_000326.jpg,AIDER_flood_image0109.jpg,v4,1,1,30,0
img_000327.jpg,AIDER_flood_image0109.jpg,v4,2,1,30,0
img_000328.jpg,AIDER_flood_image0110.jpg,v4,0,0,30,0
img_000329.jpg,AIDER_flood_image0110.jpg,v4,1,0,30,0
img_000330.jpg,AIDER_flood_image0110.jpg,v4,2,0,30,0
img_000331.jpg,AIDER_flood_image0111.jpg,v4,0,0,30,0
img_000332.jpg,AIDER_flood_image0111.jpg,v4,1,0,21,0
img_000333.jpg,AIDER_flood_image0111.jpg,v4,2,0,30,0
img_000334.jpg,AIDER_flood_image0112.jpg,v4,0,0,30,17
img_000335.jpg,AIDER_flood_image0112.jpg,v4,1,0,30,17
img_000336.jpg,AIDER_flood_image0112.jpg,v4,2,0,30,17
img_000337.jpg,AIDER_flood_image0113.jpg,v4,0,0,30,0
img_000338.jpg,AIDER_flood_image0113.jpg,v4,1,0,30,0
img_000339.jpg,AIDER_flood_image0113.jpg,v4,2,0,30,0
img_000340.jpg,AIDER_flood_image0114.jpg,v4,0,0,30,8
img_000341.jpg,AIDER_flood_image0114.jpg,v4,1,0,30,8
img_000342.jpg,AIDER_flood_image0114.jpg,v4,2,0,30,8
img_000343.jpg,AIDER_flood_image0115.jpg,v4,0,0,30,0
img_000344.jpg,AIDER_flood_image0115.jpg,v4,1,0,30,0
img_000345.jpg,AIDER_flood_image0115.jpg,v4,2,0,30,0
img_000346.jpg,AIDER_flood_image0116.jpg,v4,0,9,30,4
img_000347.jpg,AIDER_flood_image0116.jpg,v4,1,9,30,4
img_000348.jpg,AIDER_flood_image0116.jpg,v4,2,9,30,4
img_000349.jpg,AIDER_flood_image0117.jpg,v4,0,0,24,0
img_000350.jpg,AIDER_flood_image0117.jpg,v4,1,0,30,0
img_000351.jpg,AIDER_flood_image0117.jpg,v4,2,0,30,0
img_000352.jpg,AIDER_flood_image0118.jpg,v4,0,1,30,0
img_000353.jpg,AIDER_flood_image0118.jpg,v4,1,1,30,0
img_000354.jpg,AIDER_flood_image0118.jpg,v4,2,1,30,0
img_000355.jpg,AIDER_flood_image0119.jpg,v4,0,0,30,103
img_000356.jpg,AIDER_flood_image0119.jpg,v4,1,0,30,103
img_000357.jpg,AIDER_flood_image0119.jpg,v4,2,0,30,103
img_000358.jpg,AIDER_flood_image0120.jpg,v4,0,0,27,0
img_000359.jpg,AIDER_flood_image0120.jpg,v4,1,0,28,0
img_000360.jpg,AIDER_flood_image0120.jpg,v4,2,0,30,0
img_000361.jpg,AIDER_flood_image0121.jpg,v4,0,0,30,0
img_000362.jpg,AIDER_flood_image0121.jpg,v4,1,0,30,0
img_000363.jpg,AIDER_flood_image0121.jpg,v4,2,0,30,0
img_000364.jpg,AIDER_flood_image0122.jpg,v4,0,0,30,0
img_000365.jpg,AIDER_flood_image0122.jpg,v4,1,0,30,0
img_000366.jpg,AIDER_flood_image0122.jpg,v4,2,0,26,0
img_000367.jpg,AIDER_flood_image0123.jpg,v4,0,0,30,57
img_000368.jpg,AIDER_flood_image0123.jpg,v4,1,0,27,57
img_000369.jpg,AIDER_flood_image0123.jpg,v4,2,0,22,57
img_000370.jpg,AIDER_flood_image0124.jpg,v4,0,0,25,0
img_000371.jpg,AIDER_flood_image0124.jpg,v4,1,0,30,0
img_000372.jpg,AIDER_flood_image0124.jpg,v4,2,0,30,0
img_000373.jpg,AIDER_flood_image0125.jpg,v4,0,1,30,0
img_000374.jpg,AIDER_flood_image0125.jpg,v4,1,1,23,0
img_000375.jpg,AIDER_flood_image0125.jpg,v4,2,1,30,0
img_000376.jpg,AIDER_flood_image0126.jpg,v4,0,0,30,0
img_000377.jpg,AIDER_flood_image0126.jpg,v4,1,0,22,0
img_000378.jpg,AIDER_flood_image0126.jpg,v4,2,0,30,0
img_000379.jpg,AIDER_flood_image0127.jpg,v4,0,0,30,54
img_000380.jpg,AIDER_flood_image0127.jpg,v4,1,0,30,54
img_000381.jpg,AIDER_flood_image0127.jpg,v4,2,0,30,54
img_000382.jpg,AIDER_flood_image0128.jpg,v4,0,2,24,0
img_000383.jpg,AIDER_flood_image0128.jpg,v4,1,2,30,0
img_000384.jpg,AIDER_flood_image0128.jpg,v4,2,2,30,0
img_000385.jpg,AIDER_flood_image0129.jpg,v4,0,0,30,48
img_000386.jpg,AIDER_flood_image0129.jpg,v4,1,0,22,48
img_000387.jpg,AIDER_flood_image0129.jpg,v4,2,0,30,48
img_000388.jpg,AIDER_flood_image0130.jpg,v4,0,0,30,148
img_000389.jpg,AIDER_flood_image0130.jpg,v4,1,0,23,148
img_000390.jpg,AIDER_flood_image0130.jpg,v4,2,0,30,148
img_000391.jpg,AIDER_flood_image0131.jpg,v4,0,0,30,0
img_000392.jpg,AIDER_flood_image0131.jpg,v4,1,0,27,0
img_000393.jpg,AIDER_flood_image0131.jpg,v4,2,0,30,0
img_000394.jpg,AIDER_flood_image0132.jpg,v4,0,0,30,0
img_000395.jpg,AIDER_flood_image0132.jpg,v4,1,0,30,0
img_000396.jpg,AIDER_flood_image0132.jpg,v4,2,0,30,0
img_000397.jpg,AIDER_flood_image0133.jpg,v4,0,0,30,0
img_000398.jpg,AIDER_flood_image0133.jpg,v4,1,0,30,0
img_000399.jpg,AIDER_flood_image0133.jpg,v4,2,0,30,0
img_000400.jpg,AIDER_flood_image0134.jpg,v4,0,0,30,0
img_000401.jpg,AIDER_flood_image0134.jpg,v4,1,0,30,0
img_000402.jpg,AIDER_flood_image0134.jpg,v4,2,0,30,0
img_000403.jpg,AIDER_flood_image0135.jpg,v4,0,0,30,31
img_000404.jpg,AIDER_flood_image0135.jpg,v4,1,0,30,31
img_000405.jpg,AIDER_flood_image0135.jpg,v4,2,0,23,31
img_000406.jpg,AIDER_flood_image0136.jpg,v4,0,0,30,149
img_000407.jpg,AIDER_flood_image0136.jpg,v4,1,0,30,149
img_000408.jpg,AIDER_flood_image0136.jpg,v4,2,0,27,149
img_000409.jpg,AIDER_flood_image0137.jpg,v4,0,0,22,0
img_000410.jpg,AIDER_flood_image0137.jpg,v4,1,0,30,0
img_000411.jpg,AIDER_flood_image0137.jpg,v4,2,0,30,0
img_000412.jpg,AIDER_flood_image0138.jpg,v4,0,0,30,0
img_000413.jpg,AIDER_flood_image0138.jpg,v4,1,0,21,0
img_000414.jpg,AIDER_flood_image0138.jpg,v4,2,0,30,0
img_000415.jpg,AIDER_flood_image0139.jpg,v4,0,0,30,15
img_000416.jpg,AIDER_flood_image0139.jpg,v4,1,0,30,15
img_000417.jpg,AIDER_flood_image0139.jpg,v4,2,0,30,15
img_000418.jpg,AIDER_flood_image0140.jpg,v4,0,0,30,0
img_000419.jpg,AIDER_flood_image0140.jpg,v4,1,0,30,0
img_000420.jpg,AIDER_flood_image0140.jpg,v4,2,0,30,0
img_000421.jpg,AIDER_flood_image0141.jpg,v4,0,0,30,0
img_000422.jpg,AIDER_flood_image0141.jpg,v4,1,0,30,0
img_000423.jpg,AIDER_flood_image0141.jpg,v4,2,0,30,0
img_000424.jpg,AIDER_flood_image0142.jpg,v4,0,0,30,0
img_000425.jpg,AIDER_flood_image0142.jpg,v4,1,0,30,0
img_000426.jpg,AIDER_flood_image0142.jpg,v4,2,0,30,0
img_000427.jpg,AIDER_flood_image0143.jpg,v4,0,0,24,21
img_000428.jpg,AIDER_flood_image0143.jpg,v4,1,0,30,21
img_000429.jpg,AIDER_flood_image0143.jpg,v4,2,0,30,21
img_000430.jpg,AIDER_flood_image0144.jpg,v4,0,0,10,22
img_000431.jpg,AIDER_flood_image0144.jpg,v4,1,0,30,22
img_000432.jpg,AIDER_flood_image0144.jpg,v4,2,0,22,22
img_000433.jpg,AIDER_flood_image0145.jpg,v4,0,0,24,99
img_000434.jpg,AIDER_flood_image0145.jpg,v4,1,0,30,99
img_000435.jpg,AIDER_flood_image0145.jpg,v4,2,0,30,99
img_000436.jpg,AIDER_flood_image0146.jpg,v4,0,0,30,0
img_000437.jpg,AIDER_flood_image0146.jpg,v4,1,0,30,0
img_000438.jpg,AIDER_flood_image0146.jpg,v4,2,0,22,0
img_000439.jpg,AIDER_flood_image0147.jpg,v4,0,0,30,60
img_000440.jpg,AIDER_flood_image0147.jpg,v4,1,0,30,60
img_000441.jpg,AIDER_flood_image0147.jpg,v4,2,0,30,60
img_000442.jpg,AIDER_flood_image0148.jpg,v4,0,0,24,0
img_000443.jpg,AIDER_flood_image0148.jpg,v4,1,0,30,0
img_000444.jpg,AIDER_flood_image0148.jpg,v4,2,0,30,0
img_000445.jpg,AIDER_flood_image0149.jpg,v4,0,0,30,0
img_000446.jpg,AIDER_flood_image0149.jpg,v4,1,0,25,0
img_000447.jpg,AIDER_flood_image0149.jpg,v4,2,0,30,0
img_000448.jpg,AIDER_flood_image0150.jpg,v4,0,0,22,0
img_000449.jpg,AIDER_flood_image0150.jpg,v4,1,0,30,0
img_000450.jpg,AIDER_flood_image0150.jpg,v4,2,0,30,0
img_000451.jpg,AIDER_flood_image0151.jpg,v4,0,0,21,313
img_000452.jpg,AIDER_flood_image0151.jpg,v4,1,0,30,313
img_000453.jpg,AIDER_flood_image0151.jpg,v4,2,0,30,313
img_000454.jpg,AIDER_flood_image0152.jpg,v4,0,0,30,0
img_000455.jpg,AIDER_flood_image0152.jpg,v4,1,0,30,0
img_000456.jpg,AIDER_flood_image0152.jpg,v4,2,0,30,0
img_000457.jpg,AIDER_flood_image0153.jpg,v4,0,0,30,0
img_000458.jpg,AIDER_flood_image0153.jpg,v4,1,0,30,0
img_000459.jpg,AIDER_flood_image0153.jpg,v4,2,0,30,0
img_000460.jpg,AIDER_flood_image0154.jpg,v4,0,0,22,10
img_000461.jpg,AIDER_flood_image0154.jpg,v4,1,0,30,10
img_000462.jpg,AIDER_flood_image0154.jpg,v4,2,0,30,10
img_000463.jpg,AIDER_flood_image0155.jpg,v4,0,0,30,52
img_000464.jpg,AIDER_flood_image0155.jpg,v4,1,0,30,52
img_000465.jpg,AIDER_flood_image0155.jpg,v4,2,0,24,52
img_000466.jpg,AIDER_flood_image0156.jpg,v4,0,0,30,181
img_000467.jpg,AIDER_flood_image0156.jpg,v4,1,0,30,181
img_000468.jpg,AIDER_flood_image0156.jpg,v4,2,0,30,181
img_000469.jpg,AIDER_flood_image0157.jpg,v4,0,0,30,0
img_000470.jpg,AIDER_flood_image0157.jpg,v4,1,0,27,0
img_000471.jpg,AIDER_flood_image0157.jpg,v4,2,0,30,0
img_000472.jpg,AIDER_flood_image0158.jpg,v4,0,0,26,0
img_000473.jpg,AIDER_flood_image0158.jpg,v4,1,0,25,0
img_000474.jpg,AIDER_flood_image0158.jpg,v4,2,0,25,0
img_000475.jpg,AIDER_flood_image0159.jpg,v4,0,0,30,101
img_000476.jpg,AIDER_flood_image0159.jpg,v4,1,0,25,101
img_000477.jpg,AIDER_flood_image0159.jpg,v4,2,0,30,101
img_000478.jpg,AIDER_flood_image0160.jpg,v4,0,2,30,164
img_000479.jpg,AIDER_flood_image0160.jpg,v4,1,2,25,164
img_000480.jpg,AIDER_flood_image0160.jpg,v4,2,2,30,164
img_000481.jpg,AIDER_flood_image0161.jpg,v4,0,0,30,0
img_000482.jpg,AIDER_flood_image0161.jpg,v4,1,0,30,0
img_000483.jpg,AIDER_flood_image0161.jpg,v4,2,0,30,0
img_000484.jpg,AIDER_flood_image0162.jpg,v4,0,0,30,0
img_000485.jpg,AIDER_flood_image0162.jpg,v4,1,0,30,0
img_000486.jpg,AIDER_flood_image0162.jpg,v4,2,0,24,0
img_000487.jpg,AIDER_flood_image0163.jpg,v4,0,0,30,0
img_000488.jpg,AIDER_flood_image0163.jpg,v4,1,0,30,0
img_000489.jpg,AIDER_flood_image0163.jpg,v4,2,0,23,0
img_000490.jpg,AIDER_flood_image0164.jpg,v4,0,0,30,0
img_000491.jpg,AIDER_flood_image0164.jpg,v4,1,0,30,0
img_000492.jpg,AIDER_flood_image0164.jpg,v4,2,0,30,0
img_000493.jpg,AIDER_flood_image0165.jpg,v4,0,0,30,38
img_000494.jpg,AIDER_flood_image0165.jpg,v4,1,0,30,38
img_000495.jpg,AIDER_flood_image0165.jpg,v4,2,0,24,38
img_000496.jpg,AIDER_flood_image0166.jpg,v4,0,0,0,547
img_000497.jpg,AIDER_flood_image0166.jpg,v4,1,0,0,547
img_000498.jpg,AIDER_flood_image0166.jpg,v4,2,0,0,547
img_000499.jpg,AIDER_flood_image0167.jpg,v4,0,0,23,0
img_000500.jpg,AIDER_flood_image0167.jpg,v4,1,0,30,0
img_000501.jpg,AIDER_flood_image0167.jpg,v4,2,0,20,0
img_000502.jpg,AIDER_flood_image0168.jpg,v4,0,0,30,0
img_000503.jpg,AIDER_flood_image0168.jpg,v4,1,0,30,0
img_000504.jpg,AIDER_flood_image0168.jpg,v4,2,0,19,0
img_000505.jpg,AIDER_flood_image0169.jpg,v4,0,0,23,208
img_000506.jpg,AIDER_flood_image0169.jpg,v4,1,0,30,208
img_000507.jpg,AIDER_flood_image0169.jpg,v4,2,0,30,208
img_000508.jpg,AIDER_flood_image0170.jpg,v4,0,0,23,0
img_000509.jpg,AIDER_flood_image0170.jpg,v4,1,0,30,0
img_000510.jpg,AIDER_flood_image0170.jpg,v4,2,0,30,0
img_000511.jpg,AIDER_flood_image0171.jpg,v4,0,0,20,32
img_000512.jpg,AIDER_flood_image0171.jpg,v4,1,0,30,32
img_000513.jpg,AIDER_flood_image0171.jpg,v4,2,0,30,32
img_000514.jpg,AIDER_flood_image0172.jpg,v4,0,0,30,0
img_000515.jpg,AIDER_flood_image0172.jpg,v4,1,0,30,0
img_000516.jpg,AIDER_flood_image0172.jpg,v4,2,0,30,0
img_000517.jpg,AIDER_flood_image0173.jpg,v4,0,0,30,0
img_000518.jpg,AIDER_flood_image0173.jpg,v4,1,0,23,0
img_000519.jpg,AIDER_flood_image0173.jpg,v4,2,0,30,0
img_000520.jpg,AIDER_flood_image0174.jpg,v4,0,0,27,0
img_000521.jpg,AIDER_flood_image0174.jpg,v4,1,0,30,0
img_000522.jpg,AIDER_flood_image0174.jpg,v4,2,0,30,0
img_000523.jpg,AIDER_flood_image0175.jpg,v4,0,0,30,0
img_000524.jpg,AIDER_flood_image0175.jpg,v4,1,0,30,0
img_000525.jpg,AIDER_flood_image0175.jpg,v4,2,0,30,0
img_000526.jpg,AIDER_flood_image0176.jpg,v4,0,0,30,0
img_000527.jpg,AIDER_flood_image0176.jpg,v4,1,0,25,0
img_000528.jpg,AIDER_flood_image0176.jpg,v4,2,0,30,0
img_000529.jpg,AIDER_flood_image0177.jpg,v4,0,0,24,0
img_000530.jpg,AIDER_flood_image0177.jpg,v4,1,0,30,0
img_000531.jpg,AIDER_flood_image0177.jpg,v4,2,0,30,0
img_000532.jpg,AIDER_flood_image0178.jpg,v4,0,0,21,0
img_000533.jpg,AIDER_flood_image0178.jpg,v4,1,0,30,0
img_000534.jpg,AIDER_flood_image0178.jpg,v4,2,0,30,0
img_000535.jpg,AIDER_flood_image0179.jpg,v4,0,0,30,0
img_000536.jpg,AIDER_flood_image0179.jpg,v4,1,0,30,0
img_000537.jpg,AIDER_flood_image0179.jpg,v4,2,0,30,0
img_000538.jpg,AIDER_flood_image0180.jpg,v4,0,0,30,0
img_000539.jpg,AIDER_flood_image0180.jpg,v4,1,0,30,0
img_000540.jpg,AIDER_flood_image0180.jpg,v4,2,0,30,0
img_000541.jpg,AIDER_flood_image0181.jpg,v4,0,0,23,0
img_000542.jpg,AIDER_flood_image0181.jpg,v4,1,0,30,0
img_000543.jpg,AIDER_flood_image0181.jpg,v4,2,0,20,0
img_000544.jpg,AIDER_flood_image0182.jpg,v4,0,0,24,0
img_000545.jpg,AIDER_flood_image0182.jpg,v4,1,0,30,0
img_000546.jpg,AIDER_flood_image0182.jpg,v4,2,0,30,0
img_000547.jpg,AIDER_flood_image0183.jpg,v4,0,0,30,0
img_000548.jpg,AIDER_flood_image0183.jpg,v4,1,0,21,0
img_000549.jpg,AIDER_flood_image0183.jpg,v4,2,0,30,0
img_000550.jpg,AIDER_flood_image0184.jpg,v4,0,0,30,0
img_000551.jpg,AIDER_flood_image0184.jpg,v4,1,0,25,0
img_000552.jpg,AIDER_flood_image0184.jpg,v4,2,0,24,0
img_000553.jpg,AIDER_flood_image0185.jpg,v4,0,0,30,0
img_000554.jpg,AIDER_flood_image0185.jpg,v4,1,0,30,0
img_000555.jpg,AIDER_flood_image0185.jpg,v4,2,0,30,0
img_000556.jpg,AIDER_flood_image0186.jpg,v4,0,0,19,0
img_000557.jpg,AIDER_flood_image0186.jpg,v4,1,0,30,0
img_000558.jpg,AIDER_flood_image0186.jpg,v4,2,0,30,0
img_000559.jpg,AIDER_flood_image0187.jpg,v4,0,0,30,0
img_000560.jpg,AIDER_flood_image0187.jpg,v4,1,0,30,0
img_000561.jpg,AIDER_flood_image0187.jpg,v4,2,0,30,0
img_000562.jpg,AIDER_flood_image0188.jpg,v4,0,0,30,314
img_000563.jpg,AIDER_flood_image0188.jpg,v4,1,0,30,314
img_000564.jpg,AIDER_flood_image0188.jpg,v4,2,0,24,314
img_000565.jpg,AIDER_flood_image0189.jpg,v4,0,0,30,0
img_000566.jpg,AIDER_flood_image0189.jpg,v4,1,0,30,0
img_000567.jpg,AIDER_flood_image0189.jpg,v4,2,0,30,0
img_000568.jpg,AIDER_flood_image0190.jpg,v4,0,6,30,0
img_000569.jpg,AIDER_flood_image0190.jpg,v4,1,6,30,0
img_000570.jpg,AIDER_flood_image0190.jpg,v4,2,6,30,0
img_000571.jpg,AIDER_flood_image0191.jpg,v4,0,0,30,0
img_000572.jpg,AIDER_flood_image0191.jpg,v4,1,0,30,0
img_000573.jpg,AIDER_flood_image0191.jpg,v4,2,0,30,0
img_000574.jpg,AIDER_flood_image0192.jpg,v4,0,0,17,512
img_000575.jpg,AIDER_flood_image0192.jpg,v4,1,0,30,512
img_000576.jpg,AIDER_flood_image0192.jpg,v4,2,0,30,512
img_000577.jpg,AIDER_flood_image0193.jpg,v4,0,0,27,0
img_000578.jpg,AIDER_flood_image0193.jpg,v4,1,0,26,0
img_000579.jpg,AIDER_flood_image0193.jpg,v4,2,0,30,0
img_000580.jpg,AIDER_flood_image0194.jpg,v4,0,0,30,0
img_000581.jpg,AIDER_flood_image0194.jpg,v4,1,0,30,0
img_000582.jpg,AIDER_flood_image0194.jpg,v4,2,0,30,0
img_000583.jpg,AIDER_flood_image0195.jpg,v4,0,0,30,0
img_000584.jpg,AIDER_flood_image0195.jpg,v4,1,0,30,0
img_000585.jpg,AIDER_flood_image0195.jpg,v4,2,0,30,0
img_000586.jpg,AIDER_flood_image0196.jpg,v4,0,1,21,188
img_000587.jpg,AIDER_flood_image0196.jpg,v4,1,1,30,188
img_000588.jpg,AIDER_flood_image0196.jpg,v4,2,1,30,188
img_000589.jpg,AIDER_flood_image0197.jpg,v4,0,0,30,23
img_000590.jpg,AIDER_flood_image0197.jpg,v4,1,0,30,23
img_000591.jpg,AIDER_flood_image0197.jpg,v4,2,0,30,23
img_000592.jpg,AIDER_flood_image0198.jpg,v4,0,0,30,399
img_000593.jpg,AIDER_flood_image0198.jpg,v4,1,0,30,399
img_000594.jpg,AIDER_flood_image0198.jpg,v4,2,0,27,399
img_000595.jpg,AIDER_flood_image0199.jpg,v4,0,1,24,0
img_000596.jpg,AIDER_flood_image0199.jpg,v4,1,1,30,0
img_000597.jpg,AIDER_flood_image0199.jpg,v4,2,1,30,0
img_000598.jpg,AIDER_flood_image0200.jpg,v4,0,1,30,0
img_000599.jpg,AIDER_flood_image0200.jpg,v4,1,1,30,0
img_000600.jpg,AIDER_flood_image0200.jpg,v4,2,1,30,0
img_000601.jpg,AIDER_flood_image0201.jpg,v4,0,0,17,0
img_000602.jpg,AIDER_flood_image0201.jpg,v4,1,0,30,0
img_000603.jpg,AIDER_flood_image0201.jpg,v4,2,0,21,0
img_000604.jpg,AIDER_flood_image0202.jpg,v4,0,0,30,3
img_000605.jpg,AIDER_flood_image0202.jpg,v4,1,0,30,3
img_000606.jpg,AIDER_flood_image0202.jpg,v4,2,0,30,3
img_000607.jpg,AIDER_flood_image0203.jpg,v4,0,0,30,25
img_000608.jpg,AIDER_flood_image0203.jpg,v4,1,0,30,25
img_000609.jpg,AIDER_flood_image0203.jpg,v4,2,0,30,25
img_000610.jpg,AIDER_flood_image0204.jpg,v4,0,0,30,215
img_000611.jpg,AIDER_flood_image0204.jpg,v4,1,0,30,215
img_000612.jpg,AIDER_flood_image0204.jpg,v4,2,0,27,215
img_000613.jpg,AIDER_flood_image0205.jpg,v4,0,0,30,2
img_000614.jpg,AIDER_flood_image0205.jpg,v4,1,0,30,2
img_000615.jpg,AIDER_flood_image0205.jpg,v4,2,0,30,2
img_000616.jpg,AIDER_flood_image0206.jpg,v4,0,0,30,0
img_000617.jpg,AIDER_flood_image0206.jpg,v4,1,0,30,0
img_000618.jpg,AIDER_flood_image0206.jpg,v4,2,0,21,0
img_000619.jpg,AIDER_flood_image0207.jpg,v4,0,0,30,0
img_000620.jpg,AIDER_flood_image0207.jpg,v4,1,0,25,0
img_000621.jpg,AIDER_flood_image0207.jpg,v4,2,0,30,0
img_000622.jpg,AIDER_flood_image0208.jpg,v4,0,0,30,23
img_000623.jpg,AIDER_flood_image0208.jpg,v4,1,0,30,23
img_000624.jpg,AIDER_flood_image0208.jpg,v4,2,0,30,23
img_000625.jpg,AIDER_flood_image0209.jpg,v4,0,0,30,0
img_000626.jpg,AIDER_flood_image0209.jpg,v4,1,0,30,0
img_000627.jpg,AIDER_flood_image0209.jpg,v4,2,0,30,0
img_000628.jpg,AIDER_flood_image0210.jpg,v4,0,0,30,74
img_000629.jpg,AIDER_flood_image0210.jpg,v4,1,0,30,74
img_000630.jpg,AIDER_flood_image0210.jpg,v4,2,0,30,74
img_000631.jpg,AIDER_flood_image0211.jpg,v4,0,0,22,93
img_000632.jpg,AIDER_flood_image0211.jpg,v4,1,0,30,93
img_000633.jpg,AIDER_flood_image0211.jpg,v4,2,0,30,93
img_000634.jpg,AIDER_flood_image0212.jpg,v4,0,0,30,39
img_000635.jpg,AIDER_flood_image0212.jpg,v4,1,0,30,39
img_000636.jpg,AIDER_flood_image0212.jpg,v4,2,0,30,39
img_000637.jpg,AIDER_flood_image0213.jpg,v4,0,0,23,0
img_000638.jpg,AIDER_flood_image0213.jpg,v4,1,0,18,0
img_000639.jpg,AIDER_flood_image0213.jpg,v4,2,0,30,0
img_000640.jpg,AIDER_flood_image0214.jpg,v4,0,0,30,0
img_000641.jpg,AIDER_flood_image0214.jpg,v4,1,0,26,0
img_000642.jpg,AIDER_flood_image0214.jpg,v4,2,0,30,0
img_000643.jpg,AIDER_flood_image0215.jpg,v4,0,0,30,0
img_000644.jpg,AIDER_flood_image0215.jpg,v4,1,0,24,0
img_000645.jpg,AIDER_flood_image0215.jpg,v4,2,0,30,0
img_000646.jpg,AIDER_flood_image0216.jpg,v4,0,0,30,0
img_000647.jpg,AIDER_flood_image0216.jpg,v4,1,0,30,0
img_000648.jpg,AIDER_flood_image0216.jpg,v4,2,0,30,0
img_000649.jpg,AIDER_flood_image0217.jpg,v4,0,0,30,21
img_000650.jpg,AIDER_flood_image0217.jpg,v4,1,0,30,21
img_000651.jpg,AIDER_flood_image0217.jpg,v4,2,0,30,21
img_000652.jpg,AIDER_flood_image0218.jpg,v4,0,0,30,0
img_000653.jpg,AIDER_flood_image0218.jpg,v4,1,0,30,0
img_000654.jpg,AIDER_flood_image0218.jpg,v4,2,0,30,0
img_000655.jpg,AIDER_flood_image0219.jpg,v4,0,0,30,0
img_000656.jpg,AIDER_flood_image0219.jpg,v4,1,0,30,0
img_000657.jpg,AIDER_flood_image0219.jpg,v4,2,0,30,0
img_000658.jpg,AIDER_flood_image0220.jpg,v4,0,0,30,0
img_000659.jpg,AIDER_flood_image0220.jpg,v4,1,0,26,0
img_000660.jpg,AIDER_flood_image0220.jpg,v4,2,0,30,0
img_000661.jpg,AIDER_flood_image0221.jpg,v4,0,0,30,0
img_000662.jpg,AIDER_flood_image0221.jpg,v4,1,0,24,0
img_000663.jpg,AIDER_flood_image0221.jpg,v4,2,0,30,0
img_000664.jpg,AIDER_flood_image0222.jpg,v4,0,0,30,33
img_000665.jpg,AIDER_flood_image0222.jpg,v4,1,0,30,33
img_000666.jpg,AIDER_flood_image0222.jpg,v4,2,0,30,33
img_000667.jpg,AIDER_flood_image0223.jpg,v4,0,0,30,0
img_000668.jpg,AIDER_flood_image0223.jpg,v4,1,0,30,0
img_000669.jpg,AIDER_flood_image0223.jpg,v4,2,0,30,0
img_000670.jpg,AIDER_flood_image0224.jpg,v4,0,0,21,50
img_000671.jpg,AIDER_flood_image0224.jpg,v4,1,0,23,50
img_000672.jpg,AIDER_flood_image0224.jpg,v4,2,0,30,50
img_000673.jpg,AIDER_flood_image0225.jpg,v4,0,0,30,101
img_000674.jpg,AIDER_flood_image0225.jpg,v4,1,0,22,101
img_000675.jpg,AIDER_flood_image0225.jpg,v4,2,0,30,101
img_000676.jpg,AIDER_flood_image0226.jpg,v4,0,0,30,0
img_000677.jpg,AIDER_flood_image0226.jpg,v4,1,0,30,0
img_000678.jpg,AIDER_flood_image0226.jpg,v4,2,0,30,0
img_000679.jpg,AIDER_flood_image0227.jpg,v4,0,0,23,0
img_000680.jpg,AIDER_flood_image0227.jpg,v4,1,0,30,0
img_000681.jpg,AIDER_flood_image0227.jpg,v4,2,0,30,0
img_000682.jpg,AIDER_flood_image0228.jpg,v4,0,0,30,43
img_000683.jpg,AIDER_flood_image0228.jpg,v4,1,0,30,43
img_000684.jpg,AIDER_flood_image0228.jpg,v4,2,0,30,43
img_000685.jpg,AIDER_flood_image0229.jpg,v4,0,0,30,0
img_000686.jpg,AIDER_flood_image0229.jpg,v4,1,0,30,0
img_000687.jpg,AIDER_flood_image0229.jpg,v4,2,0,30,0
img_000688.jpg,AIDER_flood_image0230.jpg,v4,0,0,30,0
img_000689.jpg,AIDER_flood_image0230.jpg,v4,1,0,30,0
img_000690.jpg,AIDER_flood_image0230.jpg,v4,2,0,30,0
img_000691.jpg,AIDER_flood_image0231.jpg,v4,0,0,30,0
img_000692.jpg,AIDER_flood_image0231.jpg,v4,1,0,30,0
img_000693.jpg,AIDER_flood_image0231.jpg,v4,2,0,24,0
img_000694.jpg,AIDER_flood_image0232.jpg,v4,0,0,30,0
img_000695.jpg,AIDER_flood_image0232.jpg,v4,1,0,30,0
img_000696.jpg,AIDER_flood_image0232.jpg,v4,2,0,30,0
img_000697.jpg,AIDER_flood_image0233.jpg,v4,0,0,30,0
img_000698.jpg,AIDER_flood_image0233.jpg,v4,1,0,30,0
img_000699.jpg,AIDER_flood_image0233.jpg,v4,2,0,30,0
img_000700.jpg,AIDER_flood_image0234.jpg,v4,0,1,30,122
img_000701.jpg,AIDER_flood_image0234.jpg,v4,1,1,30,122
img_000702.jpg,AIDER_flood_image0234.jpg,v4,2,1,30,122
img_000703.jpg,AIDER_flood_image0235.jpg,v4,0,0,24,9
img_000704.jpg,AIDER_flood_image0235.jpg,v4,1,0,30,9
img_000705.jpg,AIDER_flood_image0235.jpg,v4,2,0,25,9
img_000706.jpg,AIDER_flood_image0236.jpg,v4,0,0,30,0
img_000707.jpg,AIDER_flood_image0236.jpg,v4,1,0,30,0
img_000708.jpg,AIDER_flood_image0236.jpg,v4,2,0,30,0
img_000709.jpg,AIDER_flood_image0237.jpg,v4,0,0,30,88
img_000710.jpg,AIDER_flood_image0237.jpg,v4,1,0,30,88
img_000711.jpg,AIDER_flood_image0237.jpg,v4,2,0,30,88
img_000712.jpg,AIDER_flood_image0238.jpg,v4,0,0,24,0
img_000713.jpg,AIDER_flood_image0238.jpg,v4,1,0,30,0
img_000714.jpg,AIDER_flood_image0238.jpg,v4,2,0,27,0
img_000715.jpg,AIDER_flood_image0239.jpg,v4,0,0,30,0
img_000716.jpg,AIDER_flood_image0239.jpg,v4,1,0,24,0
img_000717.jpg,AIDER_flood_image0239.jpg,v4,2,0,30,0
img_000718.jpg,AIDER_flood_image0240.jpg,v4,0,0,24,0
img_000719.jpg,AIDER_flood_image0240.jpg,v4,1,0,30,0
img_000720.jpg,AIDER_flood_image0240.jpg,v4,2,0,30,0
img_000721.jpg,AIDER_flood_image0241.jpg,v4,0,0,30,0
img_000722.jpg,AIDER_flood_image0241.jpg,v4,1,0,26,0
img_000723.jpg,AIDER_flood_image0241.jpg,v4,2,0,30,0
img_000724.jpg,AIDER_flood_image0242.jpg,v4,0,1,30,0
img_000725.jpg,AIDER_flood_image0242.jpg,v4,1,1,30,0
img_000726.jpg,AIDER_flood_image0242.jpg,v4,2,1,30,0
img_000727.jpg,AIDER_flood_image0243.jpg,v4,0,0,30,311
img_000728.jpg,AIDER_flood_image0243.jpg,v4,1,0,19,311
img_000729.jpg,AIDER_flood_image0243.jpg,v4,2,0,30,311
img_000730.jpg,AIDER_flood_image0244.jpg,v4,0,0,30,15
img_000731.jpg,AIDER_flood_image0244.jpg,v4,1,0,21,15
img_000732.jpg,AIDER_flood_image0244.jpg,v4,2,0,30,15
img_000733.jpg,AIDER_flood_image0245.jpg,v4,0,0,30,0
img_000734.jpg,AIDER_flood_image0245.jpg,v4,1,0,23,0
img_000735.jpg,AIDER_flood_image0245.jpg,v4,2,0,30,0
img_000736.jpg,AIDER_flood_image0246.jpg,v4,0,0,30,0
img_000737.jpg,AIDER_flood_image0246.jpg,v4,1,0,30,0
img_000738.jpg,AIDER_flood_image0246.jpg,v4,2,0,24,0
img_000739.jpg,AIDER_flood_image0247.jpg,v4,0,0,30,0
img_000740.jpg,AIDER_flood_image0247.jpg,v4,1,0,22,0
img_000741.jpg,AIDER_flood_image0247.jpg,v4,2,0,30,0
img_000742.jpg,AIDER_flood_image0248.jpg,v4,0,0,30,0
img_000743.jpg,AIDER_flood_image0248.jpg,v4,1,0,23,0
img_000744.jpg,AIDER_flood_image0248.jpg,v4,2,0,30,0
img_000745.jpg,AIDER_flood_image0249.jpg,v4,0,0,30,0
img_000746.jpg,AIDER_flood_image0249.jpg,v4,1,0,30,0
img_000747.jpg,AIDER_flood_image0249.jpg,v4,2,0,30,0
img_000748.jpg,AIDER_flood_image0250.jpg,v4,0,0,30,0
img_000749.jpg,AIDER_flood_image0250.jpg,v4,1,0,30,0
img_000750.jpg,AIDER_flood_image0250.jpg,v4,2,0,30,0
img_000751.jpg,AIDER_flood_image0251.jpg,v4,0,0,30,27
img_000752.jpg,AIDER_flood_image0251.jpg,v4,1,0,30,27
img_000753.jpg,AIDER_flood_image0251.jpg,v4,2,0,30,27
img_000754.jpg,AIDER_flood_image0252.jpg,v4,0,0,30,16
img_000755.jpg,AIDER_flood_image0252.jpg,v4,1,0,30,16
img_000756.jpg,AIDER_flood_image0252.jpg,v4,2,0,30,16
img_000757.jpg,AIDER_flood_image0253.jpg,v4,0,0,30,0
img_000758.jpg,AIDER_flood_image0253.jpg,v4,1,0,30,0
img_000759.jpg,AIDER_flood_image0253.jpg,v4,2,0,30,0
img_000760.jpg,AIDER_flood_image0254.jpg,v4,0,0,30,0
img_000761.jpg,AIDER_flood_image0254.jpg,v4,1,0,30,0
img_000762.jpg,AIDER_flood_image0254.jpg,v4,2,0,30,0
img_000763.jpg,AIDER_flood_image0255.jpg,v4,0,0,30,23
img_000764.jpg,AIDER_flood_image0255.jpg,v4,1,0,30,23
img_000765.jpg,AIDER_flood_image0255.jpg,v4,2,0,30,23
img_000766.jpg,AIDER_flood_image0256.jpg,v4,0,0,21,162
img_000767.jpg,AIDER_flood_image0256.jpg,v4,1,0,30,162
img_000768.jpg,AIDER_flood_image0256.jpg,v4,2,0,30,162
img_000769.jpg,AIDER_flood_image0257.jpg,v4,0,0,21,35
img_000770.jpg,AIDER_flood_image0257.jpg,v4,1,0,23,35
img_000771.jpg,AIDER_flood_image0257.jpg,v4,2,0,30,35
img_000772.jpg,AIDER_flood_image0258.jpg,v4,0,0,27,0
img_000773.jpg,AIDER_flood_image0258.jpg,v4,1,0,30,0
img_000774.jpg,AIDER_flood_image0258.jpg,v4,2,0,30,0
img_000775.jpg,AIDER_flood_image0259.jpg,v4,0,0,19,0
img_000776.jpg,AIDER_flood_image0259.jpg,v4,1,0,30,0
img_000777.jpg,AIDER_flood_image0259.jpg,v4,2,0,30,0
img_000778.jpg,AIDER_flood_image0260.jpg,v4,0,0,30,0
img_000779.jpg,AIDER_flood_image0260.jpg,v4,1,0,30,0
img_000780.jpg,AIDER_flood_image0260.jpg,v4,2,0,27,0
img_000781.jpg,AIDER_flood_image0261.jpg,v4,0,0,30,0
img_000782.jpg,AIDER_flood_image0261.jpg,v4,1,0,30,0
img_000783.jpg,AIDER_flood_image0261.jpg,v4,2,0,30,0
img_000784.jpg,AIDER_flood_image0262.jpg,v4,0,0,30,0
img_000785.jpg,AIDER_flood_image0262.jpg,v4,1,0,30,0
img_000786.jpg,AIDER_flood_image0262.jpg,v4,2,0,23,0
img_000787.jpg,AIDER_flood_image0263.jpg,v4,0,0,30,0
img_000788.jpg,AIDER_flood_image0263.jpg,v4,1,0,30,0
img_000789.jpg,AIDER_flood_image0263.jpg,v4,2,0,30,0
img_000790.jpg,AIDER_flood_image0264.jpg,v4,0,0,30,30
img_000791.jpg,AIDER_flood_image0264.jpg,v4,1,0,30,30
img_000792.jpg,AIDER_flood_image0264.jpg,v4,2,0,30,30
img_000793.jpg,AIDER_flood_image0265.jpg,v4,0,0,30,0
img_000794.jpg,AIDER_flood_image0265.jpg,v4,1,0,21,0
img_000795.jpg,AIDER_flood_image0265.jpg,v4,2,0,30,0
img_000796.jpg,AIDER_flood_image0266.jpg,v4,0,0,30,0
img_000797.jpg,AIDER_flood_image0266.jpg,v4,1,0,30,0
img_000798.jpg,AIDER_flood_image0266.jpg,v4,2,0,27,0
img_000799.jpg,AIDER_flood_image0267.jpg,v4,0,0,30,0
img_000800.jpg,AIDER_flood_image0267.jpg,v4,1,0,30,0
img_000801.jpg,AIDER_flood_image0267.jpg,v4,2,0,30,0
img_000802.jpg,AIDER_flood_image0268.jpg,v4,0,0,30,0
img_000803.jpg,AIDER_flood_image0268.jpg,v4,1,0,30,0
img_000804.jpg,AIDER_flood_image0268.jpg,v4,2,0,30,0
img_000805.jpg,AIDER_flood_image0269.jpg,v4,0,0,30,0
img_000806.jpg,AIDER_flood_image0269.jpg,v4,1,0,25,0
img_000807.jpg,AIDER_flood_image0269.jpg,v4,2,0,30,0
img_000808.jpg,AIDER_flood_image0270.jpg,v4,0,0,30,65
img_000809.jpg,AIDER_flood_image0270.jpg,v4,1,0,30,65
img_000810.jpg,AIDER_flood_image0270.jpg,v4,2,0,30,65
img_000811.jpg,AIDER_flood_image0271.jpg,v4,0,0,30,0
img_000812.jpg,AIDER_flood_image0271.jpg,v4,1,0,16,0
img_000813.jpg,AIDER_flood_image0271.jpg,v4,2,0,30,0
img_000814.jpg,AIDER_flood_image0272.jpg,v4,0,0,30,0
img_000815.jpg,AIDER_flood_image0272.jpg,v4,1,0,30,0
img_000816.jpg,AIDER_flood_image0272.jpg,v4,2,0,25,0
img_000817.jpg,AIDER_flood_image0273.jpg,v4,0,1,30,0
img_000818.jpg,AIDER_flood_image0273.jpg,v4,1,1,30,0
img_000819.jpg,AIDER_flood_image0273.jpg,v4,2,1,30,0
img_000820.jpg,AIDER_flood_image0274.jpg,v4,0,0,30,0
img_000821.jpg,AIDER_flood_image0274.jpg,v4,1,0,30,0
img_000822.jpg,AIDER_flood_image0274.jpg,v4,2,0,30,0
img_000823.jpg,AIDER_flood_image0275.jpg,v4,0,1,30,0
img_000824.jpg,AIDER_flood_image0275.jpg,v4,1,1,30,0
img_000825.jpg,AIDER_flood_image0275.jpg,v4,2,1,30,0
img_000826.jpg,AIDER_flood_image0276.jpg,v4,0,0,30,3
img_000827.jpg,AIDER_flood_image0276.jpg,v4,1,0,30,3
img_000828.jpg,AIDER_flood_image0276.jpg,v4,2,0,18,3
img_000829.jpg,AIDER_flood_image0277.jpg,v4,0,0,30,11
img_000830.jpg,AIDER_flood_image0277.jpg,v4,1,0,30,11
img_000831.jpg,AIDER_flood_image0277.jpg,v4,2,0,30,11
img_000832.jpg,AIDER_flood_image0278.jpg,v4,0,0,16,202
img_000833.jpg,AIDER_flood_image0278.jpg,v4,1,0,19,202
img_000834.jpg,AIDER_flood_image0278.jpg,v4,2,0,30,202
img_000835.jpg,AIDER_flood_image0279.jpg,v4,0,0,9,148
img_000836.jpg,AIDER_flood_image0279.jpg,v4,1,0,30,148
img_000837.jpg,AIDER_flood_image0279.jpg,v4,2,0,30,148
img_000838.jpg,AIDER_flood_image0280.jpg,v4,0,2,30,0
img_000839.jpg,AIDER_flood_image0280.jpg,v4,1,2,30,0
img_000840.jpg,AIDER_flood_image0280.jpg,v4,2,2,30,0
img_000841.jpg,AIDER_flood_image0281.jpg,v4,0,0,30,260
img_000842.jpg,AIDER_flood_image0281.jpg,v4,1,0,30,260
img_000843.jpg,AIDER_flood_image0281.jpg,v4,2,0,0,260
img_000844.jpg,AIDER_flood_image0282.jpg,v4,0,0,30,0
img_000845.jpg,AIDER_flood_image0282.jpg,v4,1,0,30,0
img_000846.jpg,AIDER_flood_image0282.jpg,v4,2,0,30,0
img_000847.jpg,AIDER_flood_image0283.jpg,v4,0,0,30,0
img_000848.jpg,AIDER_flood_image0283.jpg,v4,1,0,24,0
img_000849.jpg,AIDER_flood_image0283.jpg,v4,2,0,30,0
img_000850.jpg,AIDER_flood_image0284.jpg,v4,0,0,30,135
img_000851.jpg,AIDER_flood_image0284.jpg,v4,1,0,30,135
img_000852.jpg,AIDER_flood_image0284.jpg,v4,2,0,30,135
img_000853.jpg,AIDER_flood_image0285.jpg,v4,0,0,30,14
img_000854.jpg,AIDER_flood_image0285.jpg,v4,1,0,30,14
img_000855.jpg,AIDER_flood_image0285.jpg,v4,2,0,30,14
img_000856.jpg,AIDER_flood_image0286.jpg,v4,0,0,30,0
img_000857.jpg,AIDER_flood_image0286.jpg,v4,1,0,30,0
img_000858.jpg,AIDER_flood_image0286.jpg,v4,2,0,30,0
img_000859.jpg,AIDER_flood_image0287.jpg,v4,0,0,30,0
img_000860.jpg,AIDER_flood_image0287.jpg,v4,1,0,30,0
img_000861.jpg,AIDER_flood_image0287.jpg,v4,2,0,30,0
img_000862.jpg,AIDER_flood_image0288.jpg,v4,0,0,30,10
img_000863.jpg,AIDER_flood_image0288.jpg,v4,1,0,30,10
img_000864.jpg,AIDER_flood_image0288.jpg,v4,2,0,30,10
img_000865.jpg,AIDER_flood_image0289.jpg,v4,0,0,30,0
img_000866.jpg,AIDER_flood_image0289.jpg,v4,1,0,30,0
img_000867.jpg,AIDER_flood_image0289.jpg,v4,2,0,30,0
img_000868.jpg,AIDER_flood_image0290.jpg,v4,0,0,30,77
img_000869.jpg,AIDER_flood_image0290.jpg,v4,1,0,30,77
img_000870.jpg,AIDER_flood_image0290.jpg,v4,2,0,23,77
img_000871.jpg,AIDER_flood_image0291.jpg,v4,0,0,30,0
img_000872.jpg,AIDER_flood_image0291.jpg,v4,1,0,30,0
img_000873.jpg,AIDER_flood_image0291.jpg,v4,2,0,30,0
img_000874.jpg,AIDER_flood_image0292.jpg,v4,0,0,30,0
img_000875.jpg,AIDER_flood_image0292.jpg,v4,1,0,30,0
img_000876.jpg,AIDER_flood_image0292.jpg,v4,2,0,30,0
img_000877.jpg,AIDER_flood_image0293.jpg,v4,0,0,30,0
img_000878.jpg,AIDER_flood_image0293.jpg,v4,1,0,30,0
img_000879.jpg,AIDER_flood_image0293.jpg,v4,2,0,22,0
img_000880.jpg,AIDER_flood_image0294.jpg,v4,0,0,19,0
img_000881.jpg,AIDER_flood_image0294.jpg,v4,1,0,30,0
img_000882.jpg,AIDER_flood_image0294.jpg,v4,2,0,30,0
img_000883.jpg,AIDER_flood_image0295.jpg,v4,0,0,30,0
img_000884.jpg,AIDER_flood_image0295.jpg,v4,1,0,30,0
img_000885.jpg,AIDER_flood_image0295.jpg,v4,2,0,23,0
img_000886.jpg,AIDER_flood_image0296.jpg,v4,0,0,30,4
img_000887.jpg,AIDER_flood_image0296.jpg,v4,1,0,30,4
img_000888.jpg,AIDER_flood_image0296.jpg,v4,2,0,30,4
img_000889.jpg,AIDER_flood_image0297.jpg,v4,0,0,30,39
img_000890.jpg,AIDER_flood_image0297.jpg,v4,1,0,30,39
img_000891.jpg,AIDER_flood_image0297.jpg,v4,2,0,30,39
img_000892.jpg,AIDER_flood_image0298.jpg,v4,0,0,30,0
img_000893.jpg,AIDER_flood_image0298.jpg,v4,1,0,30,0
img_000894.jpg,AIDER_flood_image0298.jpg,v4,2,0,26,0
img_000895.jpg,AIDER_flood_image0299.jpg,v4,0,0,30,0
img_000896.jpg,AIDER_flood_image0299.jpg,v4,1,0,30,0
img_000897.jpg,AIDER_flood_image0299.jpg,v4,2,0,30,0
img_000898.jpg,AIDER_flood_image0300.jpg,v4,0,0,30,17
img_000899.jpg,AIDER_flood_image0300.jpg,v4,1,0,30,17
img_000900.jpg,AIDER_flood_image0300.jpg,v4,2,0,30,17
img_000901.jpg,AIDER_flood_image0301.jpg,v4,0,0,30,33
img_000902.jpg,AIDER_flood_image0301.jpg,v4,1,0,30,33
img_000903.jpg,AIDER_flood_image0301.jpg,v4,2,0,26,33
img_000904.jpg,AIDER_flood_image0302.jpg,v4,0,0,30,0
img_000905.jpg,AIDER_flood_image0302.jpg,v4,1,0,30,0
img_000906.jpg,AIDER_flood_image0302.jpg,v4,2,0,25,0
img_000907.jpg,AIDER_flood_image0303.jpg,v4,0,0,30,168
img_000908.jpg,AIDER_flood_image0303.jpg,v4,1,0,30,168
img_000909.jpg,AIDER_flood_image0303.jpg,v4,2,0,30,168
img_000910.jpg,AIDER_flood_image0304.jpg,v4,0,0,30,0
img_000911.jpg,AIDER_flood_image0304.jpg,v4,1,0,30,0
img_000912.jpg,AIDER_flood_image0304.jpg,v4,2,0,30,0
img_000913.jpg,AIDER_flood_image0305.jpg,v4,0,0,30,17
img_000914.jpg,AIDER_flood_image0305.jpg,v4,1,0,30,17
img_000915.jpg,AIDER_flood_image0305.jpg,v4,2,0,30,17
img_000916.jpg,AIDER_flood_image0306.jpg,v4,0,0,22,0
img_000917.jpg,AIDER_flood_image0306.jpg,v4,1,0,30,0
img_000918.jpg,AIDER_flood_image0306.jpg,v4,2,0,30,0
img_000919.jpg,AIDER_flood_image0307.jpg,v4,0,0,30,0
img_000920.jpg,AIDER_flood_image0307.jpg,v4,1,0,30,0
img_000921.jpg,AIDER_flood_image0307.jpg,v4,2,0,30,0
img_000922.jpg,AIDER_flood_image0308.jpg,v4,0,0,30,0
img_000923.jpg,AIDER_flood_image0308.jpg,v4,1,0,30,0
img_000924.jpg,AIDER_flood_image0308.jpg,v4,2,0,30,0
img_000925.jpg,AIDER_flood_image0309.jpg,v4,0,0,24,0
img_000926.jpg,AIDER_flood_image0309.jpg,v4,1,0,23,0
img_000927.jpg,AIDER_flood_image0309.jpg,v4,2,0,30,0
img_000928.jpg,AIDER_flood_image0310.jpg,v4,0,0,30,63
img_000929.jpg,AIDER_flood_image0310.jpg,v4,1,0,30,63
img_000930.jpg,AIDER_flood_image0310.jpg,v4,2,0,30,63
img_000931.jpg,AIDER_flood_image0311.jpg,v4,0,0,26,38
img_000932.jpg,AIDER_flood_image0311.jpg,v4,1,0,30,38
img_000933.jpg,AIDER_flood_image0311.jpg,v4,2,0,30,38
img_000934.jpg,AIDER_flood_image0312.jpg,v4,0,0,30,0
img_000935.jpg,AIDER_flood_image0312.jpg,v4,1,0,30,0
img_000936.jpg,AIDER_flood_image0312.jpg,v4,2,0,30,0
img_000937.jpg,AIDER_flood_image0313.jpg,v4,0,0,30,33
img_000938.jpg,AIDER_flood_image0313.jpg,v4,1,0,30,33
img_000939.jpg,AIDER_flood_image0313.jpg,v4,2,0,30,33
img_000940.jpg,AIDER_flood_image0314.jpg,v4,0,0,30,0
img_000941.jpg,AIDER_flood_image0314.jpg,v4,1,0,30,0
img_000942.jpg,AIDER_flood_image0314.jpg,v4,2,0,24,0
img_000943.jpg,AIDER_flood_image0315.jpg,v4,0,0,30,0
img_000944.jpg,AIDER_flood_image0315.jpg,v4,1,0,22,0
img_000945.jpg,AIDER_flood_image0315.jpg,v4,2,0,23,0
img_000946.jpg,AIDER_flood_image0316.jpg,v4,0,0,30,0
img_000947.jpg,AIDER_flood_image0316.jpg,v4,1,0,30,0
img_000948.jpg,AIDER_flood_image0316.jpg,v4,2,0,30,0
img_000949.jpg,AIDER_flood_image0317.jpg,v4,0,0,30,22
img_000950.jpg,AIDER_flood_image0317.jpg,v4,1,0,30,22
img_000951.jpg,AIDER_flood_image0317.jpg,v4,2,0,30,22
img_000952.jpg,AIDER_flood_image0318.jpg,v4,0,0,30,0
img_000953.jpg,AIDER_flood_image0318.jpg,v4,1,0,30,0
img_000954.jpg,AIDER_flood_image0318.jpg,v4,2,0,23,0
img_000955.jpg,AIDER_flood_image0319.jpg,v4,0,0,30,0
img_000956.jpg,AIDER_flood_image0319.jpg,v4,1,0,30,0
img_000957.jpg,AIDER_flood_image0319.jpg,v4,2,0,30,0
img_000958.jpg,AIDER_flood_image0320.jpg,v4,0,0,30,61
img_000959.jpg,AIDER_flood_image0320.jpg,v4,1,0,30,61
img_000960.jpg,AIDER_flood_image0320.jpg,v4,2,0,22,61
img_000961.jpg,AIDER_flood_image0321.jpg,v4,0,0,22,0
img_000962.jpg,AIDER_flood_image0321.jpg,v4,1,0,21,0
img_000963.jpg,AIDER_flood_image0321.jpg,v4,2,0,30,0
img_000964.jpg,AIDER_flood_image0322.jpg,v4,0,0,30,163
img_000965.jpg,AIDER_flood_image0322.jpg,v4,1,0,30,163
img_000966.jpg,AIDER_flood_image0322.jpg,v4,2,0,23,163
img_000967.jpg,AIDER_flood_image0323.jpg,v4,0,0,30,0
img_000968.jpg,AIDER_flood_image0323.jpg,v4,1,0,30,0
img_000969.jpg,AIDER_flood_image0323.jpg,v4,2,0,30,0
img_000970.jpg,AIDER_flood_image0324.jpg,v4,0,0,30,0
img_000971.jpg,AIDER_flood_image0324.jpg,v4,1,0,30,0
img_000972.jpg,AIDER_flood_image0324.jpg,v4,2,0,24,0
img_000973.jpg,AIDER_flood_image0325.jpg,v4,0,0,30,106
img_000974.jpg,AIDER_flood_image0325.jpg,v4,1,0,30,106
img_000975.jpg,AIDER_flood_image0325.jpg,v4,2,0,30,106
img_000976.jpg,AIDER_flood_image0326.jpg,v4,0,0,27,0
img_000977.jpg,AIDER_flood_image0326.jpg,v4,1,0,30,0
img_000978.jpg,AIDER_flood_image0326.jpg,v4,2,0,30,0
img_000979.jpg,AIDER_flood_image0327.jpg,v4,0,0,30,0
img_000980.jpg,AIDER_flood_image0327.jpg,v4,1,0,30,0
img_000981.jpg,AIDER_flood_image0327.jpg,v4,2,0,30,0
img_000982.jpg,AIDER_flood_image0328.jpg,v4,0,0,30,0
img_000983.jpg,AIDER_flood_image0328.jpg,v4,1,0,30,0
img_000984.jpg,AIDER_flood_image0328.jpg,v4,2,0,30,0
img_000985.jpg,AIDER_flood_image0329.jpg,v4,0,0,30,0
img_000986.jpg,AIDER_flood_image0329.jpg,v4,1,0,24,0
img_000987.jpg,AIDER_flood_image0329.jpg,v4,2,0,30,0
img_000988.jpg,AIDER_flood_image0330.jpg,v4,0,0,30,0
img_000989.jpg,AIDER_flood_image0330.jpg,v4,1,0,30,0
img_000990.jpg,AIDER_flood_image0330.jpg,v4,2,0,30,0
img_000991.jpg,AIDER_flood_image0331.jpg,v4,0,0,30,0
img_000992.jpg,AIDER_flood_image0331.jpg,v4,1,0,30,0
img_000993.jpg,AIDER_flood_image0331.jpg,v4,2,0,30,0
img_000994.jpg,AIDER_flood_image0332.jpg,v4,0,0,30,6
img_000995.jpg,AIDER_flood_image0332.jpg,v4,1,0,26,6
img_000996.jpg,AIDER_flood_image0332.jpg,v4,2,0,30,6
img_000997.jpg,AIDER_flood_image0333.jpg,v4,0,1,24,0
img_000998.jpg,AIDER_flood_image0333.jpg,v4,1,1,27,0
img_000999.jpg,AIDER_flood_image0333.jpg,v4,2,1,30,0
img_001000.jpg,AIDER_flood_image0334.jpg,v4,0,0,27,0
img_001001.jpg,AIDER_flood_image0334.jpg,v4,1,0,30,0
img_001002.jpg,AIDER_flood_image0334.jpg,v4,2,0,30,0
img_001003.jpg,AIDER_flood_image0335.jpg,v4,0,0,30,0
img_001004.jpg,AIDER_flood_image0335.jpg,v4,1,0,23,0
img_001005.jpg,AIDER_flood_image0335.jpg,v4,2,0,30,0
img_001006.jpg,AIDER_flood_image0336.jpg,v4,0,0,23,0
img_001007.jpg,AIDER_flood_image0336.jpg,v4,1,0,30,0
img_001008.jpg,AIDER_flood_image0336.jpg,v4,2,0,25,0
img_001009.jpg,AIDER_flood_image0337.jpg,v4,0,0,30,0
img_001010.jpg,AIDER_flood_image0337.jpg,v4,1,0,22,0
img_001011.jpg,AIDER_flood_image0337.jpg,v4,2,0,30,0
img_001012.jpg,AIDER_flood_image0338.jpg,v4,0,0,0,405
img_001013.jpg,AIDER_flood_image0338.jpg,v4,1,0,0,405
img_001014.jpg,AIDER_flood_image0338.jpg,v4,2,0,0,405
img_001015.jpg,AIDER_flood_image0339.jpg,v4,0,0,30,0
img_001016.jpg,AIDER_flood_image0339.jpg,v4,1,0,30,0
img_001017.jpg,AIDER_flood_image0339.jpg,v4,2,0,26,0
img_001018.jpg,AIDER_flood_image0340.jpg,v4,0,0,30,0
img_001019.jpg,AIDER_flood_image0340.jpg,v4,1,0,30,0
img_001020.jpg,AIDER_flood_image0340.jpg,v4,2,0,30,0
img_001021.jpg,AIDER_flood_image0341.jpg,v4,0,0,30,0
img_001022.jpg,AIDER_flood_image0341.jpg,v4,1,0,30,0
img_001023.jpg,AIDER_flood_image0341.jpg,v4,2,0,30,0
img_001024.jpg,AIDER_flood_image0342.jpg,v4,0,0,29,0
img_001025.jpg,AIDER_flood_image0342.jpg,v4,1,0,30,0
img_001026.jpg,AIDER_flood_image0342.jpg,v4,2,0,30,0
img_001027.jpg,AIDER_flood_image0343.jpg,v4,0,0,23,0
img_001028.jpg,AIDER_flood_image0343.jpg,v4,1,0,30,0
img_001029.jpg,AIDER_flood_image0343.jpg,v4,2,0,30,0
img_001030.jpg,AIDER_flood_image0344.jpg,v4,0,0,30,0
img_001031.jpg,AIDER_flood_image0344.jpg,v4,1,0,30,0
img_001032.jpg,AIDER_flood_image0344.jpg,v4,2,0,30,0
img_001033.jpg,AIDER_flood_image0345.jpg,v4,0,0,30,0
img_001034.jpg,AIDER_flood_image0345.jpg,v4,1,0,30,0
img_001035.jpg,AIDER_flood_image0345.jpg,v4,2,0,26,0
img_001036.jpg,AIDER_flood_image0346.jpg,v4,0,0,23,0
img_001037.jpg,AIDER_flood_image0346.jpg,v4,1,0,30,0
img_001038.jpg,AIDER_flood_image0346.jpg,v4,2,0,30,0
img_001039.jpg,AIDER_flood_image0347.jpg,v4,0,0,30,115
img_001040.jpg,AIDER_flood_image0347.jpg,v4,1,0,30,115
img_001041.jpg,AIDER_flood_image0347.jpg,v4,2,0,30,115
img_001042.jpg,AIDER_flood_image0348.jpg,v4,0,0,19,0
img_001043.jpg,AIDER_flood_image0348.jpg,v4,1,0,26,0
img_001044.jpg,AIDER_flood_image0348.jpg,v4,2,0,30,0
img_001045.jpg,AIDER_flood_image0349.jpg,v4,0,0,30,0
img_001046.jpg,AIDER_flood_image0349.jpg,v4,1,0,30,0
img_001047.jpg,AIDER_flood_image0349.jpg,v4,2,0,30,0
img_001048.jpg,AIDER_flood_image0350.jpg,v4,0,0,30,0
img_001049.jpg,AIDER_flood_image0350.jpg,v4,1,0,30,0
img_001050.jpg,AIDER_flood_image0350.jpg,v4,2,0,30,0
img_001051.jpg,AIDER_flood_image0351.jpg,v4,0,0,20,0
img_001052.jpg,AIDER_flood_image0351.jpg,v4,1,0,30,0
img_001053.jpg,AIDER_flood_image0351.jpg,v4,2,0,30,0
img_001054.jpg,AIDER_flood_image0352.jpg,v4,0,0,30,0
img_001055.jpg,AIDER_flood_image0352.jpg,v4,1,0,30,0
img_001056.jpg,AIDER_flood_image0352.jpg,v4,2,0,30,0
img_001057.jpg,AIDER_flood_image0353.jpg,v4,0,0,30,0
img_001058.jpg,AIDER_flood_image0353.jpg,v4,1,0,30,0
img_001059.jpg,AIDER_flood_image0353.jpg,v4,2,0,30,0
img_001060.jpg,AIDER_flood_image0354.jpg,v4,0,0,30,0
img_001061.jpg,AIDER_flood_image0354.jpg,v4,1,0,30,0
img_001062.jpg,AIDER_flood_image0354.jpg,v4,2,0,30,0
img_001063.jpg,AIDER_flood_image0355.jpg,v4,0,0,30,115
img_001064.jpg,AIDER_flood_image0355.jpg,v4,1,0,30,115
img_001065.jpg,AIDER_flood_image0355.jpg,v4,2,0,30,115
img_001066.jpg,AIDER_flood_image0356.jpg,v4,0,0,30,43
img_001067.jpg,AIDER_flood_image0356.jpg,v4,1,0,30,43
img_001068.jpg,AIDER_flood_image0356.jpg,v4,2,0,30,43
img_001069.jpg,AIDER_flood_image0357.jpg,v4,0,0,30,0
img_001070.jpg,AIDER_flood_image0357.jpg,v4,1,0,30,0
img_001071.jpg,AIDER_flood_image0357.jpg,v4,2,0,30,0
img_001072.jpg,AIDER_flood_image0358.jpg,v4,0,0,30,190
img_001073.jpg,AIDER_flood_image0358.jpg,v4,1,0,20,190
img_001074.jpg,AIDER_flood_image0358.jpg,v4,2,0,30,190
img_001075.jpg,AIDER_flood_image0359.jpg,v4,0,0,30,11
img_001076.jpg,AIDER_flood_image0359.jpg,v4,1,0,30,11
img_001077.jpg,AIDER_flood_image0359.jpg,v4,2,0,30,11
img_001078.jpg,AIDER_flood_image0360.jpg,v4,0,0,30,0
img_001079.jpg,AIDER_flood_image0360.jpg,v4,1,0,30,0
img_001080.jpg,AIDER_flood_image0360.jpg,v4,2,0,30,0
img_001081.jpg,AIDER_flood_image0361.jpg,v4,0,0,24,0
img_001082.jpg,AIDER_flood_image0361.jpg,v4,1,0,17,0
img_001083.jpg,AIDER_flood_image0361.jpg,v4,2,0,30,0
img_001084.jpg,AIDER_flood_image0362.jpg,v4,0,0,18,104
img_001085.jpg,AIDER_flood_image0362.jpg,v4,1,0,30,104
img_001086.jpg,AIDER_flood_image0362.jpg,v4,2,0,30,104
img_001087.jpg,AIDER_flood_image0363.jpg,v4,0,0,23,0
img_001088.jpg,AIDER_flood_image0363.jpg,v4,1,0,18,0
img_001089.jpg,AIDER_flood_image0363.jpg,v4,2,0,30,0
img_001090.jpg,AIDER_flood_image0364.jpg,v4,0,0,30,0
img_001091.jpg,AIDER_flood_image0364.jpg,v4,1,0,30,0
img_001092.jpg,AIDER_flood_image0364.jpg,v4,2,0,30,0
img_001093.jpg,AIDER_flood_image0365.jpg,v4,0,0,24,0
img_001094.jpg,AIDER_flood_image0365.jpg,v4,1,0,30,0
img_001095.jpg,AIDER_flood_image0365.jpg,v4,2,0,30,0
img_001096.jpg,AIDER_flood_image0366.jpg,v4,0,0,25,0
img_001097.jpg,AIDER_flood_image0366.jpg,v4,1,0,24,0
img_001098.jpg,AIDER_flood_image0366.jpg,v4,2,0,30,0
img_001099.jpg,AIDER_flood_image0367.jpg,v4,0,0,30,16
img_001100.jpg,AIDER_flood_image0367.jpg,v4,1,0,26,16
img_001101.jpg,AIDER_flood_image0367.jpg,v4,2,0,30,16
img_001102.jpg,AIDER_flood_image0368.jpg,v4,0,0,30,0
img_001103.jpg,AIDER_flood_image0368.jpg,v4,1,0,30,0
img_001104.jpg,AIDER_flood_image0368.jpg,v4,2,0,30,0
img_001105.jpg,AIDER_flood_image0369.jpg,v4,0,0,30,0
img_001106.jpg,AIDER_flood_image0369.jpg,v4,1,0,24,0
img_001107.jpg,AIDER_flood_image0369.jpg,v4,2,0,30,0
img_001108.jpg,AIDER_flood_image0370.jpg,v4,0,0,30,14
img_001109.jpg,AIDER_flood_image0370.jpg,v4,1,0,30,14
img_001110.jpg,AIDER_flood_image0370.jpg,v4,2,0,30,14
img_001111.jpg,AIDER_flood_image0371.jpg,v4,0,0,23,65
img_001112.jpg,AIDER_flood_image0371.jpg,v4,1,0,30,65
img_001113.jpg,AIDER_flood_image0371.jpg,v4,2,0,30,65
img_001114.jpg,AIDER_flood_image0372.jpg,v4,0,0,30,0
img_001115.jpg,AIDER_flood_image0372.jpg,v4,1,0,30,0
img_001116.jpg,AIDER_flood_image0372.jpg,v4,2,0,25,0
img_001117.jpg,AIDER_flood_image0373.jpg,v4,0,0,24,0
img_001118.jpg,AIDER_flood_image0373.jpg,v4,1,0,30,0
img_001119.jpg,AIDER_flood_image0373.jpg,v4,2,0,30,0
img_001120.jpg,AIDER_flood_image0374.jpg,v4,0,0,30,512
img_001121.jpg,AIDER_flood_image0374.jpg,v4,1,0,30,512
img_001122.jpg,AIDER_flood_image0374.jpg,v4,2,0,30,512
img_001123.jpg,AIDER_flood_image0375.jpg,v4,0,0,30,22
img_001124.jpg,AIDER_flood_image0375.jpg,v4,1,0,30,22
img_001125.jpg,AIDER_flood_image0375.jpg,v4,2,0,30,22
img_001126.jpg,AIDER_flood_image0376.jpg,v4,0,0,30,0
img_001127.jpg,AIDER_flood_image0376.jpg,v4,1,0,30,0
img_001128.jpg,AIDER_flood_image0376.jpg,v4,2,0,30,0
img_001129.jpg,AIDER_flood_image0377.jpg,v4,0,0,30,0
img_001130.jpg,AIDER_flood_image0377.jpg,v4,1,0,27,0
img_001131.jpg,AIDER_flood_image0377.jpg,v4,2,0,30,0
img_001132.jpg,AIDER_flood_image0378.jpg,v4,0,0,30,0
img_001133.jpg,AIDER_flood_image0378.jpg,v4,1,0,30,0
img_001134.jpg,AIDER_flood_image0378.jpg,v4,2,0,30,0
img_001135.jpg,AIDER_flood_image0379.jpg,v4,0,0,30,0
img_001136.jpg,AIDER_flood_image0379.jpg,v4,1,0,30,0
img_001137.jpg,AIDER_flood_image0379.jpg,v4,2,0,22,0
img_001138.jpg,AIDER_flood_image0380.jpg,v4,0,0,30,0
img_001139.jpg,AIDER_flood_image0380.jpg,v4,1,0,30,0
img_001140.jpg,AIDER_flood_image0380.jpg,v4,2,0,30,0
img_001141.jpg,AIDER_flood_image0381.jpg,v4,0,0,30,0
img_001142.jpg,AIDER_flood_image0381.jpg,v4,1,0,30,0
img_001143.jpg,AIDER_flood_image0381.jpg,v4,2,0,30,0
img_001144.jpg,AIDER_flood_image0382.jpg,v4,0,0,30,18
img_001145.jpg,AIDER_flood_image0382.jpg,v4,1,0,30,18
img_001146.jpg,AIDER_flood_image0382.jpg,v4,2,0,28,18
img_001147.jpg,AIDER_flood_image0383.jpg,v4,0,3,25,0
img_001148.jpg,AIDER_flood_image0383.jpg,v4,1,3,26,0
img_001149.jpg,AIDER_flood_image0383.jpg,v4,2,3,30,0
img_001150.jpg,AIDER_flood_image0384.jpg,v4,0,0,30,0
img_001151.jpg,AIDER_flood_image0384.jpg,v4,1,0,30,0
img_001152.jpg,AIDER_flood_image0384.jpg,v4,2,0,30,0
img_001153.jpg,AIDER_flood_image0385.jpg,v4,0,0,30,0
img_001154.jpg,AIDER_flood_image0385.jpg,v4,1,0,30,0
img_001155.jpg,AIDER_flood_image0385.jpg,v4,2,0,30,0
img_001156.jpg,AIDER_flood_image0386.jpg,v4,0,0,30,0
img_001157.jpg,AIDER_flood_image0386.jpg,v4,1,0,25,0
img_001158.jpg,AIDER_flood_image0386.jpg,v4,2,0,30,0
img_001159.jpg,AIDER_flood_image0387.jpg,v4,0,0,30,0
img_001160.jpg,AIDER_flood_image0387.jpg,v4,1,0,30,0
img_001161.jpg,AIDER_flood_image0387.jpg,v4,2,0,30,0
img_001162.jpg,AIDER_flood_image0388.jpg,v4,0,0,30,84
img_001163.jpg,AIDER_flood_image0388.jpg,v4,1,0,30,84
img_001164.jpg,AIDER_flood_image0388.jpg,v4,2,0,30,84
img_001165.jpg,AIDER_flood_image0389.jpg,v4,0,0,30,0
img_001166.jpg,AIDER_flood_image0389.jpg,v4,1,0,30,0
img_001167.jpg,AIDER_flood_image0389.jpg,v4,2,0,30,0
img_001168.jpg,AIDER_flood_image0390.jpg,v4,0,0,30,20
img_001169.jpg,AIDER_flood_image0390.jpg,v4,1,0,30,20
img_001170.jpg,AIDER_flood_image0390.jpg,v4,2,0,21,20
img_001171.jpg,AIDER_flood_image0391.jpg,v4,0,0,15,0
img_001172.jpg,AIDER_flood_image0391.jpg,v4,1,0,30,0
img_001173.jpg,AIDER_flood_image0391.jpg,v4,2,0,30,0
img_001174.jpg,AIDER_flood_image0392.jpg,v4,0,0,30,0
img_001175.jpg,AIDER_flood_image0392.jpg,v4,1,0,30,0
img_001176.jpg,AIDER_flood_image0392.jpg,v4,2,0,26,0
img_001177.jpg,AIDER_flood_image0393.jpg,v4,0,0,30,0
img_001178.jpg,AIDER_flood_image0393.jpg,v4,1,0,30,0
img_001179.jpg,AIDER_flood_image0393.jpg,v4,2,0,10,0
img_001180.jpg,AIDER_flood_image0394.jpg,v4,0,0,30,0
img_001181.jpg,AIDER_flood_image0394.jpg,v4,1,0,30,0
img_001182.jpg,AIDER_flood_image0394.jpg,v4,2,0,30,0
img_001183.jpg,AIDER_flood_image0395.jpg,v4,0,0,30,26
img_001184.jpg,AIDER_flood_image0395.jpg,v4,1,0,30,26
img_001185.jpg,AIDER_flood_image0395.jpg,v4,2,0,23,26
img_001186.jpg,AIDER_flood_image0396.jpg,v4,0,0,30,12
img_001187.jpg,AIDER_flood_image0396.jpg,v4,1,0,30,12
img_001188.jpg,AIDER_flood_image0396.jpg,v4,2,0,30,12
img_001189.jpg,AIDER_flood_image0397.jpg,v4,0,0,30,10
img_001190.jpg,AIDER_flood_image0397.jpg,v4,1,0,23,10
img_001191.jpg,AIDER_flood_image0397.jpg,v4,2,0,30,10
img_001192.jpg,AIDER_flood_image0398.jpg,v4,0,0,30,4
img_001193.jpg,AIDER_flood_image0398.jpg,v4,1,0,27,4
img_001194.jpg,AIDER_flood_image0398.jpg,v4,2,0,13,4
img_001195.jpg,AIDER_flood_image0399.jpg,v4,0,2,30,0
img_001196.jpg,AIDER_flood_image0399.jpg,v4,1,2,20,0
img_001197.jpg,AIDER_flood_image0399.jpg,v4,2,2,30,0
img_001198.jpg,AIDER_flood_image0400.jpg,v4,0,0,30,0
img_001199.jpg,AIDER_flood_image0400.jpg,v4,1,0,30,0
img_001200.jpg,AIDER_flood_image0400.jpg,v4,2,0,16,0
img_001201.jpg,AIDER_flood_image0401.jpg,v4,0,0,30,0
img_001202.jpg,AIDER_flood_image0401.jpg,v4,1,0,30,0
img_001203.jpg,AIDER_flood_image0401.jpg,v4,2,0,17,0
img_001204.jpg,AIDER_flood_image0402.jpg,v4,0,0,30,0
img_001205.jpg,AIDER_flood_image0402.jpg,v4,1,0,15,0
img_001206.jpg,AIDER_flood_image0402.jpg,v4,2,0,30,0
img_001207.jpg,AIDER_flood_image0403.jpg,v4,0,0,30,0
img_001208.jpg,AIDER_flood_image0403.jpg,v4,1,0,30,0
img_001209.jpg,AIDER_flood_image0403.jpg,v4,2,0,30,0
img_001210.jpg,AIDER_flood_image0404.jpg,v4,0,0,23,22
img_001211.jpg,AIDER_flood_image0404.jpg,v4,1,0,16,22
img_001212.jpg,AIDER_flood_image0404.jpg,v4,2,0,8,22
img_001213.jpg,AIDER_flood_image0405.jpg,v4,0,0,30,11
img_001214.jpg,AIDER_flood_image0405.jpg,v4,1,0,24,11
img_001215.jpg,AIDER_flood_image0405.jpg,v4,2,0,30,11
img_001216.jpg,AIDER_flood_image0406.jpg,v4,0,0,30,0
img_001217.jpg,AIDER_flood_image0406.jpg,v4,1,0,30,0
img_001218.jpg,AIDER_flood_image0406.jpg,v4,2,0,18,0
img_001219.jpg,AIDER_flood_image0407.jpg,v4,0,0,30,0
img_001220.jpg,AIDER_flood_image0407.jpg,v4,1,0,30,0
img_001221.jpg,AIDER_flood_image0407.jpg,v4,2,0,30,0
img_001222.jpg,AIDER_flood_image0408.jpg,v4,0,0,19,27
img_001223.jpg,AIDER_flood_image0408.jpg,v4,1,0,30,27
img_001224.jpg,AIDER_flood_image0408.jpg,v4,2,0,30,27
img_001225.jpg,AIDER_flood_image0409.jpg,v4,0,0,18,180
img_001226.jpg,AIDER_flood_image0409.jpg,v4,1,0,10,180
img_001227.jpg,AIDER_flood_image0409.jpg,v4,2,0,28,180
img_001228.jpg,AIDER_flood_image0410.jpg,v4,0,0,30,56
img_001229.jpg,AIDER_flood_image0410.jpg,v4,1,0,30,56
img_001230.jpg,AIDER_flood_image0410.jpg,v4,2,0,14,56
img_001231.jpg,AIDER_flood_image0411.jpg,v4,0,0,30,0
img_001232.jpg,AIDER_flood_image0411.jpg,v4,1,0,30,0
img_001233.jpg,AIDER_flood_image0411.jpg,v4,2,0,30,0
img_001234.jpg,AIDER_flood_image0412.jpg,v4,0,0,30,0
img_001235.jpg,AIDER_flood_image0412.jpg,v4,1,0,30,0
img_001236.jpg,AIDER_flood_image0412.jpg,v4,2,0,30,0
img_001237.jpg,AIDER_flood_image0413.jpg,v4,0,3,30,0
img_001238.jpg,AIDER_flood_image0413.jpg,v4,1,3,24,0
img_001239.jpg,AIDER_flood_image0413.jpg,v4,2,3,25,0
img_001240.jpg,AIDER_flood_image0414.jpg,v4,0,0,30,0
img_001241.jpg,AIDER_flood_image0414.jpg,v4,1,0,24,0
img_001242.jpg,AIDER_flood_image0414.jpg,v4,2,0,24,0
img_001243.jpg,AIDER_flood_image0415.jpg,v4,0,0,30,0
img_001244.jpg,AIDER_flood_image0415.jpg,v4,1,0,30,0
img_001245.jpg,AIDER_flood_image0415.jpg,v4,2,0,30,0
img_001246.jpg,AIDER_flood_image0416.jpg,v4,0,0,30,0
img_001247.jpg,AIDER_flood_image0416.jpg,v4,1,0,30,0
img_001248.jpg,AIDER_flood_image0416.jpg,v4,2,0,30,0
img_001249.jpg,AIDER_flood_image0417.jpg,v4,0,0,30,0
img_001250.jpg,AIDER_flood_image0417.jpg,v4,1,0,20,0
img_001251.jpg,AIDER_flood_image0417.jpg,v4,2,0,30,0
img_001252.jpg,AIDER_flood_image0418.jpg,v4,0,1,30,0
img_001253.jpg,AIDER_flood_image0418.jpg,v4,1,1,30,0
img_001254.jpg,AIDER_flood_image0418.jpg,v4,2,1,30,0
img_001255.jpg,AIDER_flood_image0419.jpg,v4,0,0,30,0
img_001256.jpg,AIDER_flood_image0419.jpg,v4,1,0,30,0
img_001257.jpg,AIDER_flood_image0419.jpg,v4,2,0,30,0
img_001258.jpg,AIDER_flood_image0420.jpg,v4,0,0,30,7
img_001259.jpg,AIDER_flood_image0420.jpg,v4,1,0,30,7
img_001260.jpg,AIDER_flood_image0420.jpg,v4,2,0,30,7
img_001261.jpg,AIDER_flood_image0421.jpg,v4,0,0,30,0
img_001262.jpg,AIDER_flood_image0421.jpg,v4,1,0,30,0
img_001263.jpg,AIDER_flood_image0421.jpg,v4,2,0,24,0
img_001264.jpg,AIDER_flood_image0422.jpg,v4,0,0,22,0
img_001265.jpg,AIDER_flood_image0422.jpg,v4,1,0,18,0
img_001266.jpg,AIDER_flood_image0422.jpg,v4,2,0,30,0
img_001267.jpg,AIDER_flood_image0423.jpg,v4,0,0,30,0
img_001268.jpg,AIDER_flood_image0423.jpg,v4,1,0,30,0
img_001269.jpg,AIDER_flood_image0423.jpg,v4,2,0,25,0
img_001270.jpg,AIDER_flood_image0424.jpg,v4,0,0,30,11
img_001271.jpg,AIDER_flood_image0424.jpg,v4,1,0,30,11
img_001272.jpg,AIDER_flood_image0424.jpg,v4,2,0,30,11
img_001273.jpg,AIDER_flood_image0425.jpg,v4,0,0,30,0
img_001274.jpg,AIDER_flood_image0425.jpg,v4,1,0,30,0
img_001275.jpg,AIDER_flood_image0425.jpg,v4,2,0,30,0
img_001276.jpg,AIDER_flood_image0426.jpg,v4,0,0,30,0
img_001277.jpg,AIDER_flood_image0426.jpg,v4,1,0,30,0
img_001278.jpg,AIDER_flood_image0426.jpg,v4,2,0,30,0
img_001279.jpg,AIDER_flood_image0427.jpg,v4,0,0,30,25
img_001280.jpg,AIDER_flood_image0427.jpg,v4,1,0,30,25
img_001281.jpg,AIDER_flood_image0427.jpg,v4,2,0,30,25
img_001282.jpg,AIDER_flood_image0428.jpg,v4,0,0,30,28
img_001283.jpg,AIDER_flood_image0428.jpg,v4,1,0,30,28
img_001284.jpg,AIDER_flood_image0428.jpg,v4,2,0,30,28
img_001285.jpg,AIDER_flood_image0429.jpg,v4,0,0,30,0
img_001286.jpg,AIDER_flood_image0429.jpg,v4,1,0,30,0
img_001287.jpg,AIDER_flood_image0429.jpg,v4,2,0,30,0
img_001288.jpg,AIDER_flood_image0430.jpg,v4,0,0,30,59
img_001289.jpg,AIDER_flood_image0430.jpg,v4,1,0,30,59
img_001290.jpg,AIDER_flood_image0430.jpg,v4,2,0,26,59
img_001291.jpg,AIDER_flood_image0431.jpg,v4,0,0,30,56
img_001292.jpg,AIDER_flood_image0431.jpg,v4,1,0,22,56
img_001293.jpg,AIDER_flood_image0431.jpg,v4,2,0,24,56
img_001294.jpg,AIDER_flood_image0432.jpg,v4,0,0,30,0
img_001295.jpg,AIDER_flood_image0432.jpg,v4,1,0,30,0
img_001296.jpg,AIDER_flood_image0432.jpg,v4,2,0,30,0
img_001297.jpg,AIDER_flood_image0433.jpg,v4,0,0,21,0
img_001298.jpg,AIDER_flood_image0433.jpg,v4,1,0,30,0
img_001299.jpg,AIDER_flood_image0433.jpg,v4,2,0,30,0
img_001300.jpg,AIDER_flood_image0434.jpg,v4,0,0,30,35
img_001301.jpg,AIDER_flood_image0434.jpg,v4,1,0,26,35
img_001302.jpg,AIDER_flood_image0434.jpg,v4,2,0,30,35
img_001303.jpg,AIDER_flood_image0435.jpg,v4,0,0,30,0
img_001304.jpg,AIDER_flood_image0435.jpg,v4,1,0,30,0
img_001305.jpg,AIDER_flood_image0435.jpg,v4,2,0,30,0
img_001306.jpg,AIDER_flood_image0436.jpg,v4,0,0,30,0
img_001307.jpg,AIDER_flood_image0436.jpg,v4,1,0,30,0
img_001308.jpg,AIDER_flood_image0436.jpg,v4,2,0,28,0
img_001309.jpg,AIDER_flood_image0437.jpg,v4,0,0,30,12
img_001310.jpg,AIDER_flood_image0437.jpg,v4,1,0,30,12
img_001311.jpg,AIDER_flood_image0437.jpg,v4,2,0,26,12
img_001312.jpg,AIDER_flood_image0438.jpg,v4,0,0,30,0
img_001313.jpg,AIDER_flood_image0438.jpg,v4,1,0,22,0
img_001314.jpg,AIDER_flood_image0438.jpg,v4,2,0,30,0
img_001315.jpg,AIDER_flood_image0439.jpg,v4,0,0,30,86
img_001316.jpg,AIDER_flood_image0439.jpg,v4,1,0,30,86
img_001317.jpg,AIDER_flood_image0439.jpg,v4,2,0,24,86
img_001318.jpg,AIDER_flood_image0440.jpg,v4,0,0,22,57
img_001319.jpg,AIDER_flood_image0440.jpg,v4,1,0,30,57
img_001320.jpg,AIDER_flood_image0440.jpg,v4,2,0,30,57
img_001321.jpg,AIDER_flood_image0441.jpg,v4,0,0,30,0
img_001322.jpg,AIDER_flood_image0441.jpg,v4,1,0,30,0
img_001323.jpg,AIDER_flood_image0441.jpg,v4,2,0,23,0
img_001324.jpg,AIDER_flood_image0442.jpg,v4,0,0,18,173
img_001325.jpg,AIDER_flood_image0442.jpg,v4,1,0,25,173
img_001326.jpg,AIDER_flood_image0442.jpg,v4,2,0,30,173
img_001327.jpg,AIDER_flood_image0443.jpg,v4,0,0,30,35
img_001328.jpg,AIDER_flood_image0443.jpg,v4,1,0,30,35
img_001329.jpg,AIDER_flood_image0443.jpg,v4,2,0,30,35
img_001330.jpg,AIDER_flood_image0444.jpg,v4,0,1,30,0
img_001331.jpg,AIDER_flood_image0444.jpg,v4,1,1,30,0
img_001332.jpg,AIDER_flood_image0444.jpg,v4,2,1,30,0
img_001333.jpg,AIDER_flood_image0445.jpg,v4,0,0,30,3
img_001334.jpg,AIDER_flood_image0445.jpg,v4,1,0,30,3
img_001335.jpg,AIDER_flood_image0445.jpg,v4,2,0,30,3
img_001336.jpg,AIDER_flood_image0446.jpg,v4,0,1,30,0
img_001337.jpg,AIDER_flood_image0446.jpg,v4,1,1,30,0
img_001338.jpg,AIDER_flood_image0446.jpg,v4,2,1,30,0
img_001339.jpg,AIDER_flood_image0447.jpg,v4,0,0,24,0
img_001340.jpg,AIDER_flood_image0447.jpg,v4,1,0,30,0
img_001341.jpg,AIDER_flood_image0447.jpg,v4,2,0,30,0
img_001342.jpg,AIDER_flood_image0448.jpg,v4,0,0,30,0
img_001343.jpg,AIDER_flood_image0448.jpg,v4,1,0,23,0
img_001344.jpg,AIDER_flood_image0448.jpg,v4,2,0,30,0
img_001345.jpg,AIDER_flood_image0449.jpg,v4,0,0,30,0
img_001346.jpg,AIDER_flood_image0449.jpg,v4,1,0,30,0
img_001347.jpg,AIDER_flood_image0449.jpg,v4,2,0,30,0
img_001348.jpg,AIDER_flood_image0450.jpg,v4,0,0,30,0
img_001349.jpg,AIDER_flood_image0450.jpg,v4,1,0,30,0
img_001350.jpg,AIDER_flood_image0450.jpg,v4,2,0,30,0
img_001351.jpg,AIDER_flood_image0451.jpg,v4,0,0,30,0
img_001352.jpg,AIDER_flood_image0451.jpg,v4,1,0,30,0
img_001353.jpg,AIDER_flood_image0451.jpg,v4,2,0,20,0
img_001354.jpg,AIDER_flood_image0452.jpg,v4,0,0,30,0
img_001355.jpg,AIDER_flood_image0452.jpg,v4,1,0,24,0
img_001356.jpg,AIDER_flood_image0452.jpg,v4,2,0,24,0
img_001357.jpg,AIDER_flood_image0453.jpg,v4,0,0,30,0
img_001358.jpg,AIDER_flood_image0453.jpg,v4,1,0,30,0
img_001359.jpg,AIDER_flood_image0453.jpg,v4,2,0,30,0
img_001360.jpg,AIDER_flood_image0454.jpg,v4,0,0,30,11
img_001361.jpg,AIDER_flood_image0454.jpg,v4,1,0,22,11
img_001362.jpg,AIDER_flood_image0454.jpg,v4,2,0,30,11
img_001363.jpg,AIDER_flood_image0455.jpg,v4,0,0,30,15
img_001364.jpg,AIDER_flood_image0455.jpg,v4,1,0,30,15
img_001365.jpg,AIDER_flood_image0455.jpg,v4,2,0,30,15
img_001366.jpg,AIDER_flood_image0456.jpg,v4,0,0,30,15
img_001367.jpg,AIDER_flood_image0456.jpg,v4,1,0,30,15
img_001368.jpg,AIDER_flood_image0456.jpg,v4,2,0,30,15
img_001369.jpg,AIDER_flood_image0457.jpg,v4,0,0,19,0
img_001370.jpg,AIDER_flood_image0457.jpg,v4,1,0,30,0
img_001371.jpg,AIDER_flood_image0457.jpg,v4,2,0,22,0
img_001372.jpg,AIDER_flood_image0458.jpg,v4,0,0,30,191
img_001373.jpg,AIDER_flood_image0458.jpg,v4,1,0,24,191
img_001374.jpg,AIDER_flood_image0458.jpg,v4,2,0,30,191
img_001375.jpg,AIDER_flood_image0459.jpg,v4,0,0,30,0
img_001376.jpg,AIDER_flood_image0459.jpg,v4,1,0,30,0
img_001377.jpg,AIDER_flood_image0459.jpg,v4,2,0,30,0
img_001378.jpg,AIDER_flood_image0460.jpg,v4,0,1,30,391
img_001379.jpg,AIDER_flood_image0460.jpg,v4,1,1,30,391
img_001380.jpg,AIDER_flood_image0460.jpg,v4,2,1,30,391
img_001381.jpg,AIDER_flood_image0461.jpg,v4,0,0,30,0
img_001382.jpg,AIDER_flood_image0461.jpg,v4,1,0,30,0
img_001383.jpg,AIDER_flood_image0461.jpg,v4,2,0,30,0
img_001384.jpg,AIDER_flood_image0462.jpg,v4,0,0,23,106
img_001385.jpg,AIDER_flood_image0462.jpg,v4,1,0,30,106
img_001386.jpg,AIDER_flood_image0462.jpg,v4,2,0,30,106
img_001387.jpg,AIDER_flood_image0463.jpg,v4,0,0,30,12
img_001388.jpg,AIDER_flood_image0463.jpg,v4,1,0,30,12
img_001389.jpg,AIDER_flood_image0463.jpg,v4,2,0,30,12
img_001390.jpg,AIDER_flood_image0464.jpg,v4,0,0,30,125
img_001391.jpg,AIDER_flood_image0464.jpg,v4,1,0,30,125
img_001392.jpg,AIDER_flood_image0464.jpg,v4,2,0,30,125
img_001393.jpg,AIDER_flood_image0465.jpg,v4,0,0,30,0
img_001394.jpg,AIDER_flood_image0465.jpg,v4,1,0,30,0
img_001395.jpg,AIDER_flood_image0465.jpg,v4,2,0,30,0
img_001396.jpg,AIDER_flood_image0467.jpg,v4,0,0,30,0
img_001397.jpg,AIDER_flood_image0467.jpg,v4,1,0,29,0
img_001398.jpg,AIDER_flood_image0467.jpg,v4,2,0,30,0
img_001399.jpg,AIDER_flood_image0468.jpg,v4,0,0,30,251
img_001400.jpg,AIDER_flood_image0468.jpg,v4,1,0,30,251
img_001401.jpg,AIDER_flood_image0468.jpg,v4,2,0,30,251
img_001402.jpg,AIDER_flood_image0469.jpg,v4,0,0,30,163
img_001403.jpg,AIDER_flood_image0469.jpg,v4,1,0,30,163
img_001404.jpg,AIDER_flood_image0469.jpg,v4,2,0,30,163
img_001405.jpg,AIDER_flood_image0470.jpg,v4,0,0,30,74
img_001406.jpg,AIDER_flood_image0470.jpg,v4,1,0,30,74
img_001407.jpg,AIDER_flood_image0470.jpg,v4,2,0,26,74
img_001408.jpg,AIDER_flood_image0471.jpg,v4,0,0,30,63
img_001409.jpg,AIDER_flood_image0471.jpg,v4,1,0,30,63
img_001410.jpg,AIDER_flood_image0471.jpg,v4,2,0,30,63
img_001411.jpg,AIDER_flood_image0472.jpg,v4,0,0,24,0
img_001412.jpg,AIDER_flood_image0472.jpg,v4,1,0,30,0
img_001413.jpg,AIDER_flood_image0472.jpg,v4,2,0,30,0
img_001414.jpg,AIDER_flood_image0473.jpg,v4,0,0,30,88
img_001415.jpg,AIDER_flood_image0473.jpg,v4,1,0,24,88
img_001416.jpg,AIDER_flood_image0473.jpg,v4,2,0,30,88
img_001417.jpg,AIDER_flood_image0474.jpg,v4,0,0,30,90
img_001418.jpg,AIDER_flood_image0474.jpg,v4,1,0,27,90
img_001419.jpg,AIDER_flood_image0474.jpg,v4,2,0,24,90
img_001420.jpg,AIDER_flood_image0475.jpg,v4,0,0,23,0
img_001421.jpg,AIDER_flood_image0475.jpg,v4,1,0,30,0
img_001422.jpg,AIDER_flood_image0475.jpg,v4,2,0,30,0
img_001423.jpg,AIDER_flood_image0476.jpg,v4,0,0,30,0
img_001424.jpg,AIDER_flood_image0476.jpg,v4,1,0,30,0
img_001425.jpg,AIDER_flood_image0476.jpg,v4,2,0,30,0
img_001426.jpg,AIDER_flood_image0477.jpg,v4,0,0,30,0
img_001427.jpg,AIDER_flood_image0477.jpg,v4,1,0,30,0
img_001428.jpg,AIDER_flood_image0477.jpg,v4,2,0,30,0
img_001429.jpg,AIDER_flood_image0478.jpg,v4,0,0,20,20
img_001430.jpg,AIDER_flood_image0478.jpg,v4,1,0,30,20
img_001431.jpg,AIDER_flood_image0478.jpg,v4,2,0,30,20
img_001432.jpg,AIDER_flood_image0479.jpg,v4,0,0,30,0
img_001433.jpg,AIDER_flood_image0479.jpg,v4,1,0,30,0
img_001434.jpg,AIDER_flood_image0479.jpg,v4,2,0,30,0
img_001435.jpg,AIDER_flood_image0480.jpg,v4,0,0,24,0
img_001436.jpg,AIDER_flood_image0480.jpg,v4,1,0,30,0
img_001437.jpg,AIDER_flood_image0480.jpg,v4,2,0,30,0
img_001438.jpg,AIDER_flood_image0481.jpg,v4,0,1,30,0
img_001439.jpg,AIDER_flood_image0481.jpg,v4,1,1,24,0
img_001440.jpg,AIDER_flood_image0481.jpg,v4,2,1,23,0
img_001441.jpg,AIDER_flood_image0482.jpg,v4,0,0,30,0
img_001442.jpg,AIDER_flood_image0482.jpg,v4,1,0,30,0
img_001443.jpg,AIDER_flood_image0482.jpg,v4,2,0,30,0
img_001444.jpg,AIDER_flood_image0483.jpg,v4,0,0,30,0
img_001445.jpg,AIDER_flood_image0483.jpg,v4,1,0,30,0
img_001446.jpg,AIDER_flood_image0483.jpg,v4,2,0,30,0
img_001447.jpg,AIDER_flood_image0484.jpg,v4,0,1,30,24
img_001448.jpg,AIDER_flood_image0484.jpg,v4,1,1,30,24
img_001449.jpg,AIDER_flood_image0484.jpg,v4,2,1,30,24
img_001450.jpg,AIDER_flood_image0485.jpg,v4,0,1,22,174
img_001451.jpg,AIDER_flood_image0485.jpg,v4,1,1,25,174
img_001452.jpg,AIDER_flood_image0485.jpg,v4,2,1,23,174
img_001453.jpg,AIDER_flood_image0486.jpg,v4,0,0,30,0
img_001454.jpg,AIDER_flood_image0486.jpg,v4,1,0,30,0
img_001455.jpg,AIDER_flood_image0486.jpg,v4,2,0,30,0
img_001456.jpg,AIDER_flood_image0487.jpg,v4,0,0,27,0
img_001457.jpg,AIDER_flood_image0487.jpg,v4,1,0,30,0
img_001458.jpg,AIDER_flood_image0487.jpg,v4,2,0,30,0
img_001459.jpg,AIDER_flood_image0488.jpg,v4,0,0,24,28
img_001460.jpg,AIDER_flood_image0488.jpg,v4,1,0,24,28
img_001461.jpg,AIDER_flood_image0488.jpg,v4,2,0,20,28
img_001462.jpg,AIDER_flood_image0489.jpg,v4,0,0,30,0
img_001463.jpg,AIDER_flood_image0489.jpg,v4,1,0,21,0
img_001464.jpg,AIDER_flood_image0489.jpg,v4,2,0,30,0
img_001465.jpg,AIDER_flood_image0490.jpg,v4,0,0,30,0
img_001466.jpg,AIDER_flood_image0490.jpg,v4,1,0,30,0
img_001467.jpg,AIDER_flood_image0490.jpg,v4,2,0,22,0
img_001468.jpg,AIDER_flood_image0491.jpg,v4,0,0,22,0
img_001469.jpg,AIDER_flood_image0491.jpg,v4,1,0,30,0
img_001470.jpg,AIDER_flood_image0491.jpg,v4,2,0,30,0
img_001471.jpg,AIDER_flood_image0492.jpg,v4,0,0,30,0
img_001472.jpg,AIDER_flood_image0492.jpg,v4,1,0,24,0
img_001473.jpg,AIDER_flood_image0492.jpg,v4,2,0,30,0
img_001474.jpg,AIDER_flood_image0493.jpg,v4,0,0,23,0
img_001475.jpg,AIDER_flood_image0493.jpg,v4,1,0,15,0
img_001476.jpg,AIDER_flood_image0493.jpg,v4,2,0,30,0
img_001477.jpg,AIDER_flood_image0494.jpg,v4,0,0,30,0
img_001478.jpg,AIDER_flood_image0494.jpg,v4,1,0,30,0
img_001479.jpg,AIDER_flood_image0494.jpg,v4,2,0,30,0
img_001480.jpg,AIDER_flood_image0495.jpg,v4,0,0,19,15
img_001481.jpg,AIDER_flood_image0495.jpg,v4,1,0,30,15
img_001482.jpg,AIDER_flood_image0495.jpg,v4,2,0,20,15
img_001483.jpg,AIDER_flood_image0496.jpg,v4,0,0,30,0
img_001484.jpg,AIDER_flood_image0496.jpg,v4,1,0,17,0
img_001485.jpg,AIDER_flood_image0496.jpg,v4,2,0,30,0
img_001486.jpg,AIDER_flood_image0497.jpg,v4,0,0,30,0
img_001487.jpg,AIDER_flood_image0497.jpg,v4,1,0,25,0
img_001488.jpg,AIDER_flood_image0497.jpg,v4,2,0,30,0
img_001489.jpg,AIDER_flood_image0498.jpg,v4,0,1,30,0
img_001490.jpg,AIDER_flood_image0498.jpg,v4,1,1,30,0
img_001491.jpg,AIDER_flood_image0498.jpg,v4,2,1,24,0
img_001492.jpg,AIDER_flood_image0499.jpg,v4,0,0,30,0
img_001493.jpg,AIDER_flood_image0499.jpg,v4,1,0,30,0
img_001494.jpg,AIDER_flood_image0499.jpg,v4,2,0,30,0
img_001495.jpg,AIDER_flood_image0500.jpg,v4,0,0,20,0
img_001496.jpg,AIDER_flood_image0500.jpg,v4,1,0,22,0
img_001497.jpg,AIDER_flood_image0500.jpg,v4,2,0,24,0
img_001498.jpg,AIDER_flood_image0501.jpg,v4,0,0,30,2
img_001499.jpg,AIDER_flood_image0501.jpg,v4,1,0,30,2
img_001500.jpg,AIDER_flood_image0501.jpg,v4,2,0,30,2
img_001501.jpg,AIDER_flood_image0502.jpg,v4,0,0,30,0
img_001502.jpg,AIDER_flood_image0502.jpg,v4,1,0,30,0
img_001503.jpg,AIDER_flood_image0502.jpg,v4,2,0,30,0
img_001504.jpg,AIDER_flood_image0503.jpg,v4,0,1,30,0
img_001505.jpg,AIDER_flood_image0503.jpg,v4,1,1,30,0
img_001506.jpg,AIDER_flood_image0503.jpg,v4,2,1,30,0
img_001507.jpg,AIDER_flood_image0504.jpg,v4,0,1,30,0
img_001508.jpg,AIDER_flood_image0504.jpg,v4,1,1,30,0
img_001509.jpg,AIDER_flood_image0504.jpg,v4,2,1,30,0
img_001510.jpg,AIDER_flood_image0505.jpg,v4,0,0,30,0
img_001511.jpg,AIDER_flood_image0505.jpg,v4,1,0,27,0
img_001512.jpg,AIDER_flood_image0505.jpg,v4,2,0,30,0
img_001513.jpg,AIDER_flood_image0506.jpg,v4,0,0,20,0
img_001514.jpg,AIDER_flood_image0506.jpg,v4,1,0,30,0
img_001515.jpg,AIDER_flood_image0506.jpg,v4,2,0,30,0
img_001516.jpg,AIDER_flood_image0507.jpg,v4,0,0,30,0
img_001517.jpg,AIDER_flood_image0507.jpg,v4,1,0,24,0
img_001518.jpg,AIDER_flood_image0507.jpg,v4,2,0,30,0
img_001519.jpg,AIDER_flood_image0508.jpg,v4,0,0,30,0
img_001520.jpg,AIDER_flood_image0508.jpg,v4,1,0,30,0
img_001521.jpg,AIDER_flood_image0508.jpg,v4,2,0,30,0
img_001522.jpg,AIDER_flood_image0509.jpg,v4,0,0,15,155
img_001523.jpg,AIDER_flood_image0509.jpg,v4,1,0,30,155
img_001524.jpg,AIDER_flood_image0509.jpg,v4,2,0,30,155
img_001525.jpg,AIDER_flood_image0510.jpg,v4,0,0,30,0
img_001526.jpg,AIDER_flood_image0510.jpg,v4,1,0,30,0
img_001527.jpg,AIDER_flood_image0510.jpg,v4,2,0,30,0
img_001528.jpg,AIDER_flood_image0511.jpg,v4,0,0,30,21
img_001529.jpg,AIDER_flood_image0511.jpg,v4,1,0,30,21
img_001530.jpg,AIDER_flood_image0511.jpg,v4,2,0,19,21
img_001531.jpg,AIDER_flood_image0512.jpg,v4,0,0,30,0
img_001532.jpg,AIDER_flood_image0512.jpg,v4,1,0,24,0
img_001533.jpg,AIDER_flood_image0512.jpg,v4,2,0,30,0
img_001534.jpg,AIDER_flood_image0513.jpg,v4,0,0,30,2
img_001535.jpg,AIDER_flood_image0513.jpg,v4,1,0,30,2
img_001536.jpg,AIDER_flood_image0513.jpg,v4,2,0,30,2
img_001537.jpg,AIDER_flood_image0514.jpg,v4,0,0,30,0
img_001538.jpg,AIDER_flood_image0514.jpg,v4,1,0,30,0
img_001539.jpg,AIDER_flood_image0514.jpg,v4,2,0,30,0
img_001540.jpg,AIDER_flood_image0515.jpg,v4,0,0,23,0
img_001541.jpg,AIDER_flood_image0515.jpg,v4,1,0,30,0
img_001542.jpg,AIDER_flood_image0515.jpg,v4,2,0,30,0
img_001543.jpg,AIDER_flood_image0516.jpg,v4,0,0,30,0
img_001544.jpg,AIDER_flood_image0516.jpg,v4,1,0,30,0
img_001545.jpg,AIDER_flood_image0516.jpg,v4,2,0,30,0
img_001546.jpg,AIDER_flood_image0517.jpg,v4,0,0,30,37
img_001547.jpg,AIDER_flood_image0517.jpg,v4,1,0,30,37
img_001548.jpg,AIDER_flood_image0517.jpg,v4,2,0,30,37
img_001549.jpg,AIDER_flood_image0518.jpg,v4,0,0,30,0
img_001550.jpg,AIDER_flood_image0518.jpg,v4,1,0,30,0
img_001551.jpg,AIDER_flood_image0518.jpg,v4,2,0,30,0
img_001552.jpg,AIDER_flood_image0519.jpg,v4,0,0,0,362
img_001553.jpg,AIDER_flood_image0519.jpg,v4,1,0,0,362
img_001554.jpg,AIDER_flood_image0519.jpg,v4,2,0,0,362
img_001555.jpg,AIDER_flood_image0520.jpg,v4,0,1,30,182
img_001556.jpg,AIDER_flood_image0520.jpg,v4,1,1,22,182
img_001557.jpg,AIDER_flood_image0520.jpg,v4,2,1,30,182
img_001558.jpg,AIDER_flood_image0521.jpg,v4,0,0,30,0
img_001559.jpg,AIDER_flood_image0521.jpg,v4,1,0,30,0
img_001560.jpg,AIDER_flood_image0521.jpg,v4,2,0,30,0
img_001561.jpg,AIDER_flood_image0522.jpg,v4,0,0,23,0
img_001562.jpg,AIDER_flood_image0522.jpg,v4,1,0,30,0
img_001563.jpg,AIDER_flood_image0522.jpg,v4,2,0,30,0
img_001564.jpg,AIDER_flood_image0523.jpg,v4,0,0,30,0
img_001565.jpg,AIDER_flood_image0523.jpg,v4,1,0,30,0
img_001566.jpg,AIDER_flood_image0523.jpg,v4,2,0,30,0
img_001567.jpg,AIDER_flood_image0524.jpg,v4,0,0,30,0
img_001568.jpg,AIDER_flood_image0524.jpg,v4,1,0,30,0
img_001569.jpg,AIDER_flood_image0524.jpg,v4,2,0,23,0
img_001570.jpg,AIDER_flood_image0525.jpg,v4,0,0,30,0
img_001571.jpg,AIDER_flood_image0525.jpg,v4,1,0,30,0
img_001572.jpg,AIDER_flood_image0525.jpg,v4,2,0,30,0
img_001573.jpg,AIDER_flood_image0526.jpg,v4,0,0,24,0
img_001574.jpg,AIDER_flood_image0526.jpg,v4,1,0,30,0
img_001575.jpg,AIDER_flood_image0526.jpg,v4,2,0,30,0
img_001576.jpg,ALLEY_3142_6884_5650.jpg,v4,0,0,30,218
img_001577.jpg,ALLEY_3142_6884_5650.jpg,v4,1,0,18,218
img_001578.jpg,ALLEY_3142_6884_5650.jpg,v4,2,0,23,218
img_001579.jpg,ALLEY_3cbf55ff-d524-461d-bf40-fa489285474d.jpg,v4,0,0,30,35
img_001580.jpg,ALLEY_3cbf55ff-d524-461d-bf40-fa489285474d.jpg,v4,1,0,30,35
img_001581.jpg,ALLEY_3cbf55ff-d524-461d-bf40-fa489285474d.jpg,v4,2,0,30,35
img_001582.jpg,ALLEY_5014_16674_838.jpg,v4,0,1,30,242
img_001583.jpg,ALLEY_5014_16674_838.jpg,v4,1,1,30,242
img_001584.jpg,ALLEY_5014_16674_838.jpg,v4,2,1,26,242
img_001585.jpg,ALLEY____________9__1.jpg,v4,0,0,22,28
img_001586.jpg,ALLEY____________9__1.jpg,v4,1,0,30,28
img_001587.jpg,ALLEY____________9__1.jpg,v4,2,0,23,28
img_001588.jpg,ALLEY_images_-_2025-01-28T151207.888.jpg,v4,0,0,14,51
img_001589.jpg,ALLEY_images_-_2025-01-28T151207.888.jpg,v4,1,0,30,51
img_001590.jpg,ALLEY_images_-_2025-01-28T151207.888.jpg,v4,2,0,29,51
img_001591.jpg,ALLEY_images_-_2025-01-28T154416.248.jpg,v4,0,0,30,88
img_001592.jpg,ALLEY_images_-_2025-01-28T154416.248.jpg,v4,1,0,30,88
img_001593.jpg,ALLEY_images_-_2025-01-28T154416.248.jpg,v4,2,0,28,88
img_001594.jpg,ALLEY_images_-_2025-01-28T163935.282.jpg,v4,0,0,30,76
img_001595.jpg,ALLEY_images_-_2025-01-28T163935.282.jpg,v4,1,0,30,76
img_001596.jpg,ALLEY_images_-_2025-01-28T163935.282.jpg,v4,2,0,25,76
img_001597.jpg,ALLEY_images_-_2025-01-28T163948.667.jpg,v4,0,0,0,135
img_001598.jpg,ALLEY_images_-_2025-01-28T163948.667.jpg,v4,1,0,30,135
img_001599.jpg,ALLEY_images_-_2025-01-28T163948.667.jpg,v4,2,0,30,135
img_001600.jpg,ALLEY_images_-_2025-01-28T163957.275.jpg,v4,0,0,30,32
img_001601.jpg,ALLEY_images_-_2025-01-28T163957.275.jpg,v4,1,0,22,32
img_001602.jpg,ALLEY_images_-_2025-01-28T163957.275.jpg,v4,2,0,30,32
img_001603.jpg,ALLEY_images_-_2025-01-28T164003.942.jpg,v4,0,2,30,14
img_001604.jpg,ALLEY_images_-_2025-01-28T164003.942.jpg,v4,1,2,30,14
img_001605.jpg,ALLEY_images_-_2025-01-28T164003.942.jpg,v4,2,2,30,14
img_001606.jpg,ALLEY_images_-_2025-01-28T164013.086.jpg,v4,0,0,30,0
img_001607.jpg,ALLEY_images_-_2025-01-28T164013.086.jpg,v4,1,0,30,0
img_001608.jpg,ALLEY_images_-_2025-01-28T164013.086.jpg,v4,2,0,23,0
img_001609.jpg,ALLEY_images_-_2025-01-28T164105.674.jpg,v4,0,0,0,177
img_001610.jpg,ALLEY_images_-_2025-01-28T164105.674.jpg,v4,1,0,0,177
img_001611.jpg,ALLEY_images_-_2025-01-28T164105.674.jpg,v4,2,0,0,177
img_001612.jpg,ALLEY_images__46_.jpg,v4,0,0,30,9
img_001613.jpg,ALLEY_images__46_.jpg,v4,1,0,30,9
img_001614.jpg,ALLEY_images__46_.jpg,v4,2,0,15,9
img_001615.jpg,ERA_Flood_001.png,v4,0,2,30,0
img_001616.jpg,ERA_Flood_001.png,v4,1,2,30,0
img_001617.jpg,ERA_Flood_001.png,v4,2,2,30,0
img_001618.jpg,ERA_Flood_001_1.png,v4,0,0,30,0
img_001619.jpg,ERA_Flood_001_1.png,v4,1,0,30,0
img_001620.jpg,ERA_Flood_001_1.png,v4,2,0,30,0
img_001621.jpg,ERA_Flood_002.png,v4,0,0,30,179
img_001622.jpg,ERA_Flood_002.png,v4,1,0,30,179
img_001623.jpg,ERA_Flood_002.png,v4,2,0,30,179
img_001624.jpg,ERA_Flood_002_1.png,v4,0,0,30,0
img_001625.jpg,ERA_Flood_002_1.png,v4,1,0,30,0
img_001626.jpg,ERA_Flood_002_1.png,v4,2,0,30,0
img_001627.jpg,ERA_Flood_003.png,v4,0,0,30,0
img_001628.jpg,ERA_Flood_003.png,v4,1,0,22,0
img_001629.jpg,ERA_Flood_003.png,v4,2,0,24,0
img_001630.jpg,ERA_Flood_003_1.png,v4,0,0,26,0
img_001631.jpg,ERA_Flood_003_1.png,v4,1,0,30,0
img_001632.jpg,ERA_Flood_003_1.png,v4,2,0,25,0
img_001633.jpg,ERA_Flood_004.png,v4,0,0,30,0
img_001634.jpg,ERA_Flood_004.png,v4,1,0,30,0
img_001635.jpg,ERA_Flood_004.png,v4,2,0,30,0
img_001636.jpg,ERA_Flood_004_1.png,v4,0,0,30,19
img_001637.jpg,ERA_Flood_004_1.png,v4,1,0,30,19
img_001638.jpg,ERA_Flood_004_1.png,v4,2,0,23,19
img_001639.jpg,ERA_Flood_005.png,v4,0,0,0,640
img_001640.jpg,ERA_Flood_005.png,v4,1,0,0,640
img_001641.jpg,ERA_Flood_005.png,v4,2,0,0,640
img_001642.jpg,ERA_Flood_005_1.png,v4,0,0,19,0
img_001643.jpg,ERA_Flood_005_1.png,v4,1,0,30,0
img_001644.jpg,ERA_Flood_005_1.png,v4,2,0,30,0
img_001645.jpg,ERA_Flood_006.png,v4,0,0,30,97
img_001646.jpg,ERA_Flood_006.png,v4,1,0,30,97
img_001647.jpg,ERA_Flood_006.png,v4,2,0,30,97
img_001648.jpg,ERA_Flood_006_1.png,v4,0,0,30,62
img_001649.jpg,ERA_Flood_006_1.png,v4,1,0,30,62
img_001650.jpg,ERA_Flood_006_1.png,v4,2,0,30,62
img_001651.jpg,ERA_Flood_007.png,v4,0,0,30,0
img_001652.jpg,ERA_Flood_007.png,v4,1,0,30,0
img_001653.jpg,ERA_Flood_007.png,v4,2,0,30,0
img_001654.jpg,ERA_Flood_007_1.png,v4,0,0,30,0
img_001655.jpg,ERA_Flood_007_1.png,v4,1,0,30,0
img_001656.jpg,ERA_Flood_007_1.png,v4,2,0,22,0
img_001657.jpg,ERA_Flood_008.png,v4,0,0,30,130
img_001658.jpg,ERA_Flood_008.png,v4,1,0,30,130
img_001659.jpg,ERA_Flood_008.png,v4,2,0,30,130
img_001660.jpg,ERA_Flood_008_1.png,v4,0,6,24,23
img_001661.jpg,ERA_Flood_008_1.png,v4,1,6,30,23
img_001662.jpg,ERA_Flood_008_1.png,v4,2,6,30,23
img_001663.jpg,ERA_Flood_009.png,v4,0,0,30,223
img_001664.jpg,ERA_Flood_009.png,v4,1,0,16,223
img_001665.jpg,ERA_Flood_009.png,v4,2,0,23,223
img_001666.jpg,ERA_Flood_009_1.png,v4,0,3,23,14
img_001667.jpg,ERA_Flood_009_1.png,v4,1,3,30,14
img_001668.jpg,ERA_Flood_009_1.png,v4,2,3,30,14
img_001669.jpg,ERA_Flood_010.png,v4,0,0,30,0
img_001670.jpg,ERA_Flood_010.png,v4,1,0,30,0
img_001671.jpg,ERA_Flood_010.png,v4,2,0,30,0
img_001672.jpg,ERA_Flood_010_1.png,v4,0,0,30,129
img_001673.jpg,ERA_Flood_010_1.png,v4,1,0,30,129
img_001674.jpg,ERA_Flood_010_1.png,v4,2,0,30,129
img_001675.jpg,ERA_Flood_011.png,v4,0,0,26,0
img_001676.jpg,ERA_Flood_011.png,v4,1,0,17,0
img_001677.jpg,ERA_Flood_011.png,v4,2,0,22,0
img_001678.jpg,ERA_Flood_011_1.png,v4,0,0,30,0
img_001679.jpg,ERA_Flood_011_1.png,v4,1,0,30,0
img_001680.jpg,ERA_Flood_011_1.png,v4,2,0,30,0
img_001681.jpg,ERA_Flood_012.png,v4,0,0,22,0
img_001682.jpg,ERA_Flood_012.png,v4,1,0,30,0
img_001683.jpg,ERA_Flood_012.png,v4,2,0,30,0
img_001684.jpg,ERA_Flood_012_1.png,v4,0,0,30,332
img_001685.jpg,ERA_Flood_012_1.png,v4,1,0,24,332
img_001686.jpg,ERA_Flood_012_1.png,v4,2,0,20,332
img_001687.jpg,ERA_Flood_013.png,v4,0,1,30,41
img_001688.jpg,ERA_Flood_013.png,v4,1,1,30,41
img_001689.jpg,ERA_Flood_013.png,v4,2,1,30,41
img_001690.jpg,ERA_Flood_013_1.png,v4,0,0,30,40
img_001691.jpg,ERA_Flood_013_1.png,v4,1,0,22,40
img_001692.jpg,ERA_Flood_013_1.png,v4,2,0,30,40
img_001693.jpg,ERA_Flood_014.png,v4,0,0,30,0
img_001694.jpg,ERA_Flood_014.png,v4,1,0,22,0
img_001695.jpg,ERA_Flood_014.png,v4,2,0,22,0
img_001696.jpg,ERA_Flood_014_1.png,v4,0,0,26,3
img_001697.jpg,ERA_Flood_014_1.png,v4,1,0,30,3
img_001698.jpg,ERA_Flood_014_1.png,v4,2,0,26,3
img_001699.jpg,ERA_Flood_015.png,v4,0,1,30,63
img_001700.jpg,ERA_Flood_015.png,v4,1,1,23,63
img_001701.jpg,ERA_Flood_015.png,v4,2,1,30,63
img_001702.jpg,ERA_Flood_015_1.png,v4,0,0,30,0
img_001703.jpg,ERA_Flood_015_1.png,v4,1,0,30,0
img_001704.jpg,ERA_Flood_015_1.png,v4,2,0,30,0
img_001705.jpg,ERA_Flood_016.png,v4,0,0,30,0
img_001706.jpg,ERA_Flood_016.png,v4,1,0,30,0
img_001707.jpg,ERA_Flood_016.png,v4,2,0,30,0
img_001708.jpg,ERA_Flood_016_1.png,v4,0,0,26,71
img_001709.jpg,ERA_Flood_016_1.png,v4,1,0,30,71
img_001710.jpg,ERA_Flood_016_1.png,v4,2,0,24,71
img_001711.jpg,ERA_Flood_017.png,v4,0,0,30,106
img_001712.jpg,ERA_Flood_017.png,v4,1,0,30,106
img_001713.jpg,ERA_Flood_017.png,v4,2,0,30,106
img_001714.jpg,ERA_Flood_017_1.png,v4,0,0,30,112
img_001715.jpg,ERA_Flood_017_1.png,v4,1,0,30,112
img_001716.jpg,ERA_Flood_017_1.png,v4,2,0,30,112
img_001717.jpg,ERA_Flood_018.png,v4,0,0,30,0
img_001718.jpg,ERA_Flood_018.png,v4,1,0,30,0
img_001719.jpg,ERA_Flood_018.png,v4,2,0,30,0
img_001720.jpg,ERA_Flood_018_1.png,v4,0,0,30,254
img_001721.jpg,ERA_Flood_018_1.png,v4,1,0,30,254
img_001722.jpg,ERA_Flood_018_1.png,v4,2,0,30,254
img_001723.jpg,ERA_Flood_019.png,v4,0,0,30,112
img_001724.jpg,ERA_Flood_019.png,v4,1,0,30,112
img_001725.jpg,ERA_Flood_019.png,v4,2,0,30,112
img_001726.jpg,ERA_Flood_019_1.png,v4,0,1,30,3
img_001727.jpg,ERA_Flood_019_1.png,v4,1,1,30,3
img_001728.jpg,ERA_Flood_019_1.png,v4,2,1,30,3
img_001729.jpg,ERA_Flood_020.png,v4,0,0,30,0
img_001730.jpg,ERA_Flood_020.png,v4,1,0,30,0
img_001731.jpg,ERA_Flood_020.png,v4,2,0,30,0
img_001732.jpg,ERA_Flood_020_1.png,v4,0,2,30,0
img_001733.jpg,ERA_Flood_020_1.png,v4,1,2,30,0
img_001734.jpg,ERA_Flood_020_1.png,v4,2,2,30,0
img_001735.jpg,ERA_Flood_021.png,v4,0,0,30,135
img_001736.jpg,ERA_Flood_021.png,v4,1,0,30,135
img_001737.jpg,ERA_Flood_021.png,v4,2,0,30,135
img_001738.jpg,ERA_Flood_021_1.png,v4,0,1,30,161
img_001739.jpg,ERA_Flood_021_1.png,v4,1,1,30,161
img_001740.jpg,ERA_Flood_021_1.png,v4,2,1,30,161
img_001741.jpg,ERA_Flood_022.png,v4,0,0,24,88
img_001742.jpg,ERA_Flood_022.png,v4,1,0,25,88
img_001743.jpg,ERA_Flood_022.png,v4,2,0,30,88
img_001744.jpg,ERA_Flood_022_1.png,v4,0,17,30,14
img_001745.jpg,ERA_Flood_022_1.png,v4,1,17,30,14
img_001746.jpg,ERA_Flood_022_1.png,v4,2,17,30,14
img_001747.jpg,ERA_Flood_023.png,v4,0,0,30,0
img_001748.jpg,ERA_Flood_023.png,v4,1,0,30,0
img_001749.jpg,ERA_Flood_023.png,v4,2,0,24,0
img_001750.jpg,ERA_Flood_023_1.png,v4,0,1,22,60
img_001751.jpg,ERA_Flood_023_1.png,v4,1,1,21,60
img_001752.jpg,ERA_Flood_023_1.png,v4,2,1,30,60
img_001753.jpg,ERA_Flood_024.png,v4,0,0,23,0
img_001754.jpg,ERA_Flood_024.png,v4,1,0,30,0
img_001755.jpg,ERA_Flood_024.png,v4,2,0,30,0
img_001756.jpg,ERA_Flood_024_1.png,v4,0,1,30,58
img_001757.jpg,ERA_Flood_024_1.png,v4,1,1,25,58
img_001758.jpg,ERA_Flood_024_1.png,v4,2,1,30,58
img_001759.jpg,ERA_Flood_025.png,v4,0,0,30,0
img_001760.jpg,ERA_Flood_025.png,v4,1,0,30,0
img_001761.jpg,ERA_Flood_025.png,v4,2,0,30,0
img_001762.jpg,ERA_Flood_025_1.png,v4,0,0,27,0
img_001763.jpg,ERA_Flood_025_1.png,v4,1,0,30,0
img_001764.jpg,ERA_Flood_025_1.png,v4,2,0,30,0
img_001765.jpg,ERA_Flood_026.png,v4,0,0,23,88
img_001766.jpg,ERA_Flood_026.png,v4,1,0,30,88
img_001767.jpg,ERA_Flood_026.png,v4,2,0,30,88
img_001768.jpg,ERA_Flood_026_1.png,v4,0,0,30,193
img_001769.jpg,ERA_Flood_026_1.png,v4,1,0,30,193
img_001770.jpg,ERA_Flood_026_1.png,v4,2,0,21,193
img_001771.jpg,ERA_Flood_027.png,v4,0,0,7,599
img_001772.jpg,ERA_Flood_027.png,v4,1,0,5,599
img_001773.jpg,ERA_Flood_027.png,v4,2,0,6,599
img_001774.jpg,ERA_Flood_027_1.png,v4,0,0,19,0
img_001775.jpg,ERA_Flood_027_1.png,v4,1,0,25,0
img_001776.jpg,ERA_Flood_027_1.png,v4,2,0,30,0
img_001777.jpg,ERA_Flood_028.png,v4,0,0,30,86
img_001778.jpg,ERA_Flood_028.png,v4,1,0,30,86
img_001779.jpg,ERA_Flood_028.png,v4,2,0,20,86
img_001780.jpg,ERA_Flood_028_1.png,v4,0,0,30,0
img_001781.jpg,ERA_Flood_028_1.png,v4,1,0,30,0
img_001782.jpg,ERA_Flood_028_1.png,v4,2,0,24,0
img_001783.jpg,ERA_Flood_029.png,v4,0,0,30,0
img_001784.jpg,ERA_Flood_029.png,v4,1,0,30,0
img_001785.jpg,ERA_Flood_029.png,v4,2,0,30,0
img_001786.jpg,ERA_Flood_029_1.png,v4,0,1,0,640
img_001787.jpg,ERA_Flood_029_1.png,v4,1,1,0,640
img_001788.jpg,ERA_Flood_029_1.png,v4,2,1,0,640
img_001789.jpg,ERA_Flood_030.png,v4,0,0,30,0
img_001790.jpg,ERA_Flood_030.png,v4,1,0,22,0
img_001791.jpg,ERA_Flood_030.png,v4,2,0,30,0
img_001792.jpg,ERA_Flood_030_1.png,v4,0,0,30,0
img_001793.jpg,ERA_Flood_030_1.png,v4,1,0,30,0
img_001794.jpg,ERA_Flood_030_1.png,v4,2,0,30,0
img_001795.jpg,ERA_Flood_031.png,v4,0,0,30,0
img_001796.jpg,ERA_Flood_031.png,v4,1,0,30,0
img_001797.jpg,ERA_Flood_031.png,v4,2,0,30,0
img_001798.jpg,ERA_Flood_031_1.png,v4,0,0,30,0
img_001799.jpg,ERA_Flood_031_1.png,v4,1,0,21,0
img_001800.jpg,ERA_Flood_031_1.png,v4,2,0,30,0
img_001801.jpg,ERA_Flood_032.png,v4,0,0,20,0
img_001802.jpg,ERA_Flood_032.png,v4,1,0,30,0
img_001803.jpg,ERA_Flood_032.png,v4,2,0,30,0
img_001804.jpg,ERA_Flood_032_1.png,v4,0,0,30,23
img_001805.jpg,ERA_Flood_032_1.png,v4,1,0,30,23
img_001806.jpg,ERA_Flood_032_1.png,v4,2,0,30,23
img_001807.jpg,ERA_Flood_033.png,v4,0,0,30,0
img_001808.jpg,ERA_Flood_033.png,v4,1,0,30,0
img_001809.jpg,ERA_Flood_033.png,v4,2,0,23,0
img_001810.jpg,ERA_Flood_033_1.png,v4,0,10,24,0
img_001811.jpg,ERA_Flood_033_1.png,v4,1,10,30,0
img_001812.jpg,ERA_Flood_033_1.png,v4,2,10,30,0
img_001813.jpg,ERA_Flood_034.png,v4,0,0,23,61
img_001814.jpg,ERA_Flood_034.png,v4,1,0,30,61
img_001815.jpg,ERA_Flood_034.png,v4,2,0,30,61
img_001816.jpg,ERA_Flood_034_1.png,v4,0,0,30,0
img_001817.jpg,ERA_Flood_034_1.png,v4,1,0,30,0
img_001818.jpg,ERA_Flood_034_1.png,v4,2,0,30,0
img_001819.jpg,ERA_Flood_035.png,v4,0,0,23,192
img_001820.jpg,ERA_Flood_035.png,v4,1,0,30,192
img_001821.jpg,ERA_Flood_035.png,v4,2,0,22,192
img_001822.jpg,ERA_Flood_035_1.png,v4,0,0,30,241
img_001823.jpg,ERA_Flood_035_1.png,v4,1,0,30,241
img_001824.jpg,ERA_Flood_035_1.png,v4,2,0,30,241
img_001825.jpg,ERA_Flood_036.png,v4,0,0,30,0
img_001826.jpg,ERA_Flood_036.png,v4,1,0,30,0
img_001827.jpg,ERA_Flood_036.png,v4,2,0,30,0
img_001828.jpg,ERA_Flood_036_1.png,v4,0,0,30,0
img_001829.jpg,ERA_Flood_036_1.png,v4,1,0,30,0
img_001830.jpg,ERA_Flood_036_1.png,v4,2,0,30,0
img_001831.jpg,ERA_Flood_037.png,v4,0,0,30,209
img_001832.jpg,ERA_Flood_037.png,v4,1,0,30,209
img_001833.jpg,ERA_Flood_037.png,v4,2,0,30,209
img_001834.jpg,ERA_Flood_037_1.png,v4,0,0,30,0
img_001835.jpg,ERA_Flood_037_1.png,v4,1,0,30,0
img_001836.jpg,ERA_Flood_037_1.png,v4,2,0,30,0
img_001837.jpg,ERA_Flood_038.png,v4,0,0,30,144
img_001838.jpg,ERA_Flood_038.png,v4,1,0,30,144
img_001839.jpg,ERA_Flood_038.png,v4,2,0,30,144
img_001840.jpg,ERA_Flood_038_1.png,v4,0,0,20,398
img_001841.jpg,ERA_Flood_038_1.png,v4,1,0,19,398
img_001842.jpg,ERA_Flood_038_1.png,v4,2,0,30,398
img_001843.jpg,ERA_Flood_039.png,v4,0,0,30,0
img_001844.jpg,ERA_Flood_039.png,v4,1,0,30,0
img_001845.jpg,ERA_Flood_039.png,v4,2,0,23,0
img_001846.jpg,ERA_Flood_039_1.png,v4,0,0,22,0
img_001847.jpg,ERA_Flood_039_1.png,v4,1,0,30,0
img_001848.jpg,ERA_Flood_039_1.png,v4,2,0,30,0
img_001849.jpg,ERA_Flood_040.png,v4,0,0,30,58
img_001850.jpg,ERA_Flood_040.png,v4,1,0,30,58
img_001851.jpg,ERA_Flood_040.png,v4,2,0,30,58
img_001852.jpg,ERA_Flood_040_1.png,v4,0,0,30,0
img_001853.jpg,ERA_Flood_040_1.png,v4,1,0,30,0
img_001854.jpg,ERA_Flood_040_1.png,v4,2,0,30,0
img_001855.jpg,ERA_Flood_041.png,v4,0,0,30,0
img_001856.jpg,ERA_Flood_041.png,v4,1,0,30,0
img_001857.jpg,ERA_Flood_041.png,v4,2,0,30,0
img_001858.jpg,ERA_Flood_041_1.png,v4,0,1,30,47
img_001859.jpg,ERA_Flood_041_1.png,v4,1,1,30,47
img_001860.jpg,ERA_Flood_041_1.png,v4,2,1,30,47
img_001861.jpg,ERA_Flood_042.png,v4,0,0,30,129
img_001862.jpg,ERA_Flood_042.png,v4,1,0,30,129
img_001863.jpg,ERA_Flood_042.png,v4,2,0,30,129
img_001864.jpg,ERA_Flood_042_1.png,v4,0,0,30,304
img_001865.jpg,ERA_Flood_042_1.png,v4,1,0,14,304
img_001866.jpg,ERA_Flood_042_1.png,v4,2,0,30,304
img_001867.jpg,ERA_Flood_043.png,v4,0,0,23,0
img_001868.jpg,ERA_Flood_043.png,v4,1,0,30,0
img_001869.jpg,ERA_Flood_043.png,v4,2,0,30,0
img_001870.jpg,ERA_Flood_043_1.png,v4,0,0,30,13
img_001871.jpg,ERA_Flood_043_1.png,v4,1,0,30,13
img_001872.jpg,ERA_Flood_043_1.png,v4,2,0,30,13
img_001873.jpg,ERA_Flood_044.png,v4,0,0,30,20
img_001874.jpg,ERA_Flood_044.png,v4,1,0,30,20
img_001875.jpg,ERA_Flood_044.png,v4,2,0,30,20
img_001876.jpg,ERA_Flood_044_1.png,v4,0,0,30,0
img_001877.jpg,ERA_Flood_044_1.png,v4,1,0,30,0
img_001878.jpg,ERA_Flood_044_1.png,v4,2,0,30,0
img_001879.jpg,ERA_Flood_045.png,v4,0,0,11,565
img_001880.jpg,ERA_Flood_045.png,v4,1,0,12,565
img_001881.jpg,ERA_Flood_045.png,v4,2,0,22,565
img_001882.jpg,ERA_Flood_045_1.png,v4,0,0,30,62
img_001883.jpg,ERA_Flood_045_1.png,v4,1,0,30,62
img_001884.jpg,ERA_Flood_045_1.png,v4,2,0,24,62
img_001885.jpg,ERA_Flood_046.png,v4,0,0,28,310
img_001886.jpg,ERA_Flood_046.png,v4,1,0,30,310
img_001887.jpg,ERA_Flood_046.png,v4,2,0,30,310
img_001888.jpg,ERA_Flood_046_1.png,v4,0,0,30,0
img_001889.jpg,ERA_Flood_046_1.png,v4,1,0,30,0
img_001890.jpg,ERA_Flood_046_1.png,v4,2,0,30,0
img_001891.jpg,ERA_Flood_047.png,v4,0,0,30,0
img_001892.jpg,ERA_Flood_047.png,v4,1,0,25,0
img_001893.jpg,ERA_Flood_047.png,v4,2,0,30,0
img_001894.jpg,ERA_Flood_047_1.png,v4,0,0,30,0
img_001895.jpg,ERA_Flood_047_1.png,v4,1,0,30,0
img_001896.jpg,ERA_Flood_047_1.png,v4,2,0,23,0
img_001897.jpg,ERA_Flood_048.png,v4,0,0,23,38
img_001898.jpg,ERA_Flood_048.png,v4,1,0,30,38
img_001899.jpg,ERA_Flood_048.png,v4,2,0,30,38
img_001900.jpg,ERA_Flood_048_1.png,v4,0,0,30,58
img_001901.jpg,ERA_Flood_048_1.png,v4,1,0,30,58
img_001902.jpg,ERA_Flood_048_1.png,v4,2,0,30,58
img_001903.jpg,ERA_Flood_049.png,v4,0,0,30,149
img_001904.jpg,ERA_Flood_049.png,v4,1,0,30,149
img_001905.jpg,ERA_Flood_049.png,v4,2,0,30,149
img_001906.jpg,ERA_Flood_049_1.png,v4,0,0,30,73
img_001907.jpg,ERA_Flood_049_1.png,v4,1,0,30,73
img_001908.jpg,ERA_Flood_049_1.png,v4,2,0,30,73
img_001909.jpg,ERA_Flood_050.png,v4,0,0,30,27
img_001910.jpg,ERA_Flood_050.png,v4,1,0,30,27
img_001911.jpg,ERA_Flood_050.png,v4,2,0,30,27
img_001912.jpg,ERA_Flood_051.png,v4,0,0,30,77
img_001913.jpg,ERA_Flood_051.png,v4,1,0,30,77
img_001914.jpg,ERA_Flood_051.png,v4,2,0,30,77
img_001915.jpg,ERA_Landslide_001.png,v4,0,0,22,0
img_001916.jpg,ERA_Landslide_001.png,v4,1,0,30,0
img_001917.jpg,ERA_Landslide_001.png,v4,2,0,22,0
img_001918.jpg,ERA_Landslide_001_1.png,v4,0,0,30,144
img_001919.jpg,ERA_Landslide_001_1.png,v4,1,0,17,144
img_001920.jpg,ERA_Landslide_001_1.png,v4,2,0,26,144
img_001921.jpg,ERA_Landslide_002.png,v4,0,3,30,0
img_001922.jpg,ERA_Landslide_002.png,v4,1,3,30,0
img_001923.jpg,ERA_Landslide_002.png,v4,2,3,30,0
img_001924.jpg,ERA_Landslide_002_1.png,v4,0,2,30,0
img_001925.jpg,ERA_Landslide_002_1.png,v4,1,2,30,0
img_001926.jpg,ERA_Landslide_002_1.png,v4,2,2,30,0
img_001927.jpg,ERA_Landslide_003.png,v4,0,0,30,0
img_001928.jpg,ERA_Landslide_003.png,v4,1,0,30,0
img_001929.jpg,ERA_Landslide_003.png,v4,2,0,30,0
img_001930.jpg,ERA_Landslide_003_1.png,v4,0,0,30,213
img_001931.jpg,ERA_Landslide_003_1.png,v4,1,0,30,213
img_001932.jpg,ERA_Landslide_003_1.png,v4,2,0,26,213
img_001933.jpg,ERA_Landslide_004.png,v4,0,0,30,0
img_001934.jpg,ERA_Landslide_004.png,v4,1,0,30,0
img_001935.jpg,ERA_Landslide_004.png,v4,2,0,30,0
img_001936.jpg,ERA_Landslide_004_1.png,v4,0,4,30,46
img_001937.jpg,ERA_Landslide_004_1.png,v4,1,4,30,46
img_001938.jpg,ERA_Landslide_004_1.png,v4,2,4,30,46
img_001939.jpg,ERA_Landslide_005.png,v4,0,0,30,317
img_001940.jpg,ERA_Landslide_005.png,v4,1,0,30,317
img_001941.jpg,ERA_Landslide_005.png,v4,2,0,30,317
img_001942.jpg,ERA_Landslide_005_1.png,v4,0,0,23,0
img_001943.jpg,ERA_Landslide_005_1.png,v4,1,0,30,0
img_001944.jpg,ERA_Landslide_005_1.png,v4,2,0,30,0
img_001945.jpg,ERA_Landslide_006.png,v4,0,0,30,54
img_001946.jpg,ERA_Landslide_006.png,v4,1,0,30,54
img_001947.jpg,ERA_Landslide_006.png,v4,2,0,30,54
img_001948.jpg,ERA_Landslide_006_1.png,v4,0,0,30,0
img_001949.jpg,ERA_Landslide_006_1.png,v4,1,0,30,0
img_001950.jpg,ERA_Landslide_006_1.png,v4,2,0,30,0
img_001951.jpg,ERA_Landslide_007.png,v4,0,0,30,0
img_001952.jpg,ERA_Landslide_007.png,v4,1,0,30,0
img_001953.jpg,ERA_Landslide_007.png,v4,2,0,22,0
img_001954.jpg,ERA_Landslide_007_1.png,v4,0,0,30,0
img_001955.jpg,ERA_Landslide_007_1.png,v4,1,0,30,0
img_001956.jpg,ERA_Landslide_007_1.png,v4,2,0,30,0
img_001957.jpg,ERA_Landslide_008.png,v4,0,0,26,22
img_001958.jpg,ERA_Landslide_008.png,v4,1,0,25,22
img_001959.jpg,ERA_Landslide_008.png,v4,2,0,30,22
img_001960.jpg,ERA_Landslide_008_1.png,v4,0,0,30,0
img_001961.jpg,ERA_Landslide_008_1.png,v4,1,0,30,0
img_001962.jpg,ERA_Landslide_008_1.png,v4,2,0,30,0
img_001963.jpg,ERA_Landslide_009.png,v4,0,0,30,150
img_001964.jpg,ERA_Landslide_009.png,v4,1,0,30,150
img_001965.jpg,ERA_Landslide_009.png,v4,2,0,30,150
img_001966.jpg,ERA_Landslide_009_1.png,v4,0,0,30,133
img_001967.jpg,ERA_Landslide_009_1.png,v4,1,0,30,133
img_001968.jpg,ERA_Landslide_009_1.png,v4,2,0,30,133
img_001969.jpg,ERA_Landslide_010.png,v4,0,0,30,255
img_001970.jpg,ERA_Landslide_010.png,v4,1,0,23,255
img_001971.jpg,ERA_Landslide_010.png,v4,2,0,30,255
img_001972.jpg,ERA_Landslide_010_1.png,v4,0,0,30,0
img_001973.jpg,ERA_Landslide_010_1.png,v4,1,0,30,0
img_001974.jpg,ERA_Landslide_010_1.png,v4,2,0,30,0
img_001975.jpg,ERA_Landslide_011.png,v4,0,0,30,0
img_001976.jpg,ERA_Landslide_011.png,v4,1,0,18,0
img_001977.jpg,ERA_Landslide_011.png,v4,2,0,30,0
img_001978.jpg,ERA_Landslide_011_1.png,v4,0,0,30,163
img_001979.jpg,ERA_Landslide_011_1.png,v4,1,0,30,163
img_001980.jpg,ERA_Landslide_011_1.png,v4,2,0,30,163
img_001981.jpg,ERA_Landslide_012.png,v4,0,0,22,125
img_001982.jpg,ERA_Landslide_012.png,v4,1,0,30,125
img_001983.jpg,ERA_Landslide_012.png,v4,2,0,30,125
img_001984.jpg,ERA_Landslide_012_1.png,v4,0,0,30,0
img_001985.jpg,ERA_Landslide_012_1.png,v4,1,0,30,0
img_001986.jpg,ERA_Landslide_012_1.png,v4,2,0,30,0
img_001987.jpg,ERA_Landslide_013.png,v4,0,0,30,0
img_001988.jpg,ERA_Landslide_013.png,v4,1,0,30,0
img_001989.jpg,ERA_Landslide_013.png,v4,2,0,30,0
img_001990.jpg,ERA_Landslide_013_1.png,v4,0,0,30,88
img_001991.jpg,ERA_Landslide_013_1.png,v4,1,0,30,88
img_001992.jpg,ERA_Landslide_013_1.png,v4,2,0,30,88
img_001993.jpg,ERA_Landslide_014.png,v4,0,2,30,0
img_001994.jpg,ERA_Landslide_014.png,v4,1,2,30,0
img_001995.jpg,ERA_Landslide_014.png,v4,2,2,30,0
img_001996.jpg,ERA_Landslide_014_1.png,v4,0,0,30,0
img_001997.jpg,ERA_Landslide_014_1.png,v4,1,0,30,0
img_001998.jpg,ERA_Landslide_014_1.png,v4,2,0,30,0
img_001999.jpg,ERA_Landslide_015.png,v4,0,0,30,85
img_002000.jpg,ERA_Landslide_015.png,v4,1,0,30,85
img_002001.jpg,ERA_Landslide_015.png,v4,2,0,30,85
img_002002.jpg,ERA_Landslide_015_1.png,v4,0,0,30,10
img_002003.jpg,ERA_Landslide_015_1.png,v4,1,0,30,10
img_002004.jpg,ERA_Landslide_015_1.png,v4,2,0,30,10
img_002005.jpg,ERA_Landslide_016.png,v4,0,0,30,0
img_002006.jpg,ERA_Landslide_016.png,v4,1,0,30,0
img_002007.jpg,ERA_Landslide_016.png,v4,2,0,30,0
img_002008.jpg,ERA_Landslide_016_1.png,v4,0,0,30,0
img_002009.jpg,ERA_Landslide_016_1.png,v4,1,0,30,0
img_002010.jpg,ERA_Landslide_016_1.png,v4,2,0,30,0
img_002011.jpg,ERA_Landslide_017.png,v4,0,1,30,49
img_002012.jpg,ERA_Landslide_017.png,v4,1,1,26,49
img_002013.jpg,ERA_Landslide_017.png,v4,2,1,30,49
img_002014.jpg,ERA_Landslide_017_1.png,v4,0,0,30,198
img_002015.jpg,ERA_Landslide_017_1.png,v4,1,0,17,198
img_002016.jpg,ERA_Landslide_017_1.png,v4,2,0,19,198
img_002017.jpg,ERA_Landslide_018.png,v4,0,0,22,0
img_002018.jpg,ERA_Landslide_018.png,v4,1,0,30,0
img_002019.jpg,ERA_Landslide_018.png,v4,2,0,30,0
img_002020.jpg,ERA_Landslide_018_1.png,v4,0,0,30,28
img_002021.jpg,ERA_Landslide_018_1.png,v4,1,0,30,28
img_002022.jpg,ERA_Landslide_018_1.png,v4,2,0,30,28
img_002023.jpg,ERA_Landslide_019.png,v4,0,0,30,0
img_002024.jpg,ERA_Landslide_019.png,v4,1,0,24,0
img_002025.jpg,ERA_Landslide_019.png,v4,2,0,30,0
img_002026.jpg,ERA_Landslide_019_1.png,v4,0,0,30,0
img_002027.jpg,ERA_Landslide_019_1.png,v4,1,0,30,0
img_002028.jpg,ERA_Landslide_019_1.png,v4,2,0,30,0
img_002029.jpg,ERA_Landslide_020.png,v4,0,0,30,0
img_002030.jpg,ERA_Landslide_020.png,v4,1,0,30,0
img_002031.jpg,ERA_Landslide_020.png,v4,2,0,30,0
img_002032.jpg,ERA_Landslide_020_1.png,v4,0,0,24,71
img_002033.jpg,ERA_Landslide_020_1.png,v4,1,0,30,71
img_002034.jpg,ERA_Landslide_020_1.png,v4,2,0,30,71
img_002035.jpg,ERA_Landslide_021.png,v4,0,0,30,181
img_002036.jpg,ERA_Landslide_021.png,v4,1,0,19,181
img_002037.jpg,ERA_Landslide_021.png,v4,2,0,30,181
img_002038.jpg,ERA_Landslide_021_1.png,v4,0,0,30,30
img_002039.jpg,ERA_Landslide_021_1.png,v4,1,0,30,30
img_002040.jpg,ERA_Landslide_021_1.png,v4,2,0,30,30
img_002041.jpg,ERA_Landslide_022.png,v4,0,1,30,22
img_002042.jpg,ERA_Landslide_022.png,v4,1,1,30,22
img_002043.jpg,ERA_Landslide_022.png,v4,2,1,30,22
img_002044.jpg,ERA_Landslide_022_1.png,v4,0,0,30,18
img_002045.jpg,ERA_Landslide_022_1.png,v4,1,0,30,18
img_002046.jpg,ERA_Landslide_022_1.png,v4,2,0,26,18
img_002047.jpg,ERA_Landslide_023.png,v4,0,10,19,182
img_002048.jpg,ERA_Landslide_023.png,v4,1,10,30,182
img_002049.jpg,ERA_Landslide_023.png,v4,2,10,26,182
img_002050.jpg,ERA_Landslide_023_1.png,v4,0,0,30,0
img_002051.jpg,ERA_Landslide_023_1.png,v4,1,0,30,0
img_002052.jpg,ERA_Landslide_023_1.png,v4,2,0,30,0
img_002053.jpg,ERA_Landslide_024.png,v4,0,0,30,144
img_002054.jpg,ERA_Landslide_024.png,v4,1,0,30,144
img_002055.jpg,ERA_Landslide_024.png,v4,2,0,30,144
img_002056.jpg,ERA_Landslide_024_1.png,v4,0,0,30,0
img_002057.jpg,ERA_Landslide_024_1.png,v4,1,0,30,0
img_002058.jpg,ERA_Landslide_024_1.png,v4,2,0,23,0
img_002059.jpg,ERA_Landslide_025.png,v4,0,0,30,86
img_002060.jpg,ERA_Landslide_025.png,v4,1,0,25,86
img_002061.jpg,ERA_Landslide_025.png,v4,2,0,30,86
img_002062.jpg,ERA_Landslide_025_1.png,v4,0,0,30,0
img_002063.jpg,ERA_Landslide_025_1.png,v4,1,0,30,0
img_002064.jpg,ERA_Landslide_025_1.png,v4,2,0,30,0
img_002065.jpg,ERA_Landslide_026.png,v4,0,0,21,205
img_002066.jpg,ERA_Landslide_026.png,v4,1,0,30,205
img_002067.jpg,ERA_Landslide_026.png,v4,2,0,26,205
img_002068.jpg,ERA_Landslide_026_1.png,v4,0,0,30,121
img_002069.jpg,ERA_Landslide_026_1.png,v4,1,0,30,121
img_002070.jpg,ERA_Landslide_026_1.png,v4,2,0,30,121
img_002071.jpg,ERA_Landslide_027.png,v4,0,0,30,257
img_002072.jpg,ERA_Landslide_027.png,v4,1,0,23,257
img_002073.jpg,ERA_Landslide_027.png,v4,2,0,30,257
img_002074.jpg,ERA_Landslide_027_1.png,v4,0,0,24,0
img_002075.jpg,ERA_Landslide_027_1.png,v4,1,0,30,0
img_002076.jpg,ERA_Landslide_027_1.png,v4,2,0,23,0
img_002077.jpg,ERA_Landslide_028.png,v4,0,7,30,275
img_002078.jpg,ERA_Landslide_028.png,v4,1,7,30,275
img_002079.jpg,ERA_Landslide_028.png,v4,2,7,30,275
img_002080.jpg,ERA_Landslide_028_1.png,v4,0,0,30,0
img_002081.jpg,ERA_Landslide_028_1.png,v4,1,0,30,0
img_002082.jpg,ERA_Landslide_028_1.png,v4,2,0,30,0
img_002083.jpg,ERA_Landslide_029.png,v4,0,0,21,0
img_002084.jpg,ERA_Landslide_029.png,v4,1,0,30,0
img_002085.jpg,ERA_Landslide_029.png,v4,2,0,30,0
img_002086.jpg,ERA_Landslide_029_1.png,v4,0,0,30,0
img_002087.jpg,ERA_Landslide_029_1.png,v4,1,0,24,0
img_002088.jpg,ERA_Landslide_029_1.png,v4,2,0,30,0
img_002089.jpg,ERA_Landslide_030.png,v4,0,0,30,268
img_002090.jpg,ERA_Landslide_030.png,v4,1,0,30,268
img_002091.jpg,ERA_Landslide_030.png,v4,2,0,30,268
img_002092.jpg,ERA_Landslide_030_1.png,v4,0,0,30,0
img_002093.jpg,ERA_Landslide_030_1.png,v4,1,0,30,0
img_002094.jpg,ERA_Landslide_030_1.png,v4,2,0,30,0
img_002095.jpg,ERA_Landslide_031.png,v4,0,5,30,246
img_002096.jpg,ERA_Landslide_031.png,v4,1,5,21,246
img_002097.jpg,ERA_Landslide_031.png,v4,2,5,26,246
img_002098.jpg,ERA_Landslide_031_1.png,v4,0,0,30,0
img_002099.jpg,ERA_Landslide_031_1.png,v4,1,0,30,0
img_002100.jpg,ERA_Landslide_031_1.png,v4,2,0,30,0
img_002101.jpg,ERA_Landslide_032.png,v4,0,0,30,0
img_002102.jpg,ERA_Landslide_032.png,v4,1,0,30,0
img_002103.jpg,ERA_Landslide_032.png,v4,2,0,27,0
img_002104.jpg,ERA_Landslide_032_1.png,v4,0,1,30,48
img_002105.jpg,ERA_Landslide_032_1.png,v4,1,1,30,48
img_002106.jpg,ERA_Landslide_032_1.png,v4,2,1,30,48
img_002107.jpg,ERA_Landslide_033.png,v4,0,0,22,0
img_002108.jpg,ERA_Landslide_033.png,v4,1,0,30,0
img_002109.jpg,ERA_Landslide_033.png,v4,2,0,30,0
img_002110.jpg,ERA_Landslide_033_1.png,v4,0,0,26,0
img_002111.jpg,ERA_Landslide_033_1.png,v4,1,0,24,0
img_002112.jpg,ERA_Landslide_033_1.png,v4,2,0,30,0
img_002113.jpg,ERA_Landslide_034.png,v4,0,0,30,16
img_002114.jpg,ERA_Landslide_034.png,v4,1,0,26,16
img_002115.jpg,ERA_Landslide_034.png,v4,2,0,30,16
img_002116.jpg,ERA_Landslide_034_1.png,v4,0,0,16,90
img_002117.jpg,ERA_Landslide_034_1.png,v4,1,0,30,90
img_002118.jpg,ERA_Landslide_034_1.png,v4,2,0,30,90
img_002119.jpg,ERA_Landslide_035.png,v4,0,4,30,178
img_002120.jpg,ERA_Landslide_035.png,v4,1,4,30,178
img_002121.jpg,ERA_Landslide_035.png,v4,2,4,30,178
img_002122.jpg,ERA_Landslide_035_1.png,v4,0,0,30,0
img_002123.jpg,ERA_Landslide_035_1.png,v4,1,0,30,0
img_002124.jpg,ERA_Landslide_035_1.png,v4,2,0,22,0
img_002125.jpg,ERA_Landslide_036.png,v4,0,0,30,33
img_002126.jpg,ERA_Landslide_036.png,v4,1,0,22,33
img_002127.jpg,ERA_Landslide_036.png,v4,2,0,24,33
img_002128.jpg,ERA_Landslide_036_1.png,v4,0,0,30,0
img_002129.jpg,ERA_Landslide_036_1.png,v4,1,0,30,0
img_002130.jpg,ERA_Landslide_036_1.png,v4,2,0,30,0
img_002131.jpg,ERA_Landslide_037.png,v4,0,0,30,0
img_002132.jpg,ERA_Landslide_037.png,v4,1,0,30,0
img_002133.jpg,ERA_Landslide_037.png,v4,2,0,30,0
img_002134.jpg,ERA_Landslide_037_1.png,v4,0,0,30,108
img_002135.jpg,ERA_Landslide_037_1.png,v4,1,0,30,108
img_002136.jpg,ERA_Landslide_037_1.png,v4,2,0,30,108
img_002137.jpg,ERA_Landslide_038.png,v4,0,1,30,0
img_002138.jpg,ERA_Landslide_038.png,v4,1,1,30,0
img_002139.jpg,ERA_Landslide_038.png,v4,2,1,30,0
img_002140.jpg,ERA_Landslide_038_1.png,v4,0,2,30,76
img_002141.jpg,ERA_Landslide_038_1.png,v4,1,2,30,76
img_002142.jpg,ERA_Landslide_038_1.png,v4,2,2,22,76
img_002143.jpg,ERA_Landslide_039.png,v4,0,0,30,229
img_002144.jpg,ERA_Landslide_039.png,v4,1,0,30,229
img_002145.jpg,ERA_Landslide_039.png,v4,2,0,30,229
img_002146.jpg,ERA_Landslide_039_1.png,v4,0,0,30,0
img_002147.jpg,ERA_Landslide_039_1.png,v4,1,0,24,0
img_002148.jpg,ERA_Landslide_039_1.png,v4,2,0,30,0
img_002149.jpg,ERA_Landslide_040.png,v4,0,0,30,0
img_002150.jpg,ERA_Landslide_040.png,v4,1,0,30,0
img_002151.jpg,ERA_Landslide_040.png,v4,2,0,25,0
img_002152.jpg,ERA_Landslide_040_1.png,v4,0,0,16,0
img_002153.jpg,ERA_Landslide_040_1.png,v4,1,0,30,0
img_002154.jpg,ERA_Landslide_040_1.png,v4,2,0,30,0
img_002155.jpg,ERA_Landslide_041.png,v4,0,1,30,28
img_002156.jpg,ERA_Landslide_041.png,v4,1,1,30,28
img_002157.jpg,ERA_Landslide_041.png,v4,2,1,26,28
img_002158.jpg,ERA_Landslide_041_1.png,v4,0,0,30,0
img_002159.jpg,ERA_Landslide_041_1.png,v4,1,0,30,0
img_002160.jpg,ERA_Landslide_041_1.png,v4,2,0,22,0
img_002161.jpg,ERA_Landslide_042.png,v4,0,0,30,0
img_002162.jpg,ERA_Landslide_042.png,v4,1,0,30,0
img_002163.jpg,ERA_Landslide_042.png,v4,2,0,30,0
img_002164.jpg,ERA_Landslide_042_1.png,v4,0,15,30,0
img_002165.jpg,ERA_Landslide_042_1.png,v4,1,15,30,0
img_002166.jpg,ERA_Landslide_042_1.png,v4,2,15,30,0
img_002167.jpg,ERA_Landslide_043.png,v4,0,0,30,34
img_002168.jpg,ERA_Landslide_043.png,v4,1,0,30,34
img_002169.jpg,ERA_Landslide_043.png,v4,2,0,30,34
img_002170.jpg,ERA_Landslide_043_1.png,v4,0,0,30,84
img_002171.jpg,ERA_Landslide_043_1.png,v4,1,0,30,84
img_002172.jpg,ERA_Landslide_043_1.png,v4,2,0,30,84
img_002173.jpg,ERA_Landslide_044.png,v4,0,0,23,0
img_002174.jpg,ERA_Landslide_044.png,v4,1,0,30,0
img_002175.jpg,ERA_Landslide_044.png,v4,2,0,30,0
img_002176.jpg,ERA_Landslide_044_1.png,v4,0,0,30,0
img_002177.jpg,ERA_Landslide_044_1.png,v4,1,0,30,0
img_002178.jpg,ERA_Landslide_044_1.png,v4,2,0,26,0
img_002179.jpg,ERA_Landslide_045.png,v4,0,0,30,203
img_002180.jpg,ERA_Landslide_045.png,v4,1,0,30,203
img_002181.jpg,ERA_Landslide_045.png,v4,2,0,30,203
img_002182.jpg,ERA_Landslide_045_1.png,v4,0,0,30,18
img_002183.jpg,ERA_Landslide_045_1.png,v4,1,0,30,18
img_002184.jpg,ERA_Landslide_045_1.png,v4,2,0,30,18
img_002185.jpg,ERA_Landslide_046.png,v4,0,0,30,41
img_002186.jpg,ERA_Landslide_046.png,v4,1,0,30,41
img_002187.jpg,ERA_Landslide_046.png,v4,2,0,30,41
img_002188.jpg,ERA_Landslide_046_1.png,v4,0,0,30,0
img_002189.jpg,ERA_Landslide_046_1.png,v4,1,0,30,0
img_002190.jpg,ERA_Landslide_046_1.png,v4,2,0,22,0
img_002191.jpg,ERA_Landslide_047.png,v4,0,0,30,0
img_002192.jpg,ERA_Landslide_047.png,v4,1,0,30,0
img_002193.jpg,ERA_Landslide_047.png,v4,2,0,25,0
img_002194.jpg,ERA_Landslide_047_1.png,v4,0,0,23,0
img_002195.jpg,ERA_Landslide_047_1.png,v4,1,0,30,0
img_002196.jpg,ERA_Landslide_047_1.png,v4,2,0,30,0
img_002197.jpg,ERA_Landslide_048.png,v4,0,0,30,0
img_002198.jpg,ERA_Landslide_048.png,v4,1,0,30,0
img_002199.jpg,ERA_Landslide_048.png,v4,2,0,30,0
img_002200.jpg,ERA_Landslide_048_1.png,v4,0,1,30,55
img_002201.jpg,ERA_Landslide_048_1.png,v4,1,1,30,55
img_002202.jpg,ERA_Landslide_048_1.png,v4,2,1,30,55
img_002203.jpg,ERA_Landslide_049.png,v4,0,5,30,34
img_002204.jpg,ERA_Landslide_049.png,v4,1,5,30,34
img_002205.jpg,ERA_Landslide_049.png,v4,2,5,30,34
img_002206.jpg,ERA_Landslide_049_1.png,v4,0,0,30,0
img_002207.jpg,ERA_Landslide_049_1.png,v4,1,0,30,0
img_002208.jpg,ERA_Landslide_049_1.png,v4,2,0,30,0
img_002209.jpg,ERA_Landslide_050.png,v4,0,0,30,6
img_002210.jpg,ERA_Landslide_050.png,v4,1,0,30,6
img_002211.jpg,ERA_Landslide_050.png,v4,2,0,30,6
img_002212.jpg,ERA_Landslide_051.png,v4,0,0,30,231
img_002213.jpg,ERA_Landslide_051.png,v4,1,0,30,231
img_002214.jpg,ERA_Landslide_051.png,v4,2,0,30,231
img_002215.jpg,ERA_Mudslide_001.png,v4,0,0,30,0
img_002216.jpg,ERA_Mudslide_001.png,v4,1,0,30,0
img_002217.jpg,ERA_Mudslide_001.png,v4,2,0,30,0
img_002218.jpg,ERA_Mudslide_001_1.png,v4,0,0,30,0
img_002219.jpg,ERA_Mudslide_001_1.png,v4,1,0,30,0
img_002220.jpg,ERA_Mudslide_001_1.png,v4,2,0,30,0
img_002221.jpg,ERA_Mudslide_002.png,v4,0,0,30,0
img_002222.jpg,ERA_Mudslide_002.png,v4,1,0,30,0
img_002223.jpg,ERA_Mudslide_002.png,v4,2,0,30,0
img_002224.jpg,ERA_Mudslide_002_1.png,v4,0,0,30,0
img_002225.jpg,ERA_Mudslide_002_1.png,v4,1,0,30,0
img_002226.jpg,ERA_Mudslide_002_1.png,v4,2,0,22,0
img_002227.jpg,ERA_Mudslide_003.png,v4,0,0,30,0
img_002228.jpg,ERA_Mudslide_003.png,v4,1,0,30,0
img_002229.jpg,ERA_Mudslide_003.png,v4,2,0,30,0
img_002230.jpg,ERA_Mudslide_003_1.png,v4,0,0,30,0
img_002231.jpg,ERA_Mudslide_003_1.png,v4,1,0,21,0
img_002232.jpg,ERA_Mudslide_003_1.png,v4,2,0,20,0
img_002233.jpg,ERA_Mudslide_004.png,v4,0,0,30,0
img_002234.jpg,ERA_Mudslide_004.png,v4,1,0,30,0
img_002235.jpg,ERA_Mudslide_004.png,v4,2,0,30,0
img_002236.jpg,ERA_Mudslide_004_1.png,v4,0,0,30,31
img_002237.jpg,ERA_Mudslide_004_1.png,v4,1,0,30,31
img_002238.jpg,ERA_Mudslide_004_1.png,v4,2,0,25,31
img_002239.jpg,ERA_Mudslide_005.png,v4,0,0,23,0
img_002240.jpg,ERA_Mudslide_005.png,v4,1,0,30,0
img_002241.jpg,ERA_Mudslide_005.png,v4,2,0,26,0
img_002242.jpg,ERA_Mudslide_005_1.png,v4,0,0,30,0
img_002243.jpg,ERA_Mudslide_005_1.png,v4,1,0,23,0
img_002244.jpg,ERA_Mudslide_005_1.png,v4,2,0,30,0
img_002245.jpg,ERA_Mudslide_006.png,v4,0,0,30,0
img_002246.jpg,ERA_Mudslide_006.png,v4,1,0,30,0
img_002247.jpg,ERA_Mudslide_006.png,v4,2,0,30,0
img_002248.jpg,ERA_Mudslide_006_1.png,v4,0,0,30,0
img_002249.jpg,ERA_Mudslide_006_1.png,v4,1,0,30,0
img_002250.jpg,ERA_Mudslide_006_1.png,v4,2,0,30,0
img_002251.jpg,ERA_Mudslide_007.png,v4,0,0,30,124
img_002252.jpg,ERA_Mudslide_007.png,v4,1,0,30,124
img_002253.jpg,ERA_Mudslide_007.png,v4,2,0,30,124
img_002254.jpg,ERA_Mudslide_007_1.png,v4,0,0,24,0
img_002255.jpg,ERA_Mudslide_007_1.png,v4,1,0,30,0
img_002256.jpg,ERA_Mudslide_007_1.png,v4,2,0,30,0
img_002257.jpg,ERA_Mudslide_008.png,v4,0,0,30,0
img_002258.jpg,ERA_Mudslide_008.png,v4,1,0,30,0
img_002259.jpg,ERA_Mudslide_008.png,v4,2,0,30,0
img_002260.jpg,ERA_Mudslide_008_1.png,v4,0,0,24,57
img_002261.jpg,ERA_Mudslide_008_1.png,v4,1,0,30,57
img_002262.jpg,ERA_Mudslide_008_1.png,v4,2,0,30,57
img_002263.jpg,ERA_Mudslide_009.png,v4,0,1,30,0
img_002264.jpg,ERA_Mudslide_009.png,v4,1,1,30,0
img_002265.jpg,ERA_Mudslide_009.png,v4,2,1,30,0
img_002266.jpg,ERA_Mudslide_009_1.png,v4,0,0,30,0
img_002267.jpg,ERA_Mudslide_009_1.png,v4,1,0,30,0
img_002268.jpg,ERA_Mudslide_009_1.png,v4,2,0,30,0
img_002269.jpg,ERA_Mudslide_010.png,v4,0,0,30,47
img_002270.jpg,ERA_Mudslide_010.png,v4,1,0,30,47
img_002271.jpg,ERA_Mudslide_010.png,v4,2,0,30,47
img_002272.jpg,ERA_Mudslide_010_1.png,v4,0,0,30,0
img_002273.jpg,ERA_Mudslide_010_1.png,v4,1,0,30,0
img_002274.jpg,ERA_Mudslide_010_1.png,v4,2,0,30,0
img_002275.jpg,ERA_Mudslide_011.png,v4,0,0,30,0
img_002276.jpg,ERA_Mudslide_011.png,v4,1,0,21,0
img_002277.jpg,ERA_Mudslide_011.png,v4,2,0,30,0
img_002278.jpg,ERA_Mudslide_011_1.png,v4,0,0,30,0
img_002279.jpg,ERA_Mudslide_011_1.png,v4,1,0,30,0
img_002280.jpg,ERA_Mudslide_011_1.png,v4,2,0,30,0
img_002281.jpg,ERA_Mudslide_012.png,v4,0,0,30,25
img_002282.jpg,ERA_Mudslide_012.png,v4,1,0,23,25
img_002283.jpg,ERA_Mudslide_012.png,v4,2,0,30,25
img_002284.jpg,ERA_Mudslide_012_1.png,v4,0,0,30,0
img_002285.jpg,ERA_Mudslide_012_1.png,v4,1,0,24,0
img_002286.jpg,ERA_Mudslide_012_1.png,v4,2,0,30,0
img_002287.jpg,ERA_Mudslide_013.png,v4,0,0,30,31
img_002288.jpg,ERA_Mudslide_013.png,v4,1,0,30,31
img_002289.jpg,ERA_Mudslide_013.png,v4,2,0,30,31
img_002290.jpg,ERA_Mudslide_013_1.png,v4,0,0,30,0
img_002291.jpg,ERA_Mudslide_013_1.png,v4,1,0,30,0
img_002292.jpg,ERA_Mudslide_013_1.png,v4,2,0,30,0
img_002293.jpg,ERA_Mudslide_014.png,v4,0,0,25,0
img_002294.jpg,ERA_Mudslide_014.png,v4,1,0,30,0
img_002295.jpg,ERA_Mudslide_014.png,v4,2,0,30,0
img_002296.jpg,ERA_Mudslide_014_1.png,v4,0,0,16,0
img_002297.jpg,ERA_Mudslide_014_1.png,v4,1,0,24,0
img_002298.jpg,ERA_Mudslide_014_1.png,v4,2,0,24,0
img_002299.jpg,ERA_Mudslide_015.png,v4,0,0,30,0
img_002300.jpg,ERA_Mudslide_015.png,v4,1,0,26,0
img_002301.jpg,ERA_Mudslide_015.png,v4,2,0,30,0
img_002302.jpg,ERA_Mudslide_015_1.png,v4,0,0,30,0
img_002303.jpg,ERA_Mudslide_015_1.png,v4,1,0,30,0
img_002304.jpg,ERA_Mudslide_015_1.png,v4,2,0,30,0
img_002305.jpg,ERA_Mudslide_016.png,v4,0,0,30,0
img_002306.jpg,ERA_Mudslide_016.png,v4,1,0,30,0
img_002307.jpg,ERA_Mudslide_016.png,v4,2,0,24,0
img_002308.jpg,ERA_Mudslide_016_1.png,v4,0,0,30,0
img_002309.jpg,ERA_Mudslide_016_1.png,v4,1,0,30,0
img_002310.jpg,ERA_Mudslide_016_1.png,v4,2,0,30,0
img_002311.jpg,ERA_Mudslide_017.png,v4,0,0,30,0
img_002312.jpg,ERA_Mudslide_017.png,v4,1,0,30,0
img_002313.jpg,ERA_Mudslide_017.png,v4,2,0,30,0
img_002314.jpg,ERA_Mudslide_017_1.png,v4,0,0,30,0
img_002315.jpg,ERA_Mudslide_017_1.png,v4,1,0,30,0
img_002316.jpg,ERA_Mudslide_017_1.png,v4,2,0,30,0
img_002317.jpg,ERA_Mudslide_018.png,v4,0,0,30,0
img_002318.jpg,ERA_Mudslide_018.png,v4,1,0,30,0
img_002319.jpg,ERA_Mudslide_018.png,v4,2,0,30,0
img_002320.jpg,ERA_Mudslide_018_1.png,v4,0,0,20,0
img_002321.jpg,ERA_Mudslide_018_1.png,v4,1,0,30,0
img_002322.jpg,ERA_Mudslide_018_1.png,v4,2,0,30,0
img_002323.jpg,ERA_Mudslide_019.png,v4,0,0,30,0
img_002324.jpg,ERA_Mudslide_019.png,v4,1,0,30,0
img_002325.jpg,ERA_Mudslide_019.png,v4,2,0,22,0
img_002326.jpg,ERA_Mudslide_019_1.png,v4,0,0,24,0
img_002327.jpg,ERA_Mudslide_019_1.png,v4,1,0,30,0
img_002328.jpg,ERA_Mudslide_019_1.png,v4,2,0,21,0
img_002329.jpg,ERA_Mudslide_020.png,v4,0,0,30,0
img_002330.jpg,ERA_Mudslide_020.png,v4,1,0,30,0
img_002331.jpg,ERA_Mudslide_020.png,v4,2,0,30,0
img_002332.jpg,ERA_Mudslide_020_1.png,v4,0,0,30,0
img_002333.jpg,ERA_Mudslide_020_1.png,v4,1,0,30,0
img_002334.jpg,ERA_Mudslide_020_1.png,v4,2,0,30,0
img_002335.jpg,ERA_Mudslide_021.png,v4,0,0,24,0
img_002336.jpg,ERA_Mudslide_021.png,v4,1,0,30,0
img_002337.jpg,ERA_Mudslide_021.png,v4,2,0,30,0
img_002338.jpg,ERA_Mudslide_021_1.png,v4,0,0,30,0
img_002339.jpg,ERA_Mudslide_021_1.png,v4,1,0,30,0
img_002340.jpg,ERA_Mudslide_021_1.png,v4,2,0,23,0
img_002341.jpg,ERA_Mudslide_022.png,v4,0,0,30,0
img_002342.jpg,ERA_Mudslide_022.png,v4,1,0,30,0
img_002343.jpg,ERA_Mudslide_022.png,v4,2,0,30,0
img_002344.jpg,ERA_Mudslide_022_1.png,v4,0,0,24,8
img_002345.jpg,ERA_Mudslide_022_1.png,v4,1,0,30,8
img_002346.jpg,ERA_Mudslide_022_1.png,v4,2,0,23,8
img_002347.jpg,ERA_Mudslide_023.png,v4,0,0,30,0
img_002348.jpg,ERA_Mudslide_023.png,v4,1,0,30,0
img_002349.jpg,ERA_Mudslide_023.png,v4,2,0,22,0
img_002350.jpg,ERA_Mudslide_023_1.png,v4,0,0,30,0
img_002351.jpg,ERA_Mudslide_023_1.png,v4,1,0,30,0
img_002352.jpg,ERA_Mudslide_023_1.png,v4,2,0,30,0
img_002353.jpg,ERA_Mudslide_024.png,v4,0,0,30,14
img_002354.jpg,ERA_Mudslide_024.png,v4,1,0,30,14
img_002355.jpg,ERA_Mudslide_024.png,v4,2,0,30,14
img_002356.jpg,ERA_Mudslide_024_1.png,v4,0,0,23,0
img_002357.jpg,ERA_Mudslide_024_1.png,v4,1,0,30,0
img_002358.jpg,ERA_Mudslide_024_1.png,v4,2,0,30,0
img_002359.jpg,ERA_Mudslide_025.png,v4,0,0,30,110
img_002360.jpg,ERA_Mudslide_025.png,v4,1,0,30,110
img_002361.jpg,ERA_Mudslide_025.png,v4,2,0,30,110
img_002362.jpg,ERA_Mudslide_025_1.png,v4,0,0,21,0
img_002363.jpg,ERA_Mudslide_025_1.png,v4,1,0,22,0
img_002364.jpg,ERA_Mudslide_025_1.png,v4,2,0,30,0
img_002365.jpg,ERA_Mudslide_026.png,v4,0,0,30,44
img_002366.jpg,ERA_Mudslide_026.png,v4,1,0,24,44
img_002367.jpg,ERA_Mudslide_026.png,v4,2,0,30,44
img_002368.jpg,ERA_Mudslide_026_1.png,v4,0,0,30,0
img_002369.jpg,ERA_Mudslide_026_1.png,v4,1,0,30,0
img_002370.jpg,ERA_Mudslide_026_1.png,v4,2,0,30,0
img_002371.jpg,ERA_Mudslide_027.png,v4,0,0,30,0
img_002372.jpg,ERA_Mudslide_027.png,v4,1,0,30,0
img_002373.jpg,ERA_Mudslide_027.png,v4,2,0,30,0
img_002374.jpg,ERA_Mudslide_027_1.png,v4,0,0,30,0
img_002375.jpg,ERA_Mudslide_027_1.png,v4,1,0,25,0
img_002376.jpg,ERA_Mudslide_027_1.png,v4,2,0,30,0
img_002377.jpg,ERA_Mudslide_028.png,v4,0,1,30,0
img_002378.jpg,ERA_Mudslide_028.png,v4,1,1,30,0
img_002379.jpg,ERA_Mudslide_028.png,v4,2,1,30,0
img_002380.jpg,ERA_Mudslide_028_1.png,v4,0,0,30,0
img_002381.jpg,ERA_Mudslide_028_1.png,v4,1,0,30,0
img_002382.jpg,ERA_Mudslide_028_1.png,v4,2,0,30,0
img_002383.jpg,ERA_Mudslide_029.png,v4,0,1,30,0
img_002384.jpg,ERA_Mudslide_029.png,v4,1,1,30,0
img_002385.jpg,ERA_Mudslide_029.png,v4,2,1,30,0
img_002386.jpg,ERA_Mudslide_029_1.png,v4,0,0,30,0
img_002387.jpg,ERA_Mudslide_029_1.png,v4,1,0,30,0
img_002388.jpg,ERA_Mudslide_029_1.png,v4,2,0,30,0
img_002389.jpg,ERA_Mudslide_030.png,v4,0,0,30,0
img_002390.jpg,ERA_Mudslide_030.png,v4,1,0,23,0
img_002391.jpg,ERA_Mudslide_030.png,v4,2,0,30,0
img_002392.jpg,ERA_Mudslide_030_1.png,v4,0,0,30,0
img_002393.jpg,ERA_Mudslide_030_1.png,v4,1,0,30,0
img_002394.jpg,ERA_Mudslide_030_1.png,v4,2,0,21,0
img_002395.jpg,ERA_Mudslide_031.png,v4,0,0,30,175
img_002396.jpg,ERA_Mudslide_031.png,v4,1,0,30,175
img_002397.jpg,ERA_Mudslide_031.png,v4,2,0,30,175
img_002398.jpg,ERA_Mudslide_031_1.png,v4,0,0,30,0
img_002399.jpg,ERA_Mudslide_031_1.png,v4,1,0,27,0
img_002400.jpg,ERA_Mudslide_031_1.png,v4,2,0,24,0
img_002401.jpg,ERA_Mudslide_032.png,v4,0,0,30,0
img_002402.jpg,ERA_Mudslide_032.png,v4,1,0,30,0
img_002403.jpg,ERA_Mudslide_032.png,v4,2,0,30,0
img_002404.jpg,ERA_Mudslide_032_1.png,v4,0,4,30,0
img_002405.jpg,ERA_Mudslide_032_1.png,v4,1,4,30,0
img_002406.jpg,ERA_Mudslide_032_1.png,v4,2,4,30,0
img_002407.jpg,ERA_Mudslide_033.png,v4,0,0,30,0
img_002408.jpg,ERA_Mudslide_033.png,v4,1,0,30,0
img_002409.jpg,ERA_Mudslide_033.png,v4,2,0,30,0
img_002410.jpg,ERA_Mudslide_033_1.png,v4,0,0,20,0
img_002411.jpg,ERA_Mudslide_033_1.png,v4,1,0,30,0
img_002412.jpg,ERA_Mudslide_033_1.png,v4,2,0,30,0
img_002413.jpg,ERA_Mudslide_034.png,v4,0,0,30,35
img_002414.jpg,ERA_Mudslide_034.png,v4,1,0,30,35
img_002415.jpg,ERA_Mudslide_034.png,v4,2,0,18,35
img_002416.jpg,ERA_Mudslide_034_1.png,v4,0,0,24,90
img_002417.jpg,ERA_Mudslide_034_1.png,v4,1,0,30,90
img_002418.jpg,ERA_Mudslide_034_1.png,v4,2,0,30,90
img_002419.jpg,ERA_Mudslide_035.png,v4,0,0,30,0
img_002420.jpg,ERA_Mudslide_035.png,v4,1,0,30,0
img_002421.jpg,ERA_Mudslide_035.png,v4,2,0,30,0
img_002422.jpg,ERA_Mudslide_035_1.png,v4,0,0,26,0
img_002423.jpg,ERA_Mudslide_035_1.png,v4,1,0,30,0
img_002424.jpg,ERA_Mudslide_035_1.png,v4,2,0,30,0
img_002425.jpg,ERA_Mudslide_036.png,v4,0,0,30,0
img_002426.jpg,ERA_Mudslide_036.png,v4,1,0,24,0
img_002427.jpg,ERA_Mudslide_036.png,v4,2,0,30,0
img_002428.jpg,ERA_Mudslide_036_1.png,v4,0,0,30,0
img_002429.jpg,ERA_Mudslide_036_1.png,v4,1,0,22,0
img_002430.jpg,ERA_Mudslide_036_1.png,v4,2,0,30,0
img_002431.jpg,ERA_Mudslide_037.png,v4,0,0,30,0
img_002432.jpg,ERA_Mudslide_037.png,v4,1,0,30,0
img_002433.jpg,ERA_Mudslide_037.png,v4,2,0,30,0
img_002434.jpg,ERA_Mudslide_037_1.png,v4,0,0,22,0
img_002435.jpg,ERA_Mudslide_037_1.png,v4,1,0,30,0
img_002436.jpg,ERA_Mudslide_037_1.png,v4,2,0,30,0
img_002437.jpg,ERA_Mudslide_038.png,v4,0,0,30,294
img_002438.jpg,ERA_Mudslide_038.png,v4,1,0,30,294
img_002439.jpg,ERA_Mudslide_038.png,v4,2,0,20,294
img_002440.jpg,ERA_Mudslide_038_1.png,v4,0,0,30,0
img_002441.jpg,ERA_Mudslide_038_1.png,v4,1,0,30,0
img_002442.jpg,ERA_Mudslide_038_1.png,v4,2,0,30,0
img_002443.jpg,ERA_Mudslide_039.png,v4,0,0,30,0
img_002444.jpg,ERA_Mudslide_039.png,v4,1,0,30,0
img_002445.jpg,ERA_Mudslide_039.png,v4,2,0,30,0
img_002446.jpg,ERA_Mudslide_039_1.png,v4,0,0,22,135
img_002447.jpg,ERA_Mudslide_039_1.png,v4,1,0,30,135
img_002448.jpg,ERA_Mudslide_039_1.png,v4,2,0,30,135
img_002449.jpg,ERA_Mudslide_040.png,v4,0,0,30,0
img_002450.jpg,ERA_Mudslide_040.png,v4,1,0,26,0
img_002451.jpg,ERA_Mudslide_040.png,v4,2,0,30,0
img_002452.jpg,ERA_Mudslide_040_1.png,v4,0,0,21,0
img_002453.jpg,ERA_Mudslide_040_1.png,v4,1,0,30,0
img_002454.jpg,ERA_Mudslide_040_1.png,v4,2,0,30,0
img_002455.jpg,ERA_Mudslide_041.png,v4,0,0,30,20
img_002456.jpg,ERA_Mudslide_041.png,v4,1,0,30,20
img_002457.jpg,ERA_Mudslide_041.png,v4,2,0,30,20
img_002458.jpg,ERA_Mudslide_042.png,v4,0,1,30,0
img_002459.jpg,ERA_Mudslide_042.png,v4,1,1,30,0
img_002460.jpg,ERA_Mudslide_042.png,v4,2,1,30,0
img_002461.jpg,ERA_Mudslide_042_1.png,v4,0,0,30,0
img_002462.jpg,ERA_Mudslide_042_1.png,v4,1,0,30,0
img_002463.jpg,ERA_Mudslide_042_1.png,v4,2,0,30,0
img_002464.jpg,ERA_Mudslide_043.png,v4,0,0,30,0
img_002465.jpg,ERA_Mudslide_043.png,v4,1,0,30,0
img_002466.jpg,ERA_Mudslide_043.png,v4,2,0,30,0
img_002467.jpg,ERA_Mudslide_043_1.png,v4,0,0,30,18
img_002468.jpg,ERA_Mudslide_043_1.png,v4,1,0,30,18
img_002469.jpg,ERA_Mudslide_043_1.png,v4,2,0,30,18
img_002470.jpg,ERA_Mudslide_044.png,v4,0,0,30,0
img_002471.jpg,ERA_Mudslide_044.png,v4,1,0,30,0
img_002472.jpg,ERA_Mudslide_044.png,v4,2,0,30,0
img_002473.jpg,ERA_Mudslide_044_1.png,v4,0,0,30,0
img_002474.jpg,ERA_Mudslide_044_1.png,v4,1,0,25,0
img_002475.jpg,ERA_Mudslide_044_1.png,v4,2,0,30,0
img_002476.jpg,ERA_Mudslide_045.png,v4,0,0,30,0
img_002477.jpg,ERA_Mudslide_045.png,v4,1,0,30,0
img_002478.jpg,ERA_Mudslide_045.png,v4,2,0,30,0
img_002479.jpg,ERA_Mudslide_045_1.png,v4,0,0,16,0
img_002480.jpg,ERA_Mudslide_045_1.png,v4,1,0,30,0
img_002481.jpg,ERA_Mudslide_045_1.png,v4,2,0,26,0
img_002482.jpg,ERA_Mudslide_046.png,v4,0,0,30,0
img_002483.jpg,ERA_Mudslide_046.png,v4,1,0,30,0
img_002484.jpg,ERA_Mudslide_046.png,v4,2,0,24,0
img_002485.jpg,ERA_Mudslide_046_1.png,v4,0,0,23,0
img_002486.jpg,ERA_Mudslide_046_1.png,v4,1,0,30,0
img_002487.jpg,ERA_Mudslide_046_1.png,v4,2,0,30,0
img_002488.jpg,ERA_Mudslide_047.png,v4,0,0,30,0
img_002489.jpg,ERA_Mudslide_047.png,v4,1,0,30,0
img_002490.jpg,ERA_Mudslide_047.png,v4,2,0,21,0
img_002491.jpg,ERA_Mudslide_047_1.png,v4,0,0,30,0
img_002492.jpg,ERA_Mudslide_047_1.png,v4,1,0,20,0
img_002493.jpg,ERA_Mudslide_047_1.png,v4,2,0,25,0
img_002494.jpg,ERA_Mudslide_048.png,v4,0,0,23,0
img_002495.jpg,ERA_Mudslide_048.png,v4,1,0,30,0
img_002496.jpg,ERA_Mudslide_048.png,v4,2,0,30,0
img_002497.jpg,ERA_Mudslide_048_1.png,v4,0,0,30,0
img_002498.jpg,ERA_Mudslide_048_1.png,v4,1,0,24,0
img_002499.jpg,ERA_Mudslide_048_1.png,v4,2,0,30,0
img_002500.jpg,ERA_Mudslide_049.png,v4,0,0,30,0
img_002501.jpg,ERA_Mudslide_049.png,v4,1,0,30,0
img_002502.jpg,ERA_Mudslide_049.png,v4,2,0,30,0
img_002503.jpg,ERA_Mudslide_049_1.png,v4,0,0,30,0
img_002504.jpg,ERA_Mudslide_049_1.png,v4,1,0,30,0
img_002505.jpg,ERA_Mudslide_049_1.png,v4,2,0,30,0
img_002506.jpg,ERA_Mudslide_050.png,v4,0,0,30,0
img_002507.jpg,ERA_Mudslide_050.png,v4,1,0,17,0
img_002508.jpg,ERA_Mudslide_050.png,v4,2,0,30,0
img_002509.jpg,ERA_Mudslide_050_1.png,v4,0,0,25,0
img_002510.jpg,ERA_Mudslide_050_1.png,v4,1,0,30,0
img_002511.jpg,ERA_Mudslide_050_1.png,v4,2,0,30,0
img_002512.jpg,ERA_Mudslide_051.png,v4,0,0,30,0
img_002513.jpg,ERA_Mudslide_051.png,v4,1,0,30,0
img_002514.jpg,ERA_Mudslide_051.png,v4,2,0,24,0
img_002515.jpg,ERA_Mudslide_051_1.png,v4,0,0,24,0
img_002516.jpg,ERA_Mudslide_051_1.png,v4,1,0,24,0
img_002517.jpg,ERA_Mudslide_051_1.png,v4,2,0,30,0
img_002518.jpg,ERA_Mudslide_052.png,v4,0,0,30,0
img_002519.jpg,ERA_Mudslide_052.png,v4,1,0,30,0
img_002520.jpg,ERA_Mudslide_052.png,v4,2,0,30,0
img_002521.jpg,ERA_Mudslide_053.png,v4,0,0,30,0
img_002522.jpg,ERA_Mudslide_053.png,v4,1,0,30,0
img_002523.jpg,ERA_Mudslide_053.png,v4,2,0,30,0
img_002524.jpg,ERA_Mudslide_054.png,v4,0,0,30,154
img_002525.jpg,ERA_Mudslide_054.png,v4,1,0,30,154
img_002526.jpg,ERA_Mudslide_054.png,v4,2,0,30,154
img_002527.jpg,KAGGLE_0.jpg,v4,0,0,30,0
img_002528.jpg,KAGGLE_0.jpg,v4,1,0,30,0
img_002529.jpg,KAGGLE_0.jpg,v4,2,0,25,0
img_002530.jpg,KAGGLE_1.jpg,v4,0,0,20,0
img_002531.jpg,KAGGLE_1.jpg,v4,1,0,30,0
img_002532.jpg,KAGGLE_1.jpg,v4,2,0,30,0
img_002533.jpg,KAGGLE_10.jpg,v4,0,0,30,539
img_002534.jpg,KAGGLE_10.jpg,v4,1,0,30,539
img_002535.jpg,KAGGLE_10.jpg,v4,2,0,30,539
img_002536.jpg,KAGGLE_1000.jpg,v4,0,6,30,0
img_002537.jpg,KAGGLE_1000.jpg,v4,1,6,30,0
img_002538.jpg,KAGGLE_1000.jpg,v4,2,6,30,0
img_002539.jpg,KAGGLE_1001.jpg,v4,0,0,30,78
img_002540.jpg,KAGGLE_1001.jpg,v4,1,0,30,78
img_002541.jpg,KAGGLE_1001.jpg,v4,2,0,30,78
img_002542.jpg,KAGGLE_1002.jpg,v4,0,0,30,149
img_002543.jpg,KAGGLE_1002.jpg,v4,1,0,30,149
img_002544.jpg,KAGGLE_1002.jpg,v4,2,0,30,149
img_002545.jpg,KAGGLE_1003.jpg,v4,0,0,30,0
img_002546.jpg,KAGGLE_1003.jpg,v4,1,0,30,0
img_002547.jpg,KAGGLE_1003.jpg,v4,2,0,30,0
img_002548.jpg,KAGGLE_1004.jpg,v4,0,2,25,0
img_002549.jpg,KAGGLE_1004.jpg,v4,1,2,24,0
img_002550.jpg,KAGGLE_1004.jpg,v4,2,2,30,0
img_002551.jpg,KAGGLE_1005.jpg,v4,0,0,30,161
img_002552.jpg,KAGGLE_1005.jpg,v4,1,0,30,161
img_002553.jpg,KAGGLE_1005.jpg,v4,2,0,30,161
img_002554.jpg,KAGGLE_1006.jpg,v4,0,0,30,110
img_002555.jpg,KAGGLE_1006.jpg,v4,1,0,30,110
img_002556.jpg,KAGGLE_1006.jpg,v4,2,0,30,110
img_002557.jpg,KAGGLE_1007.jpg,v4,0,0,30,81
img_002558.jpg,KAGGLE_1007.jpg,v4,1,0,23,81
img_002559.jpg,KAGGLE_1007.jpg,v4,2,0,30,81
img_002560.jpg,KAGGLE_1008.jpg,v4,0,0,25,0
img_002561.jpg,KAGGLE_1008.jpg,v4,1,0,30,0
img_002562.jpg,KAGGLE_1008.jpg,v4,2,0,30,0
img_002563.jpg,KAGGLE_1009.jpg,v4,0,0,30,0
img_002564.jpg,KAGGLE_1009.jpg,v4,1,0,30,0
img_002565.jpg,KAGGLE_1009.jpg,v4,2,0,30,0
img_002566.jpg,KAGGLE_1010.jpg,v4,0,0,26,247
img_002567.jpg,KAGGLE_1010.jpg,v4,1,0,30,247
img_002568.jpg,KAGGLE_1010.jpg,v4,2,0,30,247
img_002569.jpg,KAGGLE_1011.jpg,v4,0,0,30,25
img_002570.jpg,KAGGLE_1011.jpg,v4,1,0,30,25
img_002571.jpg,KAGGLE_1011.jpg,v4,2,0,19,25
img_002572.jpg,KAGGLE_1012.jpg,v4,0,0,30,0
img_002573.jpg,KAGGLE_1012.jpg,v4,1,0,30,0
img_002574.jpg,KAGGLE_1012.jpg,v4,2,0,30,0
img_002575.jpg,KAGGLE_1013.jpg,v4,0,0,27,0
img_002576.jpg,KAGGLE_1013.jpg,v4,1,0,20,0
img_002577.jpg,KAGGLE_1013.jpg,v4,2,0,30,0
img_002578.jpg,KAGGLE_1014.jpg,v4,0,0,30,186
img_002579.jpg,KAGGLE_1014.jpg,v4,1,0,30,186
img_002580.jpg,KAGGLE_1014.jpg,v4,2,0,30,186
img_002581.jpg,KAGGLE_1015.jpg,v4,0,0,30,0
img_002582.jpg,KAGGLE_1015.jpg,v4,1,0,30,0
img_002583.jpg,KAGGLE_1015.jpg,v4,2,0,30,0
img_002584.jpg,KAGGLE_1016.jpg,v4,0,0,30,207
img_002585.jpg,KAGGLE_1016.jpg,v4,1,0,30,207
img_002586.jpg,KAGGLE_1016.jpg,v4,2,0,26,207
img_002587.jpg,KAGGLE_1017.jpg,v4,0,0,24,81
img_002588.jpg,KAGGLE_1017.jpg,v4,1,0,23,81
img_002589.jpg,KAGGLE_1017.jpg,v4,2,0,30,81
img_002590.jpg,KAGGLE_1018.jpg,v4,0,0,30,202
img_002591.jpg,KAGGLE_1018.jpg,v4,1,0,30,202
img_002592.jpg,KAGGLE_1018.jpg,v4,2,0,30,202
img_002593.jpg,KAGGLE_1019.jpg,v4,0,0,30,122
img_002594.jpg,KAGGLE_1019.jpg,v4,1,0,30,122
img_002595.jpg,KAGGLE_1019.jpg,v4,2,0,30,122
img_002596.jpg,KAGGLE_1020.jpg,v4,0,0,30,29
img_002597.jpg,KAGGLE_1020.jpg,v4,1,0,30,29
img_002598.jpg,KAGGLE_1020.jpg,v4,2,0,20,29
img_002599.jpg,KAGGLE_1021.jpg,v4,0,1,30,74
img_002600.jpg,KAGGLE_1021.jpg,v4,1,1,30,74
img_002601.jpg,KAGGLE_1021.jpg,v4,2,1,30,74
img_002602.jpg,KAGGLE_1022.jpg,v4,0,0,30,16
img_002603.jpg,KAGGLE_1022.jpg,v4,1,0,30,16
img_002604.jpg,KAGGLE_1022.jpg,v4,2,0,30,16
img_002605.jpg,KAGGLE_1023.jpg,v4,0,0,30,23
img_002606.jpg,KAGGLE_1023.jpg,v4,1,0,30,23
img_002607.jpg,KAGGLE_1023.jpg,v4,2,0,30,23
img_002608.jpg,KAGGLE_1024.jpg,v4,0,0,30,0
img_002609.jpg,KAGGLE_1024.jpg,v4,1,0,30,0
img_002610.jpg,KAGGLE_1024.jpg,v4,2,0,30,0
img_002611.jpg,KAGGLE_1025.jpg,v4,0,0,30,114
img_002612.jpg,KAGGLE_1025.jpg,v4,1,0,30,114
img_002613.jpg,KAGGLE_1025.jpg,v4,2,0,30,114
img_002614.jpg,KAGGLE_1026.jpg,v4,0,0,30,0
img_002615.jpg,KAGGLE_1026.jpg,v4,1,0,30,0
img_002616.jpg,KAGGLE_1026.jpg,v4,2,0,30,0
img_002617.jpg,KAGGLE_1027.jpg,v4,0,0,24,309
img_002618.jpg,KAGGLE_1027.jpg,v4,1,0,30,309
img_002619.jpg,KAGGLE_1027.jpg,v4,2,0,30,309
img_002620.jpg,KAGGLE_1028.jpg,v4,0,0,30,22
img_002621.jpg,KAGGLE_1028.jpg,v4,1,0,30,22
img_002622.jpg,KAGGLE_1028.jpg,v4,2,0,30,22
img_002623.jpg,KAGGLE_1029.jpg,v4,0,0,30,0
img_002624.jpg,KAGGLE_1029.jpg,v4,1,0,30,0
img_002625.jpg,KAGGLE_1029.jpg,v4,2,0,30,0
img_002626.jpg,KAGGLE_1030.jpg,v4,0,0,30,283
img_002627.jpg,KAGGLE_1030.jpg,v4,1,0,30,283
img_002628.jpg,KAGGLE_1030.jpg,v4,2,0,23,283
img_002629.jpg,KAGGLE_1031.jpg,v4,0,0,30,66
img_002630.jpg,KAGGLE_1031.jpg,v4,1,0,30,66
img_002631.jpg,KAGGLE_1031.jpg,v4,2,0,30,66
img_002632.jpg,KAGGLE_1032.jpg,v4,0,0,30,112
img_002633.jpg,KAGGLE_1032.jpg,v4,1,0,26,112
img_002634.jpg,KAGGLE_1032.jpg,v4,2,0,30,112
img_002635.jpg,KAGGLE_1033.jpg,v4,0,1,30,112
img_002636.jpg,KAGGLE_1033.jpg,v4,1,1,26,112
img_002637.jpg,KAGGLE_1033.jpg,v4,2,1,22,112
img_002638.jpg,KAGGLE_1034.jpg,v4,0,0,30,0
img_002639.jpg,KAGGLE_1034.jpg,v4,1,0,30,0
img_002640.jpg,KAGGLE_1034.jpg,v4,2,0,22,0
img_002641.jpg,KAGGLE_1035.jpg,v4,0,0,30,26
img_002642.jpg,KAGGLE_1035.jpg,v4,1,0,30,26
img_002643.jpg,KAGGLE_1035.jpg,v4,2,0,30,26
img_002644.jpg,KAGGLE_1036.jpg,v4,0,0,30,238
img_002645.jpg,KAGGLE_1036.jpg,v4,1,0,30,238
img_002646.jpg,KAGGLE_1036.jpg,v4,2,0,30,238
img_002647.jpg,KAGGLE_1037.jpg,v4,0,0,30,37
img_002648.jpg,KAGGLE_1037.jpg,v4,1,0,30,37
img_002649.jpg,KAGGLE_1037.jpg,v4,2,0,30,37
img_002650.jpg,KAGGLE_1038.jpg,v4,0,0,24,0
img_002651.jpg,KAGGLE_1038.jpg,v4,1,0,23,0
img_002652.jpg,KAGGLE_1038.jpg,v4,2,0,30,0
img_002653.jpg,KAGGLE_1039.jpg,v4,0,0,30,23
img_002654.jpg,KAGGLE_1039.jpg,v4,1,0,26,23
img_002655.jpg,KAGGLE_1039.jpg,v4,2,0,30,23
img_002656.jpg,KAGGLE_1040.jpg,v4,0,0,0,504
img_002657.jpg,KAGGLE_1040.jpg,v4,1,0,0,504
img_002658.jpg,KAGGLE_1040.jpg,v4,2,0,0,504
img_002659.jpg,KAGGLE_1041.jpg,v4,0,0,30,0
img_002660.jpg,KAGGLE_1041.jpg,v4,1,0,30,0
img_002661.jpg,KAGGLE_1041.jpg,v4,2,0,30,0
img_002662.jpg,KAGGLE_1042.jpg,v4,0,0,30,55
img_002663.jpg,KAGGLE_1042.jpg,v4,1,0,30,55
img_002664.jpg,KAGGLE_1042.jpg,v4,2,0,30,55
img_002665.jpg,KAGGLE_1043.jpg,v4,0,0,30,0
img_002666.jpg,KAGGLE_1043.jpg,v4,1,0,30,0
img_002667.jpg,KAGGLE_1043.jpg,v4,2,0,30,0
img_002668.jpg,KAGGLE_1044.jpg,v4,0,0,30,0
img_002669.jpg,KAGGLE_1044.jpg,v4,1,0,30,0
img_002670.jpg,KAGGLE_1044.jpg,v4,2,0,30,0
img_002671.jpg,KAGGLE_1045.jpg,v4,0,0,30,193
img_002672.jpg,KAGGLE_1045.jpg,v4,1,0,30,193
img_002673.jpg,KAGGLE_1045.jpg,v4,2,0,30,193
img_002674.jpg,KAGGLE_1046.jpg,v4,0,0,30,94
img_002675.jpg,KAGGLE_1046.jpg,v4,1,0,24,94
img_002676.jpg,KAGGLE_1046.jpg,v4,2,0,30,94
img_002677.jpg,KAGGLE_1047.jpg,v4,0,0,30,54
img_002678.jpg,KAGGLE_1047.jpg,v4,1,0,30,54
img_002679.jpg,KAGGLE_1047.jpg,v4,2,0,30,54
img_002680.jpg,KAGGLE_1048.jpg,v4,0,0,21,47
img_002681.jpg,KAGGLE_1048.jpg,v4,1,0,30,47
img_002682.jpg,KAGGLE_1048.jpg,v4,2,0,30,47
img_002683.jpg,KAGGLE_1049.jpg,v4,0,0,25,156
img_002684.jpg,KAGGLE_1049.jpg,v4,1,0,30,156
img_002685.jpg,KAGGLE_1049.jpg,v4,2,0,30,156
img_002686.jpg,KAGGLE_1050.jpg,v4,0,0,30,0
img_002687.jpg,KAGGLE_1050.jpg,v4,1,0,30,0
img_002688.jpg,KAGGLE_1050.jpg,v4,2,0,19,0
img_002689.jpg,KAGGLE_1051.jpg,v4,0,0,30,0
img_002690.jpg,KAGGLE_1051.jpg,v4,1,0,27,0
img_002691.jpg,KAGGLE_1051.jpg,v4,2,0,30,0
img_002692.jpg,KAGGLE_1052.jpg,v4,0,0,30,106
img_002693.jpg,KAGGLE_1052.jpg,v4,1,0,30,106
img_002694.jpg,KAGGLE_1052.jpg,v4,2,0,30,106
img_002695.jpg,KAGGLE_1053.jpg,v4,0,0,17,36
img_002696.jpg,KAGGLE_1053.jpg,v4,1,0,30,36
img_002697.jpg,KAGGLE_1053.jpg,v4,2,0,30,36
img_002698.jpg,KAGGLE_1054.jpg,v4,0,0,30,393
img_002699.jpg,KAGGLE_1054.jpg,v4,1,0,20,393
img_002700.jpg,KAGGLE_1054.jpg,v4,2,0,17,393
img_002701.jpg,KAGGLE_1055.jpg,v4,0,0,30,196
img_002702.jpg,KAGGLE_1055.jpg,v4,1,0,22,196
img_002703.jpg,KAGGLE_1055.jpg,v4,2,0,30,196
img_002704.jpg,KAGGLE_1056.jpg,v4,0,0,30,248
img_002705.jpg,KAGGLE_1056.jpg,v4,1,0,30,248
img_002706.jpg,KAGGLE_1056.jpg,v4,2,0,25,248
img_002707.jpg,KAGGLE_1058.jpg,v4,0,0,30,43
img_002708.jpg,KAGGLE_1058.jpg,v4,1,0,30,43
img_002709.jpg,KAGGLE_1058.jpg,v4,2,0,23,43
img_002710.jpg,KAGGLE_1059.jpg,v4,0,0,30,334
img_002711.jpg,KAGGLE_1059.jpg,v4,1,0,30,334
img_002712.jpg,KAGGLE_1059.jpg,v4,2,0,30,334
img_002713.jpg,KAGGLE_1060.jpg,v4,0,1,0,668
img_002714.jpg,KAGGLE_1060.jpg,v4,1,1,17,668
img_002715.jpg,KAGGLE_1060.jpg,v4,2,1,8,668
img_002716.jpg,KAGGLE_1062.jpg,v4,0,0,30,300
img_002717.jpg,KAGGLE_1062.jpg,v4,1,0,22,300
img_002718.jpg,KAGGLE_1062.jpg,v4,2,0,24,300
img_002719.jpg,KAGGLE_1063.jpg,v4,0,0,30,0
img_002720.jpg,KAGGLE_1063.jpg,v4,1,0,30,0
img_002721.jpg,KAGGLE_1063.jpg,v4,2,0,30,0
img_002722.jpg,KAGGLE_1064.jpg,v4,0,0,30,0
img_002723.jpg,KAGGLE_1064.jpg,v4,1,0,30,0
img_002724.jpg,KAGGLE_1064.jpg,v4,2,0,22,0
img_002725.jpg,KAGGLE_1065.jpg,v4,0,0,30,123
img_002726.jpg,KAGGLE_1065.jpg,v4,1,0,30,123
img_002727.jpg,KAGGLE_1065.jpg,v4,2,0,30,123
img_002728.jpg,KAGGLE_1066.jpg,v4,0,0,30,0
img_002729.jpg,KAGGLE_1066.jpg,v4,1,0,30,0
img_002730.jpg,KAGGLE_1066.jpg,v4,2,0,30,0
img_002731.jpg,KAGGLE_1067.jpg,v4,0,1,30,0
img_002732.jpg,KAGGLE_1067.jpg,v4,1,1,30,0
img_002733.jpg,KAGGLE_1067.jpg,v4,2,1,30,0
img_002734.jpg,KAGGLE_1068.jpg,v4,0,0,30,0
img_002735.jpg,KAGGLE_1068.jpg,v4,1,0,30,0
img_002736.jpg,KAGGLE_1068.jpg,v4,2,0,26,0
img_002737.jpg,KAGGLE_1069.jpg,v4,0,0,30,121
img_002738.jpg,KAGGLE_1069.jpg,v4,1,0,30,121
img_002739.jpg,KAGGLE_1069.jpg,v4,2,0,30,121
img_002740.jpg,KAGGLE_1070.jpg,v4,0,0,24,0
img_002741.jpg,KAGGLE_1070.jpg,v4,1,0,20,0
img_002742.jpg,KAGGLE_1070.jpg,v4,2,0,30,0
img_002743.jpg,KAGGLE_1071.jpg,v4,0,0,30,185
img_002744.jpg,KAGGLE_1071.jpg,v4,1,0,30,185
img_002745.jpg,KAGGLE_1071.jpg,v4,2,0,30,185
img_002746.jpg,KAGGLE_1072.jpg,v4,0,0,30,98
img_002747.jpg,KAGGLE_1072.jpg,v4,1,0,30,98
img_002748.jpg,KAGGLE_1072.jpg,v4,2,0,30,98
img_002749.jpg,KAGGLE_1073.jpg,v4,0,0,30,31
img_002750.jpg,KAGGLE_1073.jpg,v4,1,0,30,31
img_002751.jpg,KAGGLE_1073.jpg,v4,2,0,30,31
img_002752.jpg,KAGGLE_1074.jpg,v4,0,17,30,0
img_002753.jpg,KAGGLE_1074.jpg,v4,1,17,30,0
img_002754.jpg,KAGGLE_1074.jpg,v4,2,17,30,0
img_002755.jpg,KAGGLE_1075.jpg,v4,0,0,25,137
img_002756.jpg,KAGGLE_1075.jpg,v4,1,0,21,137
img_002757.jpg,KAGGLE_1075.jpg,v4,2,0,30,137
img_002758.jpg,KAGGLE_1076.jpg,v4,0,0,30,0
img_002759.jpg,KAGGLE_1076.jpg,v4,1,0,30,0
img_002760.jpg,KAGGLE_1076.jpg,v4,2,0,20,0
img_002761.jpg,KAGGLE_1077.jpg,v4,0,0,23,69
img_002762.jpg,KAGGLE_1077.jpg,v4,1,0,30,69
img_002763.jpg,KAGGLE_1077.jpg,v4,2,0,23,69
img_002764.jpg,KAGGLE_1078.jpg,v4,0,0,19,135
img_002765.jpg,KAGGLE_1078.jpg,v4,1,0,30,135
img_002766.jpg,KAGGLE_1078.jpg,v4,2,0,30,135
img_002767.jpg,KAGGLE_1080.jpg,v4,0,0,30,0
img_002768.jpg,KAGGLE_1080.jpg,v4,1,0,30,0
img_002769.jpg,KAGGLE_1080.jpg,v4,2,0,30,0
img_002770.jpg,KAGGLE_1081.jpg,v4,0,0,30,5
img_002771.jpg,KAGGLE_1081.jpg,v4,1,0,30,5
img_002772.jpg,KAGGLE_1081.jpg,v4,2,0,30,5
img_002773.jpg,KAGGLE_1082.jpg,v4,0,0,30,181
img_002774.jpg,KAGGLE_1082.jpg,v4,1,0,30,181
img_002775.jpg,KAGGLE_1082.jpg,v4,2,0,30,181
img_002776.jpg,KAGGLE_1083.jpg,v4,0,0,30,80
img_002777.jpg,KAGGLE_1083.jpg,v4,1,0,30,80
img_002778.jpg,KAGGLE_1083.jpg,v4,2,0,30,80
img_002779.jpg,KAGGLE_1084.jpg,v4,0,0,30,120
img_002780.jpg,KAGGLE_1084.jpg,v4,1,0,30,120
img_002781.jpg,KAGGLE_1084.jpg,v4,2,0,30,120
img_002782.jpg,KAGGLE_1085.jpg,v4,0,0,25,44
img_002783.jpg,KAGGLE_1085.jpg,v4,1,0,30,44
img_002784.jpg,KAGGLE_1085.jpg,v4,2,0,24,44
img_002785.jpg,KAGGLE_1086.jpg,v4,0,0,30,223
img_002786.jpg,KAGGLE_1086.jpg,v4,1,0,30,223
img_002787.jpg,KAGGLE_1086.jpg,v4,2,0,30,223
img_002788.jpg,KAGGLE_1087.jpg,v4,0,0,21,0
img_002789.jpg,KAGGLE_1087.jpg,v4,1,0,30,0
img_002790.jpg,KAGGLE_1087.jpg,v4,2,0,30,0
img_002791.jpg,KAGGLE_11.jpg,v4,0,3,30,0
img_002792.jpg,KAGGLE_11.jpg,v4,1,3,30,0
img_002793.jpg,KAGGLE_11.jpg,v4,2,3,30,0
img_002794.jpg,KAGGLE_12.jpg,v4,0,0,30,29
img_002795.jpg,KAGGLE_12.jpg,v4,1,0,23,29
img_002796.jpg,KAGGLE_12.jpg,v4,2,0,20,29
img_002797.jpg,KAGGLE_13.jpg,v4,0,0,30,231
img_002798.jpg,KAGGLE_13.jpg,v4,1,0,22,231
img_002799.jpg,KAGGLE_13.jpg,v4,2,0,30,231
img_002800.jpg,KAGGLE_14.jpg,v4,0,2,23,43
img_002801.jpg,KAGGLE_14.jpg,v4,1,2,30,43
img_002802.jpg,KAGGLE_14.jpg,v4,2,2,19,43
img_002803.jpg,KAGGLE_15.jpg,v4,0,0,30,34
img_002804.jpg,KAGGLE_15.jpg,v4,1,0,21,34
img_002805.jpg,KAGGLE_15.jpg,v4,2,0,30,34
img_002806.jpg,KAGGLE_16.jpg,v4,0,0,27,49
img_002807.jpg,KAGGLE_16.jpg,v4,1,0,22,49
img_002808.jpg,KAGGLE_16.jpg,v4,2,0,27,49
img_002809.jpg,KAGGLE_17.jpg,v4,0,0,30,0
img_002810.jpg,KAGGLE_17.jpg,v4,1,0,30,0
img_002811.jpg,KAGGLE_17.jpg,v4,2,0,25,0
img_002812.jpg,KAGGLE_19.jpg,v4,0,0,30,58
img_002813.jpg,KAGGLE_19.jpg,v4,1,0,30,58
img_002814.jpg,KAGGLE_19.jpg,v4,2,0,30,58
img_002815.jpg,KAGGLE_2.jpg,v4,0,0,21,18
img_002816.jpg,KAGGLE_2.jpg,v4,1,0,30,18
img_002817.jpg,KAGGLE_2.jpg,v4,2,0,30,18
img_002818.jpg,KAGGLE_20.jpg,v4,0,2,30,0
img_002819.jpg,KAGGLE_20.jpg,v4,1,2,30,0
img_002820.jpg,KAGGLE_20.jpg,v4,2,2,27,0
img_002821.jpg,KAGGLE_2001.jpg,v4,0,0,30,165
img_002822.jpg,KAGGLE_2001.jpg,v4,1,0,30,165
img_002823.jpg,KAGGLE_2001.jpg,v4,2,0,30,165
img_002824.jpg,KAGGLE_2002.jpg,v4,0,0,30,39
img_002825.jpg,KAGGLE_2002.jpg,v4,1,0,30,39
img_002826.jpg,KAGGLE_2002.jpg,v4,2,0,24,39
img_002827.jpg,KAGGLE_2003.jpg,v4,0,0,30,76
img_002828.jpg,KAGGLE_2003.jpg,v4,1,0,30,76
img_002829.jpg,KAGGLE_2003.jpg,v4,2,0,30,76
img_002830.jpg,KAGGLE_2004.jpg,v4,0,0,30,0
img_002831.jpg,KAGGLE_2004.jpg,v4,1,0,30,0
img_002832.jpg,KAGGLE_2004.jpg,v4,2,0,30,0
img_002833.jpg,KAGGLE_2005.jpg,v4,0,0,30,0
img_002834.jpg,KAGGLE_2005.jpg,v4,1,0,24,0
img_002835.jpg,KAGGLE_2005.jpg,v4,2,0,30,0
img_002836.jpg,KAGGLE_2006.jpg,v4,0,0,30,0
img_002837.jpg,KAGGLE_2006.jpg,v4,1,0,30,0
img_002838.jpg,KAGGLE_2006.jpg,v4,2,0,30,0
img_002839.jpg,KAGGLE_2007.jpg,v4,0,0,26,264
img_002840.jpg,KAGGLE_2007.jpg,v4,1,0,19,264
img_002841.jpg,KAGGLE_2007.jpg,v4,2,0,30,264
img_002842.jpg,KAGGLE_2008.jpg,v4,0,0,30,75
img_002843.jpg,KAGGLE_2008.jpg,v4,1,0,30,75
img_002844.jpg,KAGGLE_2008.jpg,v4,2,0,30,75
img_002845.jpg,KAGGLE_2009.jpg,v4,0,0,30,27
img_002846.jpg,KAGGLE_2009.jpg,v4,1,0,30,27
img_002847.jpg,KAGGLE_2009.jpg,v4,2,0,24,27
img_002848.jpg,KAGGLE_2010.jpg,v4,0,0,30,11
img_002849.jpg,KAGGLE_2010.jpg,v4,1,0,30,11
img_002850.jpg,KAGGLE_2010.jpg,v4,2,0,30,11
img_002851.jpg,KAGGLE_2011.jpg,v4,0,0,30,0
img_002852.jpg,KAGGLE_2011.jpg,v4,1,0,30,0
img_002853.jpg,KAGGLE_2011.jpg,v4,2,0,30,0
img_002854.jpg,KAGGLE_2012.jpg,v4,0,0,30,42
img_002855.jpg,KAGGLE_2012.jpg,v4,1,0,30,42
img_002856.jpg,KAGGLE_2012.jpg,v4,2,0,30,42
img_002857.jpg,KAGGLE_2013.jpg,v4,0,0,24,45
img_002858.jpg,KAGGLE_2013.jpg,v4,1,0,30,45
img_002859.jpg,KAGGLE_2013.jpg,v4,2,0,30,45
img_002860.jpg,KAGGLE_2014.jpg,v4,0,0,30,105
img_002861.jpg,KAGGLE_2014.jpg,v4,1,0,30,105
img_002862.jpg,KAGGLE_2014.jpg,v4,2,0,28,105
img_002863.jpg,KAGGLE_2015.jpg,v4,0,0,20,42
img_002864.jpg,KAGGLE_2015.jpg,v4,1,0,30,42
img_002865.jpg,KAGGLE_2015.jpg,v4,2,0,25,42
img_002866.jpg,KAGGLE_2016.jpg,v4,0,0,23,51
img_002867.jpg,KAGGLE_2016.jpg,v4,1,0,20,51
img_002868.jpg,KAGGLE_2016.jpg,v4,2,0,22,51
img_002869.jpg,KAGGLE_2017.jpg,v4,0,0,30,25
img_002870.jpg,KAGGLE_2017.jpg,v4,1,0,30,25
img_002871.jpg,KAGGLE_2017.jpg,v4,2,0,30,25
img_002872.jpg,KAGGLE_2018.jpg,v4,0,0,30,0
img_002873.jpg,KAGGLE_2018.jpg,v4,1,0,30,0
img_002874.jpg,KAGGLE_2018.jpg,v4,2,0,24,0
img_002875.jpg,KAGGLE_2019.jpg,v4,0,0,25,76
img_002876.jpg,KAGGLE_2019.jpg,v4,1,0,30,76
img_002877.jpg,KAGGLE_2019.jpg,v4,2,0,30,76
img_002878.jpg,KAGGLE_2020.jpg,v4,0,0,30,0
img_002879.jpg,KAGGLE_2020.jpg,v4,1,0,30,0
img_002880.jpg,KAGGLE_2020.jpg,v4,2,0,30,0
img_002881.jpg,KAGGLE_2021.jpg,v4,0,0,30,201
img_002882.jpg,KAGGLE_2021.jpg,v4,1,0,30,201
img_002883.jpg,KAGGLE_2021.jpg,v4,2,0,30,201
img_002884.jpg,KAGGLE_2022.jpg,v4,0,1,30,0
img_002885.jpg,KAGGLE_2022.jpg,v4,1,1,30,0
img_002886.jpg,KAGGLE_2022.jpg,v4,2,1,30,0
img_002887.jpg,KAGGLE_2023.jpg,v4,0,0,30,0
img_002888.jpg,KAGGLE_2023.jpg,v4,1,0,30,0
img_002889.jpg,KAGGLE_2023.jpg,v4,2,0,30,0
img_002890.jpg,KAGGLE_2024.jpg,v4,0,0,20,0
img_002891.jpg,KAGGLE_2024.jpg,v4,1,0,23,0
img_002892.jpg,KAGGLE_2024.jpg,v4,2,0,30,0
img_002893.jpg,KAGGLE_2025.jpg,v4,0,0,30,0
img_002894.jpg,KAGGLE_2025.jpg,v4,1,0,22,0
img_002895.jpg,KAGGLE_2025.jpg,v4,2,0,30,0
img_002896.jpg,KAGGLE_2026.jpg,v4,0,0,30,77
img_002897.jpg,KAGGLE_2026.jpg,v4,1,0,30,77
img_002898.jpg,KAGGLE_2026.jpg,v4,2,0,30,77
img_002899.jpg,KAGGLE_2027.jpg,v4,0,0,30,34
img_002900.jpg,KAGGLE_2027.jpg,v4,1,0,30,34
img_002901.jpg,KAGGLE_2027.jpg,v4,2,0,30,34
img_002902.jpg,KAGGLE_2028.jpg,v4,0,0,30,341
img_002903.jpg,KAGGLE_2028.jpg,v4,1,0,30,341
img_002904.jpg,KAGGLE_2028.jpg,v4,2,0,30,341
img_002905.jpg,KAGGLE_2029.jpg,v4,0,0,26,67
img_002906.jpg,KAGGLE_2029.jpg,v4,1,0,30,67
img_002907.jpg,KAGGLE_2029.jpg,v4,2,0,30,67
img_002908.jpg,KAGGLE_2030.jpg,v4,0,0,23,0
img_002909.jpg,KAGGLE_2030.jpg,v4,1,0,30,0
img_002910.jpg,KAGGLE_2030.jpg,v4,2,0,30,0
img_002911.jpg,KAGGLE_2031.jpg,v4,0,0,30,0
img_002912.jpg,KAGGLE_2031.jpg,v4,1,0,30,0
img_002913.jpg,KAGGLE_2031.jpg,v4,2,0,30,0
img_002914.jpg,KAGGLE_2032.jpg,v4,0,0,30,9
img_002915.jpg,KAGGLE_2032.jpg,v4,1,0,30,9
img_002916.jpg,KAGGLE_2032.jpg,v4,2,0,30,9
img_002917.jpg,KAGGLE_2033.jpg,v4,0,0,30,0
img_002918.jpg,KAGGLE_2033.jpg,v4,1,0,30,0
img_002919.jpg,KAGGLE_2033.jpg,v4,2,0,25,0
img_002920.jpg,KAGGLE_2034.jpg,v4,0,0,30,202
img_002921.jpg,KAGGLE_2034.jpg,v4,1,0,30,202
img_002922.jpg,KAGGLE_2034.jpg,v4,2,0,30,202
img_002923.jpg,KAGGLE_2035.jpg,v4,0,0,30,0
img_002924.jpg,KAGGLE_2035.jpg,v4,1,0,22,0
img_002925.jpg,KAGGLE_2035.jpg,v4,2,0,30,0
img_002926.jpg,KAGGLE_2036.jpg,v4,0,0,30,0
img_002927.jpg,KAGGLE_2036.jpg,v4,1,0,23,0
img_002928.jpg,KAGGLE_2036.jpg,v4,2,0,30,0
img_002929.jpg,KAGGLE_2037.jpg,v4,0,0,30,0
img_002930.jpg,KAGGLE_2037.jpg,v4,1,0,24,0
img_002931.jpg,KAGGLE_2037.jpg,v4,2,0,30,0
img_002932.jpg,KAGGLE_2038.jpg,v4,0,0,30,67
img_002933.jpg,KAGGLE_2038.jpg,v4,1,0,30,67
img_002934.jpg,KAGGLE_2038.jpg,v4,2,0,30,67
img_002935.jpg,KAGGLE_2039.jpg,v4,0,0,30,0
img_002936.jpg,KAGGLE_2039.jpg,v4,1,0,30,0
img_002937.jpg,KAGGLE_2039.jpg,v4,2,0,20,0
img_002938.jpg,KAGGLE_2040.jpg,v4,0,0,30,0
img_002939.jpg,KAGGLE_2040.jpg,v4,1,0,17,0
img_002940.jpg,KAGGLE_2040.jpg,v4,2,0,30,0
img_002941.jpg,KAGGLE_2041.jpg,v4,0,0,30,225
img_002942.jpg,KAGGLE_2041.jpg,v4,1,0,30,225
img_002943.jpg,KAGGLE_2041.jpg,v4,2,0,27,225
img_002944.jpg,KAGGLE_2042.jpg,v4,0,0,30,45
img_002945.jpg,KAGGLE_2042.jpg,v4,1,0,20,45
img_002946.jpg,KAGGLE_2042.jpg,v4,2,0,30,45
img_002947.jpg,KAGGLE_2043.jpg,v4,0,0,25,0
img_002948.jpg,KAGGLE_2043.jpg,v4,1,0,30,0
img_002949.jpg,KAGGLE_2043.jpg,v4,2,0,30,0
img_002950.jpg,KAGGLE_2044.jpg,v4,0,0,30,0
img_002951.jpg,KAGGLE_2044.jpg,v4,1,0,30,0
img_002952.jpg,KAGGLE_2044.jpg,v4,2,0,30,0
img_002953.jpg,KAGGLE_2045.jpg,v4,0,0,27,0
img_002954.jpg,KAGGLE_2045.jpg,v4,1,0,30,0
img_002955.jpg,KAGGLE_2045.jpg,v4,2,0,30,0
img_002956.jpg,KAGGLE_2046.jpg,v4,0,0,22,68
img_002957.jpg,KAGGLE_2046.jpg,v4,1,0,30,68
img_002958.jpg,KAGGLE_2046.jpg,v4,2,0,30,68
img_002959.jpg,KAGGLE_2047.jpg,v4,0,0,30,266
img_002960.jpg,KAGGLE_2047.jpg,v4,1,0,30,266
img_002961.jpg,KAGGLE_2047.jpg,v4,2,0,30,266
img_002962.jpg,KAGGLE_2048.jpg,v4,0,0,30,0
img_002963.jpg,KAGGLE_2048.jpg,v4,1,0,30,0
img_002964.jpg,KAGGLE_2048.jpg,v4,2,0,30,0
img_002965.jpg,KAGGLE_2049.jpg,v4,0,0,30,0
img_002966.jpg,KAGGLE_2049.jpg,v4,1,0,30,0
img_002967.jpg,KAGGLE_2049.jpg,v4,2,0,30,0
img_002968.jpg,KAGGLE_2051.jpg,v4,0,0,30,42
img_002969.jpg,KAGGLE_2051.jpg,v4,1,0,30,42
img_002970.jpg,KAGGLE_2051.jpg,v4,2,0,30,42
img_002971.jpg,KAGGLE_2052.jpg,v4,0,0,26,0
img_002972.jpg,KAGGLE_2052.jpg,v4,1,0,20,0
img_002973.jpg,KAGGLE_2052.jpg,v4,2,0,24,0
img_002974.jpg,KAGGLE_2053.jpg,v4,0,0,30,0
img_002975.jpg,KAGGLE_2053.jpg,v4,1,0,30,0
img_002976.jpg,KAGGLE_2053.jpg,v4,2,0,30,0
img_002977.jpg,KAGGLE_21.jpg,v4,0,1,22,34
img_002978.jpg,KAGGLE_21.jpg,v4,1,1,30,34
img_002979.jpg,KAGGLE_21.jpg,v4,2,1,30,34
img_002980.jpg,KAGGLE_22.jpg,v4,0,0,26,314
img_002981.jpg,KAGGLE_22.jpg,v4,1,0,30,314
img_002982.jpg,KAGGLE_22.jpg,v4,2,0,30,314
img_002983.jpg,KAGGLE_23.jpg,v4,0,0,24,112
img_002984.jpg,KAGGLE_23.jpg,v4,1,0,21,112
img_002985.jpg,KAGGLE_23.jpg,v4,2,0,21,112
img_002986.jpg,KAGGLE_25.jpg,v4,0,0,20,0
img_002987.jpg,KAGGLE_25.jpg,v4,1,0,30,0
img_002988.jpg,KAGGLE_25.jpg,v4,2,0,30,0
img_002989.jpg,KAGGLE_26.jpg,v4,0,0,30,0
img_002990.jpg,KAGGLE_26.jpg,v4,1,0,30,0
img_002991.jpg,KAGGLE_26.jpg,v4,2,0,30,0
img_002992.jpg,KAGGLE_27.jpg,v4,0,0,30,195
img_002993.jpg,KAGGLE_27.jpg,v4,1,0,30,195
img_002994.jpg,KAGGLE_27.jpg,v4,2,0,30,195
img_002995.jpg,KAGGLE_28.jpg,v4,0,0,30,0
img_002996.jpg,KAGGLE_28.jpg,v4,1,0,23,0
img_002997.jpg,KAGGLE_28.jpg,v4,2,0,30,0
img_002998.jpg,KAGGLE_29.jpg,v4,0,0,30,241
img_002999.jpg,KAGGLE_29.jpg,v4,1,0,30,241
img_003000.jpg,KAGGLE_29.jpg,v4,2,0,30,241
img_003001.jpg,KAGGLE_3.jpg,v4,0,0,19,0
img_003002.jpg,KAGGLE_3.jpg,v4,1,0,30,0
img_003003.jpg,KAGGLE_3.jpg,v4,2,0,30,0
img_003004.jpg,KAGGLE_30.jpg,v4,0,1,30,99
img_003005.jpg,KAGGLE_30.jpg,v4,1,1,30,99
img_003006.jpg,KAGGLE_30.jpg,v4,2,1,30,99
img_003007.jpg,KAGGLE_3000.jpg,v4,0,0,30,33
img_003008.jpg,KAGGLE_3000.jpg,v4,1,0,30,33
img_003009.jpg,KAGGLE_3000.jpg,v4,2,0,25,33
img_003010.jpg,KAGGLE_3001.jpg,v4,0,0,30,84
img_003011.jpg,KAGGLE_3001.jpg,v4,1,0,30,84
img_003012.jpg,KAGGLE_3001.jpg,v4,2,0,30,84
img_003013.jpg,KAGGLE_3002.jpg,v4,0,23,21,0
img_003014.jpg,KAGGLE_3002.jpg,v4,1,23,30,0
img_003015.jpg,KAGGLE_3002.jpg,v4,2,23,30,0
img_003016.jpg,KAGGLE_3003.jpg,v4,0,0,30,0
img_003017.jpg,KAGGLE_3003.jpg,v4,1,0,30,0
img_003018.jpg,KAGGLE_3003.jpg,v4,2,0,24,0
img_003019.jpg,KAGGLE_3004.jpg,v4,0,0,30,0
img_003020.jpg,KAGGLE_3004.jpg,v4,1,0,30,0
img_003021.jpg,KAGGLE_3004.jpg,v4,2,0,30,0
img_003022.jpg,KAGGLE_3005.jpg,v4,0,0,30,0
img_003023.jpg,KAGGLE_3005.jpg,v4,1,0,25,0
img_003024.jpg,KAGGLE_3005.jpg,v4,2,0,30,0
img_003025.jpg,KAGGLE_3006.jpg,v4,0,0,30,0
img_003026.jpg,KAGGLE_3006.jpg,v4,1,0,23,0
img_003027.jpg,KAGGLE_3006.jpg,v4,2,0,30,0
img_003028.jpg,KAGGLE_3007.jpg,v4,0,0,30,0
img_003029.jpg,KAGGLE_3007.jpg,v4,1,0,30,0
img_003030.jpg,KAGGLE_3007.jpg,v4,2,0,27,0
img_003031.jpg,KAGGLE_3008.jpg,v4,0,0,30,120
img_003032.jpg,KAGGLE_3008.jpg,v4,1,0,20,120
img_003033.jpg,KAGGLE_3008.jpg,v4,2,0,30,120
img_003034.jpg,KAGGLE_3009.jpg,v4,0,0,30,579
img_003035.jpg,KAGGLE_3009.jpg,v4,1,0,19,579
img_003036.jpg,KAGGLE_3009.jpg,v4,2,0,30,579
img_003037.jpg,KAGGLE_3010.jpg,v4,0,0,30,0
img_003038.jpg,KAGGLE_3010.jpg,v4,1,0,30,0
img_003039.jpg,KAGGLE_3010.jpg,v4,2,0,30,0
img_003040.jpg,KAGGLE_3012.jpg,v4,0,0,24,0
img_003041.jpg,KAGGLE_3012.jpg,v4,1,0,30,0
img_003042.jpg,KAGGLE_3012.jpg,v4,2,0,24,0
img_003043.jpg,KAGGLE_3013.jpg,v4,0,1,30,365
img_003044.jpg,KAGGLE_3013.jpg,v4,1,1,30,365
img_003045.jpg,KAGGLE_3013.jpg,v4,2,1,30,365
img_003046.jpg,KAGGLE_3014.jpg,v4,0,0,30,18
img_003047.jpg,KAGGLE_3014.jpg,v4,1,0,30,18
img_003048.jpg,KAGGLE_3014.jpg,v4,2,0,30,18
img_003049.jpg,KAGGLE_3015.jpg,v4,0,0,30,27
img_003050.jpg,KAGGLE_3015.jpg,v4,1,0,30,27
img_003051.jpg,KAGGLE_3015.jpg,v4,2,0,21,27
img_003052.jpg,KAGGLE_3016.jpg,v4,0,0,30,0
img_003053.jpg,KAGGLE_3016.jpg,v4,1,0,30,0
img_003054.jpg,KAGGLE_3016.jpg,v4,2,0,30,0
img_003055.jpg,KAGGLE_3017.jpg,v4,0,0,30,0
img_003056.jpg,KAGGLE_3017.jpg,v4,1,0,24,0
img_003057.jpg,KAGGLE_3017.jpg,v4,2,0,30,0
img_003058.jpg,KAGGLE_3018.jpg,v4,0,0,30,4
img_003059.jpg,KAGGLE_3018.jpg,v4,1,0,30,4
img_003060.jpg,KAGGLE_3018.jpg,v4,2,0,30,4
img_003061.jpg,KAGGLE_3021.jpg,v4,0,0,30,105
img_003062.jpg,KAGGLE_3021.jpg,v4,1,0,23,105
img_003063.jpg,KAGGLE_3021.jpg,v4,2,0,21,105
img_003064.jpg,KAGGLE_3022.jpg,v4,0,0,30,7
img_003065.jpg,KAGGLE_3022.jpg,v4,1,0,26,7
img_003066.jpg,KAGGLE_3022.jpg,v4,2,0,30,7
img_003067.jpg,KAGGLE_3023.jpg,v4,0,0,30,227
img_003068.jpg,KAGGLE_3023.jpg,v4,1,0,30,227
img_003069.jpg,KAGGLE_3023.jpg,v4,2,0,30,227
img_003070.jpg,KAGGLE_3024.jpg,v4,0,0,24,217
img_003071.jpg,KAGGLE_3024.jpg,v4,1,0,30,217
img_003072.jpg,KAGGLE_3024.jpg,v4,2,0,26,217
img_003073.jpg,KAGGLE_3025.jpg,v4,0,0,30,21
img_003074.jpg,KAGGLE_3025.jpg,v4,1,0,30,21
img_003075.jpg,KAGGLE_3025.jpg,v4,2,0,30,21
img_003076.jpg,KAGGLE_3026.jpg,v4,0,0,22,79
img_003077.jpg,KAGGLE_3026.jpg,v4,1,0,30,79
img_003078.jpg,KAGGLE_3026.jpg,v4,2,0,30,79
img_003079.jpg,KAGGLE_3027.jpg,v4,0,0,30,63
img_003080.jpg,KAGGLE_3027.jpg,v4,1,0,30,63
img_003081.jpg,KAGGLE_3027.jpg,v4,2,0,30,63
img_003082.jpg,KAGGLE_3028.jpg,v4,0,1,20,0
img_003083.jpg,KAGGLE_3028.jpg,v4,1,1,30,0
img_003084.jpg,KAGGLE_3028.jpg,v4,2,1,30,0
img_003085.jpg,KAGGLE_3030.jpg,v4,0,0,30,539
img_003086.jpg,KAGGLE_3030.jpg,v4,1,0,30,539
img_003087.jpg,KAGGLE_3030.jpg,v4,2,0,30,539
img_003088.jpg,KAGGLE_3031.jpg,v4,0,0,30,0
img_003089.jpg,KAGGLE_3031.jpg,v4,1,0,30,0
img_003090.jpg,KAGGLE_3031.jpg,v4,2,0,30,0
img_003091.jpg,KAGGLE_3032.jpg,v4,0,0,30,499
img_003092.jpg,KAGGLE_3032.jpg,v4,1,0,12,499
img_003093.jpg,KAGGLE_3032.jpg,v4,2,0,30,499
img_003094.jpg,KAGGLE_3034.jpg,v4,0,0,21,42
img_003095.jpg,KAGGLE_3034.jpg,v4,1,0,30,42
img_003096.jpg,KAGGLE_3034.jpg,v4,2,0,30,42
img_003097.jpg,KAGGLE_3035.jpg,v4,0,0,30,0
img_003098.jpg,KAGGLE_3035.jpg,v4,1,0,23,0
img_003099.jpg,KAGGLE_3035.jpg,v4,2,0,30,0
img_003100.jpg,KAGGLE_3036.jpg,v4,0,0,30,0
img_003101.jpg,KAGGLE_3036.jpg,v4,1,0,30,0
img_003102.jpg,KAGGLE_3036.jpg,v4,2,0,30,0
img_003103.jpg,KAGGLE_3037.jpg,v4,0,0,30,0
img_003104.jpg,KAGGLE_3037.jpg,v4,1,0,30,0
img_003105.jpg,KAGGLE_3037.jpg,v4,2,0,30,0
img_003106.jpg,KAGGLE_3038.jpg,v4,0,0,30,323
img_003107.jpg,KAGGLE_3038.jpg,v4,1,0,30,323
img_003108.jpg,KAGGLE_3038.jpg,v4,2,0,30,323
img_003109.jpg,KAGGLE_3039.jpg,v4,0,0,30,183
img_003110.jpg,KAGGLE_3039.jpg,v4,1,0,30,183
img_003111.jpg,KAGGLE_3039.jpg,v4,2,0,30,183
img_003112.jpg,KAGGLE_3040.jpg,v4,0,0,30,0
img_003113.jpg,KAGGLE_3040.jpg,v4,1,0,25,0
img_003114.jpg,KAGGLE_3040.jpg,v4,2,0,24,0
img_003115.jpg,KAGGLE_3041.jpg,v4,0,0,30,0
img_003116.jpg,KAGGLE_3041.jpg,v4,1,0,30,0
img_003117.jpg,KAGGLE_3041.jpg,v4,2,0,30,0
img_003118.jpg,KAGGLE_3042.jpg,v4,0,0,30,94
img_003119.jpg,KAGGLE_3042.jpg,v4,1,0,24,94
img_003120.jpg,KAGGLE_3042.jpg,v4,2,0,27,94
img_003121.jpg,KAGGLE_3044.jpg,v4,0,0,30,132
img_003122.jpg,KAGGLE_3044.jpg,v4,1,0,24,132
img_003123.jpg,KAGGLE_3044.jpg,v4,2,0,18,132
img_003124.jpg,KAGGLE_3045.jpg,v4,0,0,30,135
img_003125.jpg,KAGGLE_3045.jpg,v4,1,0,30,135
img_003126.jpg,KAGGLE_3045.jpg,v4,2,0,30,135
img_003127.jpg,KAGGLE_3046.jpg,v4,0,9,30,0
img_003128.jpg,KAGGLE_3046.jpg,v4,1,9,30,0
img_003129.jpg,KAGGLE_3046.jpg,v4,2,9,30,0
img_003130.jpg,KAGGLE_3047.jpg,v4,0,0,30,0
img_003131.jpg,KAGGLE_3047.jpg,v4,1,0,22,0
img_003132.jpg,KAGGLE_3047.jpg,v4,2,0,30,0
img_003133.jpg,KAGGLE_3048.jpg,v4,0,0,24,9
img_003134.jpg,KAGGLE_3048.jpg,v4,1,0,30,9
img_003135.jpg,KAGGLE_3048.jpg,v4,2,0,30,9
img_003136.jpg,KAGGLE_3049.jpg,v4,0,0,25,0
img_003137.jpg,KAGGLE_3049.jpg,v4,1,0,30,0
img_003138.jpg,KAGGLE_3049.jpg,v4,2,0,30,0
img_003139.jpg,KAGGLE_3050.jpg,v4,0,0,30,157
img_003140.jpg,KAGGLE_3050.jpg,v4,1,0,30,157
img_003141.jpg,KAGGLE_3050.jpg,v4,2,0,30,157
img_003142.jpg,KAGGLE_3051.jpg,v4,0,0,30,0
img_003143.jpg,KAGGLE_3051.jpg,v4,1,0,30,0
img_003144.jpg,KAGGLE_3051.jpg,v4,2,0,23,0
img_003145.jpg,KAGGLE_3052.jpg,v4,0,1,30,82
img_003146.jpg,KAGGLE_3052.jpg,v4,1,1,30,82
img_003147.jpg,KAGGLE_3052.jpg,v4,2,1,21,82
img_003148.jpg,KAGGLE_3053.jpg,v4,0,0,22,0
img_003149.jpg,KAGGLE_3053.jpg,v4,1,0,30,0
img_003150.jpg,KAGGLE_3053.jpg,v4,2,0,30,0
img_003151.jpg,KAGGLE_3054.jpg,v4,0,0,30,30
img_003152.jpg,KAGGLE_3054.jpg,v4,1,0,30,30
img_003153.jpg,KAGGLE_3054.jpg,v4,2,0,30,30
img_003154.jpg,KAGGLE_3055.jpg,v4,0,0,30,57
img_003155.jpg,KAGGLE_3055.jpg,v4,1,0,30,57
img_003156.jpg,KAGGLE_3055.jpg,v4,2,0,30,57
img_003157.jpg,KAGGLE_3056.jpg,v4,0,0,30,106
img_003158.jpg,KAGGLE_3056.jpg,v4,1,0,30,106
img_003159.jpg,KAGGLE_3056.jpg,v4,2,0,30,106
img_003160.jpg,KAGGLE_3057.jpg,v4,0,0,30,0
img_003161.jpg,KAGGLE_3057.jpg,v4,1,0,30,0
img_003162.jpg,KAGGLE_3057.jpg,v4,2,0,30,0
img_003163.jpg,KAGGLE_3058.jpg,v4,0,0,30,0
img_003164.jpg,KAGGLE_3058.jpg,v4,1,0,30,0
img_003165.jpg,KAGGLE_3058.jpg,v4,2,0,30,0
img_003166.jpg,KAGGLE_3059.jpg,v4,0,0,30,39
img_003167.jpg,KAGGLE_3059.jpg,v4,1,0,30,39
img_003168.jpg,KAGGLE_3059.jpg,v4,2,0,24,39
img_003169.jpg,KAGGLE_3060.jpg,v4,0,0,27,0
img_003170.jpg,KAGGLE_3060.jpg,v4,1,0,30,0
img_003171.jpg,KAGGLE_3060.jpg,v4,2,0,30,0
img_003172.jpg,KAGGLE_3061.jpg,v4,0,0,30,82
img_003173.jpg,KAGGLE_3061.jpg,v4,1,0,30,82
img_003174.jpg,KAGGLE_3061.jpg,v4,2,0,30,82
img_003175.jpg,KAGGLE_3062.jpg,v4,0,1,30,0
img_003176.jpg,KAGGLE_3062.jpg,v4,1,1,30,0
img_003177.jpg,KAGGLE_3062.jpg,v4,2,1,30,0
img_003178.jpg,KAGGLE_3063.jpg,v4,0,0,30,32
img_003179.jpg,KAGGLE_3063.jpg,v4,1,0,25,32
img_003180.jpg,KAGGLE_3063.jpg,v4,2,0,30,32
img_003181.jpg,KAGGLE_3064.jpg,v4,0,0,30,0
img_003182.jpg,KAGGLE_3064.jpg,v4,1,0,30,0
img_003183.jpg,KAGGLE_3064.jpg,v4,2,0,25,0
img_003184.jpg,KAGGLE_3065.jpg,v4,0,0,30,14
img_003185.jpg,KAGGLE_3065.jpg,v4,1,0,25,14
img_003186.jpg,KAGGLE_3065.jpg,v4,2,0,30,14
img_003187.jpg,KAGGLE_3066.jpg,v4,0,2,30,0
img_003188.jpg,KAGGLE_3066.jpg,v4,1,2,24,0
img_003189.jpg,KAGGLE_3066.jpg,v4,2,2,30,0
img_003190.jpg,KAGGLE_3067.jpg,v4,0,0,30,0
img_003191.jpg,KAGGLE_3067.jpg,v4,1,0,30,0
img_003192.jpg,KAGGLE_3067.jpg,v4,2,0,22,0
img_003193.jpg,KAGGLE_3068.jpg,v4,0,1,30,0
img_003194.jpg,KAGGLE_3068.jpg,v4,1,1,30,0
img_003195.jpg,KAGGLE_3068.jpg,v4,2,1,30,0
img_003196.jpg,KAGGLE_3069.jpg,v4,0,0,30,0
img_003197.jpg,KAGGLE_3069.jpg,v4,1,0,30,0
img_003198.jpg,KAGGLE_3069.jpg,v4,2,0,24,0
img_003199.jpg,KAGGLE_3070.jpg,v4,0,0,22,33
img_003200.jpg,KAGGLE_3070.jpg,v4,1,0,30,33
img_003201.jpg,KAGGLE_3070.jpg,v4,2,0,25,33
img_003202.jpg,KAGGLE_3071.jpg,v4,0,0,30,71
img_003203.jpg,KAGGLE_3071.jpg,v4,1,0,26,71
img_003204.jpg,KAGGLE_3071.jpg,v4,2,0,30,71
img_003205.jpg,KAGGLE_3072.jpg,v4,0,0,23,31
img_003206.jpg,KAGGLE_3072.jpg,v4,1,0,30,31
img_003207.jpg,KAGGLE_3072.jpg,v4,2,0,30,31
img_003208.jpg,KAGGLE_3073.jpg,v4,0,0,30,0
img_003209.jpg,KAGGLE_3073.jpg,v4,1,0,30,0
img_003210.jpg,KAGGLE_3073.jpg,v4,2,0,25,0
img_003211.jpg,KAGGLE_3074.jpg,v4,0,1,30,0
img_003212.jpg,KAGGLE_3074.jpg,v4,1,1,30,0
img_003213.jpg,KAGGLE_3074.jpg,v4,2,1,30,0
img_003214.jpg,KAGGLE_3075.jpg,v4,0,0,30,0
img_003215.jpg,KAGGLE_3075.jpg,v4,1,0,30,0
img_003216.jpg,KAGGLE_3075.jpg,v4,2,0,30,0
img_003217.jpg,KAGGLE_3076.jpg,v4,0,0,30,0
img_003218.jpg,KAGGLE_3076.jpg,v4,1,0,23,0
img_003219.jpg,KAGGLE_3076.jpg,v4,2,0,30,0
img_003220.jpg,KAGGLE_3077.jpg,v4,0,0,30,0
img_003221.jpg,KAGGLE_3077.jpg,v4,1,0,30,0
img_003222.jpg,KAGGLE_3077.jpg,v4,2,0,30,0
img_003223.jpg,KAGGLE_3078.jpg,v4,0,0,30,0
img_003224.jpg,KAGGLE_3078.jpg,v4,1,0,25,0
img_003225.jpg,KAGGLE_3078.jpg,v4,2,0,30,0
img_003226.jpg,KAGGLE_3079.jpg,v4,0,0,30,52
img_003227.jpg,KAGGLE_3079.jpg,v4,1,0,30,52
img_003228.jpg,KAGGLE_3079.jpg,v4,2,0,30,52
img_003229.jpg,KAGGLE_3080.jpg,v4,0,0,30,41
img_003230.jpg,KAGGLE_3080.jpg,v4,1,0,30,41
img_003231.jpg,KAGGLE_3080.jpg,v4,2,0,30,41
img_003232.jpg,KAGGLE_3081.jpg,v4,0,0,21,0
img_003233.jpg,KAGGLE_3081.jpg,v4,1,0,30,0
img_003234.jpg,KAGGLE_3081.jpg,v4,2,0,30,0
img_003235.jpg,KAGGLE_3082.jpg,v4,0,0,30,156
img_003236.jpg,KAGGLE_3082.jpg,v4,1,0,30,156
img_003237.jpg,KAGGLE_3082.jpg,v4,2,0,30,156
img_003238.jpg,KAGGLE_3083.jpg,v4,0,0,30,0
img_003239.jpg,KAGGLE_3083.jpg,v4,1,0,30,0
img_003240.jpg,KAGGLE_3083.jpg,v4,2,0,30,0
img_003241.jpg,KAGGLE_3084.jpg,v4,0,0,30,43
img_003242.jpg,KAGGLE_3084.jpg,v4,1,0,30,43
img_003243.jpg,KAGGLE_3084.jpg,v4,2,0,30,43
img_003244.jpg,KAGGLE_3085.jpg,v4,0,0,30,0
img_003245.jpg,KAGGLE_3085.jpg,v4,1,0,30,0
img_003246.jpg,KAGGLE_3085.jpg,v4,2,0,30,0
img_003247.jpg,KAGGLE_3086.jpg,v4,0,0,30,38
img_003248.jpg,KAGGLE_3086.jpg,v4,1,0,30,38
img_003249.jpg,KAGGLE_3086.jpg,v4,2,0,30,38
img_003250.jpg,KAGGLE_3087.jpg,v4,0,0,30,0
img_003251.jpg,KAGGLE_3087.jpg,v4,1,0,24,0
img_003252.jpg,KAGGLE_3087.jpg,v4,2,0,19,0
img_003253.jpg,KAGGLE_3088.jpg,v4,0,0,30,193
img_003254.jpg,KAGGLE_3088.jpg,v4,1,0,30,193
img_003255.jpg,KAGGLE_3088.jpg,v4,2,0,30,193
img_003256.jpg,KAGGLE_3089.jpg,v4,0,0,22,0
img_003257.jpg,KAGGLE_3089.jpg,v4,1,0,18,0
img_003258.jpg,KAGGLE_3089.jpg,v4,2,0,24,0
img_003259.jpg,KAGGLE_3090.jpg,v4,0,0,30,55
img_003260.jpg,KAGGLE_3090.jpg,v4,1,0,30,55
img_003261.jpg,KAGGLE_3090.jpg,v4,2,0,30,55
img_003262.jpg,KAGGLE_3091.jpg,v4,0,0,23,161
img_003263.jpg,KAGGLE_3091.jpg,v4,1,0,30,161
img_003264.jpg,KAGGLE_3091.jpg,v4,2,0,30,161
img_003265.jpg,KAGGLE_3092.jpg,v4,0,0,30,0
img_003266.jpg,KAGGLE_3092.jpg,v4,1,0,30,0
img_003267.jpg,KAGGLE_3092.jpg,v4,2,0,24,0
img_003268.jpg,KAGGLE_3093.jpg,v4,0,0,30,0
img_003269.jpg,KAGGLE_3093.jpg,v4,1,0,30,0
img_003270.jpg,KAGGLE_3093.jpg,v4,2,0,30,0
img_003271.jpg,KAGGLE_3094.jpg,v4,0,0,30,15
img_003272.jpg,KAGGLE_3094.jpg,v4,1,0,24,15
img_003273.jpg,KAGGLE_3094.jpg,v4,2,0,30,15
img_003274.jpg,KAGGLE_3095.jpg,v4,0,0,30,0
img_003275.jpg,KAGGLE_3095.jpg,v4,1,0,21,0
img_003276.jpg,KAGGLE_3095.jpg,v4,2,0,30,0
img_003277.jpg,KAGGLE_3096.jpg,v4,0,6,30,0
img_003278.jpg,KAGGLE_3096.jpg,v4,1,6,30,0
img_003279.jpg,KAGGLE_3096.jpg,v4,2,6,30,0
img_003280.jpg,KAGGLE_3097.jpg,v4,0,0,30,0
img_003281.jpg,KAGGLE_3097.jpg,v4,1,0,30,0
img_003282.jpg,KAGGLE_3097.jpg,v4,2,0,30,0
img_003283.jpg,KAGGLE_3098.jpg,v4,0,0,30,0
img_003284.jpg,KAGGLE_3098.jpg,v4,1,0,30,0
img_003285.jpg,KAGGLE_3098.jpg,v4,2,0,30,0
img_003286.jpg,KAGGLE_31.jpg,v4,0,0,30,0
img_003287.jpg,KAGGLE_31.jpg,v4,1,0,30,0
img_003288.jpg,KAGGLE_31.jpg,v4,2,0,30,0
img_003289.jpg,KAGGLE_32.jpg,v4,0,0,30,579
img_003290.jpg,KAGGLE_32.jpg,v4,1,0,30,579
img_003291.jpg,KAGGLE_32.jpg,v4,2,0,30,579
img_003292.jpg,KAGGLE_33.jpg,v4,0,0,30,0
img_003293.jpg,KAGGLE_33.jpg,v4,1,0,30,0
img_003294.jpg,KAGGLE_33.jpg,v4,2,0,27,0
img_003295.jpg,KAGGLE_34.jpg,v4,0,0,30,81
img_003296.jpg,KAGGLE_34.jpg,v4,1,0,30,81
img_003297.jpg,KAGGLE_34.jpg,v4,2,0,30,81
img_003298.jpg,KAGGLE_36.jpg,v4,0,0,25,65
img_003299.jpg,KAGGLE_36.jpg,v4,1,0,30,65
img_003300.jpg,KAGGLE_36.jpg,v4,2,0,22,65
img_003301.jpg,KAGGLE_37.jpg,v4,0,0,0,290
img_003302.jpg,KAGGLE_37.jpg,v4,1,0,0,290
img_003303.jpg,KAGGLE_37.jpg,v4,2,0,0,290
img_003304.jpg,KAGGLE_38.jpg,v4,0,0,30,0
img_003305.jpg,KAGGLE_38.jpg,v4,1,0,30,0
img_003306.jpg,KAGGLE_38.jpg,v4,2,0,24,0
img_003307.jpg,KAGGLE_39.jpg,v4,0,1,24,71
img_003308.jpg,KAGGLE_39.jpg,v4,1,1,30,71
img_003309.jpg,KAGGLE_39.jpg,v4,2,1,30,71
img_003310.jpg,KAGGLE_4.jpg,v4,0,0,30,0
img_003311.jpg,KAGGLE_4.jpg,v4,1,0,30,0
img_003312.jpg,KAGGLE_4.jpg,v4,2,0,30,0
img_003313.jpg,KAGGLE_40.jpg,v4,0,0,30,14
img_003314.jpg,KAGGLE_40.jpg,v4,1,0,30,14
img_003315.jpg,KAGGLE_40.jpg,v4,2,0,20,14
img_003316.jpg,KAGGLE_41.jpg,v4,0,0,23,70
img_003317.jpg,KAGGLE_41.jpg,v4,1,0,30,70
img_003318.jpg,KAGGLE_41.jpg,v4,2,0,30,70
img_003319.jpg,KAGGLE_42.jpg,v4,0,0,24,10
img_003320.jpg,KAGGLE_42.jpg,v4,1,0,30,10
img_003321.jpg,KAGGLE_42.jpg,v4,2,0,30,10
img_003322.jpg,KAGGLE_44.jpg,v4,0,0,25,0
img_003323.jpg,KAGGLE_44.jpg,v4,1,0,30,0
img_003324.jpg,KAGGLE_44.jpg,v4,2,0,30,0
img_003325.jpg,KAGGLE_45.jpg,v4,0,0,30,143
img_003326.jpg,KAGGLE_45.jpg,v4,1,0,25,143
img_003327.jpg,KAGGLE_45.jpg,v4,2,0,30,143
img_003328.jpg,KAGGLE_47.jpg,v4,0,0,30,104
img_003329.jpg,KAGGLE_47.jpg,v4,1,0,30,104
img_003330.jpg,KAGGLE_47.jpg,v4,2,0,30,104
img_003331.jpg,KAGGLE_48.jpg,v4,0,0,25,6
img_003332.jpg,KAGGLE_48.jpg,v4,1,0,30,6
img_003333.jpg,KAGGLE_48.jpg,v4,2,0,30,6
img_003334.jpg,KAGGLE_49.jpg,v4,0,0,30,0
img_003335.jpg,KAGGLE_49.jpg,v4,1,0,26,0
img_003336.jpg,KAGGLE_49.jpg,v4,2,0,30,0
img_003337.jpg,KAGGLE_5.jpg,v4,0,1,30,0
img_003338.jpg,KAGGLE_5.jpg,v4,1,1,30,0
img_003339.jpg,KAGGLE_5.jpg,v4,2,1,26,0
img_003340.jpg,KAGGLE_6.jpg,v4,0,0,30,0
img_003341.jpg,KAGGLE_6.jpg,v4,1,0,30,0
img_003342.jpg,KAGGLE_6.jpg,v4,2,0,30,0
img_003343.jpg,KAGGLE_7.jpg,v4,0,0,30,0
img_003344.jpg,KAGGLE_7.jpg,v4,1,0,30,0
img_003345.jpg,KAGGLE_7.jpg,v4,2,0,30,0
img_003346.jpg,KAGGLE_8.jpg,v4,0,0,30,51
img_003347.jpg,KAGGLE_8.jpg,v4,1,0,30,51
img_003348.jpg,KAGGLE_8.jpg,v4,2,0,30,51
img_003349.jpg,KAGGLE_9.jpg,v4,0,0,30,0
img_003350.jpg,KAGGLE_9.jpg,v4,1,0,30,0
img_003351.jpg,KAGGLE_9.jpg,v4,2,0,23,0
img_003352.jpg,ROBOFLOW_10165_jpg.rf.6aaf62bab00a58b1bb6278c565a0e6fb.jpg,v4,0,0,30,0
img_003353.jpg,ROBOFLOW_10165_jpg.rf.6aaf62bab00a58b1bb6278c565a0e6fb.jpg,v4,1,0,30,0
img_003354.jpg,ROBOFLOW_10165_jpg.rf.6aaf62bab00a58b1bb6278c565a0e6fb.jpg,v4,2,0,30,0
img_003355.jpg,ROBOFLOW_10166_jpg.rf.583c4c1da2787d115cadf1cc0f155bef.jpg,v4,0,0,24,0
img_003356.jpg,ROBOFLOW_10166_jpg.rf.583c4c1da2787d115cadf1cc0f155bef.jpg,v4,1,0,30,0
img_003357.jpg,ROBOFLOW_10166_jpg.rf.583c4c1da2787d115cadf1cc0f155bef.jpg,v4,2,0,30,0
img_003358.jpg,ROBOFLOW_13-06-2023_12-23-45_REC_png_jpg.rf.50da01482d9b34b02330c9b13c11b21d.jpg,v4,0,1,19,190
img_003359.jpg,ROBOFLOW_13-06-2023_12-23-45_REC_png_jpg.rf.50da01482d9b34b02330c9b13c11b21d.jpg,v4,1,1,30,190
img_003360.jpg,ROBOFLOW_13-06-2023_12-23-45_REC_png_jpg.rf.50da01482d9b34b02330c9b13c11b21d.jpg,v4,2,1,30,190
img_003361.jpg,ROBOFLOW_13-06-2023_12-25-14_REC_png_jpg.rf.9fcc8c072735b8f529e04204e89e6d12.jpg,v4,0,0,30,231
img_003362.jpg,ROBOFLOW_13-06-2023_12-25-14_REC_png_jpg.rf.9fcc8c072735b8f529e04204e89e6d12.jpg,v4,1,0,30,231
img_003363.jpg,ROBOFLOW_13-06-2023_12-25-14_REC_png_jpg.rf.9fcc8c072735b8f529e04204e89e6d12.jpg,v4,2,0,30,231
img_003364.jpg,ROBOFLOW_13-06-2023_12-25-50_REC_png_jpg.rf.65101ccfe450db89147cfe4e9baea216.jpg,v4,0,0,30,0
img_003365.jpg,ROBOFLOW_13-06-2023_12-25-50_REC_png_jpg.rf.65101ccfe450db89147cfe4e9baea216.jpg,v4,1,0,30,0
img_003366.jpg,ROBOFLOW_13-06-2023_12-25-50_REC_png_jpg.rf.65101ccfe450db89147cfe4e9baea216.jpg,v4,2,0,30,0
img_003367.jpg,ROBOFLOW_13-06-2023_12-26-22_REC_png_jpg.rf.235a7e978312bc0c3e529c04dd64278b.jpg,v4,0,0,21,0
img_003368.jpg,ROBOFLOW_13-06-2023_12-26-22_REC_png_jpg.rf.235a7e978312bc0c3e529c04dd64278b.jpg,v4,1,0,16,0
img_003369.jpg,ROBOFLOW_13-06-2023_12-26-22_REC_png_jpg.rf.235a7e978312bc0c3e529c04dd64278b.jpg,v4,2,0,30,0
img_003370.jpg,ROBOFLOW_13-06-2023_12-26-41_REC_png_jpg.rf.8e52e7b62d5a475e8a43b3c22a07aa75.jpg,v4,0,0,30,0
img_003371.jpg,ROBOFLOW_13-06-2023_12-26-41_REC_png_jpg.rf.8e52e7b62d5a475e8a43b3c22a07aa75.jpg,v4,1,0,30,0
img_003372.jpg,ROBOFLOW_13-06-2023_12-26-41_REC_png_jpg.rf.8e52e7b62d5a475e8a43b3c22a07aa75.jpg,v4,2,0,30,0
img_003373.jpg,ROBOFLOW_13-06-2023_12-27-58_REC_png_jpg.rf.a584c76484c7a248a0ceffd3bc3ad240.jpg,v4,0,1,22,280
img_003374.jpg,ROBOFLOW_13-06-2023_12-27-58_REC_png_jpg.rf.a584c76484c7a248a0ceffd3bc3ad240.jpg,v4,1,1,30,280
img_003375.jpg,ROBOFLOW_13-06-2023_12-27-58_REC_png_jpg.rf.a584c76484c7a248a0ceffd3bc3ad240.jpg,v4,2,1,30,280
img_003376.jpg,ROBOFLOW_13-06-2023_12-28-15_REC_png_jpg.rf.8bfe785d60fe44471dbb4cc734e0e5d2.jpg,v4,0,0,30,0
img_003377.jpg,ROBOFLOW_13-06-2023_12-28-15_REC_png_jpg.rf.8bfe785d60fe44471dbb4cc734e0e5d2.jpg,v4,1,0,30,0
img_003378.jpg,ROBOFLOW_13-06-2023_12-28-15_REC_png_jpg.rf.8bfe785d60fe44471dbb4cc734e0e5d2.jpg,v4,2,0,30,0
img_003379.jpg,ROBOFLOW_13-06-2023_12-28-37_REC_png_jpg.rf.ce5341e48e8fe445bb6e96405d057c0f.jpg,v4,0,2,26,334
img_003380.jpg,ROBOFLOW_13-06-2023_12-28-37_REC_png_jpg.rf.ce5341e48e8fe445bb6e96405d057c0f.jpg,v4,1,2,30,334
img_003381.jpg,ROBOFLOW_13-06-2023_12-28-37_REC_png_jpg.rf.ce5341e48e8fe445bb6e96405d057c0f.jpg,v4,2,2,21,334
img_003382.jpg,ROBOFLOW_13-06-2023_12-28-51_REC_png_jpg.rf.547ff633c1ae100273f85b3d6a48abc2.jpg,v4,0,0,30,0
img_003383.jpg,ROBOFLOW_13-06-2023_12-28-51_REC_png_jpg.rf.547ff633c1ae100273f85b3d6a48abc2.jpg,v4,1,0,30,0
img_003384.jpg,ROBOFLOW_13-06-2023_12-28-51_REC_png_jpg.rf.547ff633c1ae100273f85b3d6a48abc2.jpg,v4,2,0,30,0
img_003385.jpg,ROBOFLOW_13-06-2023_12-29-21_REC_png_jpg.rf.fe4f8e972c2b66dee2a8a1236e8fb7cb.jpg,v4,0,0,30,0
img_003386.jpg,ROBOFLOW_13-06-2023_12-29-21_REC_png_jpg.rf.fe4f8e972c2b66dee2a8a1236e8fb7cb.jpg,v4,1,0,30,0
img_003387.jpg,ROBOFLOW_13-06-2023_12-29-21_REC_png_jpg.rf.fe4f8e972c2b66dee2a8a1236e8fb7cb.jpg,v4,2,0,24,0
img_003388.jpg,ROBOFLOW_13-06-2023_12-29-39_REC_png_jpg.rf.50f9a9e4b8f87857defc3356c827f422.jpg,v4,0,1,30,0
img_003389.jpg,ROBOFLOW_13-06-2023_12-29-39_REC_png_jpg.rf.50f9a9e4b8f87857defc3356c827f422.jpg,v4,1,1,30,0
img_003390.jpg,ROBOFLOW_13-06-2023_12-29-39_REC_png_jpg.rf.50f9a9e4b8f87857defc3356c827f422.jpg,v4,2,1,19,0
img_003391.jpg,ROBOFLOW_13-06-2023_12-30-47_REC_png_jpg.rf.d708547d01afe5a3e990b3d1af991e2f.jpg,v4,0,0,0,512
img_003392.jpg,ROBOFLOW_13-06-2023_12-30-47_REC_png_jpg.rf.d708547d01afe5a3e990b3d1af991e2f.jpg,v4,1,0,0,512
img_003393.jpg,ROBOFLOW_13-06-2023_12-30-47_REC_png_jpg.rf.d708547d01afe5a3e990b3d1af991e2f.jpg,v4,2,0,0,512
img_003394.jpg,ROBOFLOW_13-06-2023_12-31-04_REC_png_jpg.rf.4dc83fc177a543b38a42f3be24755797.jpg,v4,0,0,30,222
img_003395.jpg,ROBOFLOW_13-06-2023_12-31-04_REC_png_jpg.rf.4dc83fc177a543b38a42f3be24755797.jpg,v4,1,0,25,222
img_003396.jpg,ROBOFLOW_13-06-2023_12-31-04_REC_png_jpg.rf.4dc83fc177a543b38a42f3be24755797.jpg,v4,2,0,30,222
img_003397.jpg,ROBOFLOW_13-06-2023_12-31-20_REC_png_jpg.rf.e09b5c9576c830ceb45c7c93621d590f.jpg,v4,0,0,30,243
img_003398.jpg,ROBOFLOW_13-06-2023_12-31-20_REC_png_jpg.rf.e09b5c9576c830ceb45c7c93621d590f.jpg,v4,1,0,30,243
img_003399.jpg,ROBOFLOW_13-06-2023_12-31-20_REC_png_jpg.rf.e09b5c9576c830ceb45c7c93621d590f.jpg,v4,2,0,30,243
img_003400.jpg,ROBOFLOW_13-06-2023_12-31-49_REC_png_jpg.rf.c7e9e955f8cd94d5ed54822462fdbd56.jpg,v4,0,0,30,64
img_003401.jpg,ROBOFLOW_13-06-2023_12-31-49_REC_png_jpg.rf.c7e9e955f8cd94d5ed54822462fdbd56.jpg,v4,1,0,30,64
img_003402.jpg,ROBOFLOW_13-06-2023_12-31-49_REC_png_jpg.rf.c7e9e955f8cd94d5ed54822462fdbd56.jpg,v4,2,0,25,64
img_003403.jpg,ROBOFLOW_13-06-2023_12-32-03_REC_png_jpg.rf.0ba23eb1483f6c304f9eeead4e340709.jpg,v4,0,0,30,66
img_003404.jpg,ROBOFLOW_13-06-2023_12-32-03_REC_png_jpg.rf.0ba23eb1483f6c304f9eeead4e340709.jpg,v4,1,0,30,66
img_003405.jpg,ROBOFLOW_13-06-2023_12-32-03_REC_png_jpg.rf.0ba23eb1483f6c304f9eeead4e340709.jpg,v4,2,0,30,66
img_003406.jpg,ROBOFLOW_13-06-2023_12-35-15_REC_png_jpg.rf.0925a83d2ba92d4811c54d06dc343d2a.jpg,v4,0,0,30,23
img_003407.jpg,ROBOFLOW_13-06-2023_12-35-15_REC_png_jpg.rf.0925a83d2ba92d4811c54d06dc343d2a.jpg,v4,1,0,24,23
img_003408.jpg,ROBOFLOW_13-06-2023_12-35-15_REC_png_jpg.rf.0925a83d2ba92d4811c54d06dc343d2a.jpg,v4,2,0,30,23
img_003409.jpg,ROBOFLOW_13-06-2023_12-35-30_REC_png_jpg.rf.2e369a2aee522ee6e112d0c7ccd53858.jpg,v4,0,0,30,28
img_003410.jpg,ROBOFLOW_13-06-2023_12-35-30_REC_png_jpg.rf.2e369a2aee522ee6e112d0c7ccd53858.jpg,v4,1,0,30,28
img_003411.jpg,ROBOFLOW_13-06-2023_12-35-30_REC_png_jpg.rf.2e369a2aee522ee6e112d0c7ccd53858.jpg,v4,2,0,30,28
img_003412.jpg,ROBOFLOW_13-06-2023_12-35-43_REC_png_jpg.rf.e25e7589e6947e7647d9241c0a5219fe.jpg,v4,0,0,30,0
img_003413.jpg,ROBOFLOW_13-06-2023_12-35-43_REC_png_jpg.rf.e25e7589e6947e7647d9241c0a5219fe.jpg,v4,1,0,30,0
img_003414.jpg,ROBOFLOW_13-06-2023_12-35-43_REC_png_jpg.rf.e25e7589e6947e7647d9241c0a5219fe.jpg,v4,2,0,30,0
img_003415.jpg,ROBOFLOW_13-06-2023_12-35-59_REC_png_jpg.rf.e1f123d925314f98a037c5a9b09a8c86.jpg,v4,0,0,17,0
img_003416.jpg,ROBOFLOW_13-06-2023_12-35-59_REC_png_jpg.rf.e1f123d925314f98a037c5a9b09a8c86.jpg,v4,1,0,30,0
img_003417.jpg,ROBOFLOW_13-06-2023_12-35-59_REC_png_jpg.rf.e1f123d925314f98a037c5a9b09a8c86.jpg,v4,2,0,30,0
img_003418.jpg,ROBOFLOW_13-06-2023_12-36-17_REC_png_jpg.rf.b1a04e41fcd73536c8281590371febf6.jpg,v4,0,0,30,0
img_003419.jpg,ROBOFLOW_13-06-2023_12-36-17_REC_png_jpg.rf.b1a04e41fcd73536c8281590371febf6.jpg,v4,1,0,30,0
img_003420.jpg,ROBOFLOW_13-06-2023_12-36-17_REC_png_jpg.rf.b1a04e41fcd73536c8281590371febf6.jpg,v4,2,0,30,0
img_003421.jpg,ROBOFLOW_13-06-2023_12-37-01_REC_png_jpg.rf.29c678bbd5ed716eb696d95f1fb2b269.jpg,v4,0,0,30,142
img_003422.jpg,ROBOFLOW_13-06-2023_12-37-01_REC_png_jpg.rf.29c678bbd5ed716eb696d95f1fb2b269.jpg,v4,1,0,30,142
img_003423.jpg,ROBOFLOW_13-06-2023_12-37-01_REC_png_jpg.rf.29c678bbd5ed716eb696d95f1fb2b269.jpg,v4,2,0,30,142
img_003424.jpg,ROBOFLOW_13-06-2023_12-37-53_REC_png_jpg.rf.44b20d4c4a238fb4badfc244a8255dc3.jpg,v4,0,0,30,154
img_003425.jpg,ROBOFLOW_13-06-2023_12-37-53_REC_png_jpg.rf.44b20d4c4a238fb4badfc244a8255dc3.jpg,v4,1,0,30,154
img_003426.jpg,ROBOFLOW_13-06-2023_12-37-53_REC_png_jpg.rf.44b20d4c4a238fb4badfc244a8255dc3.jpg,v4,2,0,23,154
img_003427.jpg,ROBOFLOW_13-06-2023_12-38-18_REC_png_jpg.rf.c14d5344ec5e426ffadfd308abe93b82.jpg,v4,0,0,24,99
img_003428.jpg,ROBOFLOW_13-06-2023_12-38-18_REC_png_jpg.rf.c14d5344ec5e426ffadfd308abe93b82.jpg,v4,1,0,21,99
img_003429.jpg,ROBOFLOW_13-06-2023_12-38-18_REC_png_jpg.rf.c14d5344ec5e426ffadfd308abe93b82.jpg,v4,2,0,30,99
img_003430.jpg,ROBOFLOW_13-06-2023_12-38-40_REC_png_jpg.rf.4c7037d22972163371c4b2141868d68c.jpg,v4,0,0,22,75
img_003431.jpg,ROBOFLOW_13-06-2023_12-38-40_REC_png_jpg.rf.4c7037d22972163371c4b2141868d68c.jpg,v4,1,0,30,75
img_003432.jpg,ROBOFLOW_13-06-2023_12-38-40_REC_png_jpg.rf.4c7037d22972163371c4b2141868d68c.jpg,v4,2,0,30,75
img_003433.jpg,ROBOFLOW_13-06-2023_12-38-58_REC_png_jpg.rf.57d6133ef470a006a019c7b80db82602.jpg,v4,0,0,30,245
img_003434.jpg,ROBOFLOW_13-06-2023_12-38-58_REC_png_jpg.rf.57d6133ef470a006a019c7b80db82602.jpg,v4,1,0,16,245
img_003435.jpg,ROBOFLOW_13-06-2023_12-38-58_REC_png_jpg.rf.57d6133ef470a006a019c7b80db82602.jpg,v4,2,0,30,245
img_003436.jpg,ROBOFLOW_13-06-2023_12-39-16_REC_png_jpg.rf.8eb649185c0ffbc20c4b2bd7f07ed4ae.jpg,v4,0,1,30,35
img_003437.jpg,ROBOFLOW_13-06-2023_12-39-16_REC_png_jpg.rf.8eb649185c0ffbc20c4b2bd7f07ed4ae.jpg,v4,1,1,30,35
img_003438.jpg,ROBOFLOW_13-06-2023_12-39-16_REC_png_jpg.rf.8eb649185c0ffbc20c4b2bd7f07ed4ae.jpg,v4,2,1,30,35
img_003439.jpg,ROBOFLOW_13-06-2023_12-40-08_REC_png_jpg.rf.9e5a3c98accd9b7e060aef64090d109f.jpg,v4,0,0,30,46
img_003440.jpg,ROBOFLOW_13-06-2023_12-40-08_REC_png_jpg.rf.9e5a3c98accd9b7e060aef64090d109f.jpg,v4,1,0,30,46
img_003441.jpg,ROBOFLOW_13-06-2023_12-40-08_REC_png_jpg.rf.9e5a3c98accd9b7e060aef64090d109f.jpg,v4,2,0,30,46
img_003442.jpg,ROBOFLOW_13-06-2023_12-40-24_REC_png_jpg.rf.8dc6bb07000fd3903f774f8368c56d2c.jpg,v4,0,0,30,56
img_003443.jpg,ROBOFLOW_13-06-2023_12-40-24_REC_png_jpg.rf.8dc6bb07000fd3903f774f8368c56d2c.jpg,v4,1,0,30,56
img_003444.jpg,ROBOFLOW_13-06-2023_12-40-24_REC_png_jpg.rf.8dc6bb07000fd3903f774f8368c56d2c.jpg,v4,2,0,23,56
img_003445.jpg,ROBOFLOW_13-06-2023_12-40-43_REC_png_jpg.rf.854371f69044b477a8f4710afcad6fec.jpg,v4,0,0,30,58
img_003446.jpg,ROBOFLOW_13-06-2023_12-40-43_REC_png_jpg.rf.854371f69044b477a8f4710afcad6fec.jpg,v4,1,0,30,58
img_003447.jpg,ROBOFLOW_13-06-2023_12-40-43_REC_png_jpg.rf.854371f69044b477a8f4710afcad6fec.jpg,v4,2,0,30,58
img_003448.jpg,ROBOFLOW_13-06-2023_12-41-06_REC_png_jpg.rf.7ed6f110443551df602ba0a4459aec59.jpg,v4,0,0,30,58
img_003449.jpg,ROBOFLOW_13-06-2023_12-41-06_REC_png_jpg.rf.7ed6f110443551df602ba0a4459aec59.jpg,v4,1,0,20,58
img_003450.jpg,ROBOFLOW_13-06-2023_12-41-06_REC_png_jpg.rf.7ed6f110443551df602ba0a4459aec59.jpg,v4,2,0,30,58
img_003451.jpg,ROBOFLOW_13-06-2023_12-41-22_REC_png_jpg.rf.1986788be67dce79ad54add13e430b73.jpg,v4,0,0,30,19
img_003452.jpg,ROBOFLOW_13-06-2023_12-41-22_REC_png_jpg.rf.1986788be67dce79ad54add13e430b73.jpg,v4,1,0,30,19
img_003453.jpg,ROBOFLOW_13-06-2023_12-41-22_REC_png_jpg.rf.1986788be67dce79ad54add13e430b73.jpg,v4,2,0,30,19
img_003454.jpg,ROBOFLOW_13-06-2023_12-41-42_REC_png_jpg.rf.2fcae1d06873c1f5fb8c714779b5ba54.jpg,v4,0,3,30,23
img_003455.jpg,ROBOFLOW_13-06-2023_12-41-42_REC_png_jpg.rf.2fcae1d06873c1f5fb8c714779b5ba54.jpg,v4,1,3,30,23
img_003456.jpg,ROBOFLOW_13-06-2023_12-41-42_REC_png_jpg.rf.2fcae1d06873c1f5fb8c714779b5ba54.jpg,v4,2,3,25,23
img_003457.jpg,ROBOFLOW_13-06-2023_12-41-58_REC_png_jpg.rf.a34fe195e9eeadd62a4d856d27e48362.jpg,v4,0,0,30,24
img_003458.jpg,ROBOFLOW_13-06-2023_12-41-58_REC_png_jpg.rf.a34fe195e9eeadd62a4d856d27e48362.jpg,v4,1,0,30,24
img_003459.jpg,ROBOFLOW_13-06-2023_12-41-58_REC_png_jpg.rf.a34fe195e9eeadd62a4d856d27e48362.jpg,v4,2,0,30,24
img_003460.jpg,ROBOFLOW_13-06-2023_12-42-16_REC_png_jpg.rf.5d43d4c014cb4150977d417440543544.jpg,v4,0,0,30,8
img_003461.jpg,ROBOFLOW_13-06-2023_12-42-16_REC_png_jpg.rf.5d43d4c014cb4150977d417440543544.jpg,v4,1,0,30,8
img_003462.jpg,ROBOFLOW_13-06-2023_12-42-16_REC_png_jpg.rf.5d43d4c014cb4150977d417440543544.jpg,v4,2,0,30,8
img_003463.jpg,ROBOFLOW_13-06-2023_12-42-32_REC_png_jpg.rf.fe743fdad6f78057905ca5f2585c833a.jpg,v4,0,0,30,0
img_003464.jpg,ROBOFLOW_13-06-2023_12-42-32_REC_png_jpg.rf.fe743fdad6f78057905ca5f2585c833a.jpg,v4,1,0,30,0
img_003465.jpg,ROBOFLOW_13-06-2023_12-42-32_REC_png_jpg.rf.fe743fdad6f78057905ca5f2585c833a.jpg,v4,2,0,30,0
img_003466.jpg,ROBOFLOW_13-06-2023_12-42-49_REC_png_jpg.rf.78fc1a1d3d4203f322eab462bcf999d9.jpg,v4,0,0,26,0
img_003467.jpg,ROBOFLOW_13-06-2023_12-42-49_REC_png_jpg.rf.78fc1a1d3d4203f322eab462bcf999d9.jpg,v4,1,0,30,0
img_003468.jpg,ROBOFLOW_13-06-2023_12-42-49_REC_png_jpg.rf.78fc1a1d3d4203f322eab462bcf999d9.jpg,v4,2,0,30,0
img_003469.jpg,ROBOFLOW_13-06-2023_12-43-10_REC_png_jpg.rf.e6690d8f212a9c80ea41d619c91b6b2f.jpg,v4,0,0,30,0
img_003470.jpg,ROBOFLOW_13-06-2023_12-43-10_REC_png_jpg.rf.e6690d8f212a9c80ea41d619c91b6b2f.jpg,v4,1,0,30,0
img_003471.jpg,ROBOFLOW_13-06-2023_12-43-10_REC_png_jpg.rf.e6690d8f212a9c80ea41d619c91b6b2f.jpg,v4,2,0,30,0
img_003472.jpg,ROBOFLOW_13-06-2023_12-43-23_REC_png_jpg.rf.4b6d88eea7955c8f2349c5aaae3d1c10.jpg,v4,0,0,30,0
img_003473.jpg,ROBOFLOW_13-06-2023_12-43-23_REC_png_jpg.rf.4b6d88eea7955c8f2349c5aaae3d1c10.jpg,v4,1,0,30,0
img_003474.jpg,ROBOFLOW_13-06-2023_12-43-23_REC_png_jpg.rf.4b6d88eea7955c8f2349c5aaae3d1c10.jpg,v4,2,0,30,0
img_003475.jpg,ROBOFLOW_13-06-2023_12-43-41_REC_png_jpg.rf.3229bd6ca95a28052efb765765650fac.jpg,v4,0,0,30,4
img_003476.jpg,ROBOFLOW_13-06-2023_12-43-41_REC_png_jpg.rf.3229bd6ca95a28052efb765765650fac.jpg,v4,1,0,30,4
img_003477.jpg,ROBOFLOW_13-06-2023_12-43-41_REC_png_jpg.rf.3229bd6ca95a28052efb765765650fac.jpg,v4,2,0,30,4
img_003478.jpg,ROBOFLOW_13-06-2023_12-43-54_REC_png_jpg.rf.ed39cef7f2272cadeec3bc8bd6f52c31.jpg,v4,0,0,30,0
img_003479.jpg,ROBOFLOW_13-06-2023_12-43-54_REC_png_jpg.rf.ed39cef7f2272cadeec3bc8bd6f52c31.jpg,v4,1,0,22,0
img_003480.jpg,ROBOFLOW_13-06-2023_12-43-54_REC_png_jpg.rf.ed39cef7f2272cadeec3bc8bd6f52c31.jpg,v4,2,0,30,0
img_003481.jpg,ROBOFLOW_13-06-2023_12-44-06_REC_png_jpg.rf.5684dd22cecd7c9f3193c6b405801b7b.jpg,v4,0,0,30,79
img_003482.jpg,ROBOFLOW_13-06-2023_12-44-06_REC_png_jpg.rf.5684dd22cecd7c9f3193c6b405801b7b.jpg,v4,1,0,30,79
img_003483.jpg,ROBOFLOW_13-06-2023_12-44-06_REC_png_jpg.rf.5684dd22cecd7c9f3193c6b405801b7b.jpg,v4,2,0,30,79
img_003484.jpg,ROBOFLOW_13-06-2023_12-44-56_REC_png_jpg.rf.0764985fffa45900cf878db0c7c584f7.jpg,v4,0,0,17,0
img_003485.jpg,ROBOFLOW_13-06-2023_12-44-56_REC_png_jpg.rf.0764985fffa45900cf878db0c7c584f7.jpg,v4,1,0,30,0
img_003486.jpg,ROBOFLOW_13-06-2023_12-44-56_REC_png_jpg.rf.0764985fffa45900cf878db0c7c584f7.jpg,v4,2,0,30,0
img_003487.jpg,ROBOFLOW_13-06-2023_12-45-15_REC_png_jpg.rf.934dc563a45975e69060b894af39237b.jpg,v4,0,0,30,0
img_003488.jpg,ROBOFLOW_13-06-2023_12-45-15_REC_png_jpg.rf.934dc563a45975e69060b894af39237b.jpg,v4,1,0,30,0
img_003489.jpg,ROBOFLOW_13-06-2023_12-45-15_REC_png_jpg.rf.934dc563a45975e69060b894af39237b.jpg,v4,2,0,30,0
img_003490.jpg,ROBOFLOW_13-06-2023_12-45-31_REC_png_jpg.rf.00e8a16e4e517307845fab1e8a791f0f.jpg,v4,0,1,30,0
img_003491.jpg,ROBOFLOW_13-06-2023_12-45-31_REC_png_jpg.rf.00e8a16e4e517307845fab1e8a791f0f.jpg,v4,1,1,30,0
img_003492.jpg,ROBOFLOW_13-06-2023_12-45-31_REC_png_jpg.rf.00e8a16e4e517307845fab1e8a791f0f.jpg,v4,2,1,30,0
img_003493.jpg,ROBOFLOW_13-06-2023_12-45-53_REC_png_jpg.rf.699092319bb5f9c0fd9b1520d75baf30.jpg,v4,0,0,30,0
img_003494.jpg,ROBOFLOW_13-06-2023_12-45-53_REC_png_jpg.rf.699092319bb5f9c0fd9b1520d75baf30.jpg,v4,1,0,30,0
img_003495.jpg,ROBOFLOW_13-06-2023_12-45-53_REC_png_jpg.rf.699092319bb5f9c0fd9b1520d75baf30.jpg,v4,2,0,30,0
img_003496.jpg,ROBOFLOW_13-06-2023_12-47-15_REC_png_jpg.rf.f52054fa0bc4841cf3130f4b100c86d5.jpg,v4,0,0,19,201
img_003497.jpg,ROBOFLOW_13-06-2023_12-47-15_REC_png_jpg.rf.f52054fa0bc4841cf3130f4b100c86d5.jpg,v4,1,0,30,201
img_003498.jpg,ROBOFLOW_13-06-2023_12-47-15_REC_png_jpg.rf.f52054fa0bc4841cf3130f4b100c86d5.jpg,v4,2,0,30,201
img_003499.jpg,ROBOFLOW_13-06-2023_12-47-30_REC_png_jpg.rf.f767342528e5081463bf9bef9f0cdeba.jpg,v4,0,0,30,64
img_003500.jpg,ROBOFLOW_13-06-2023_12-47-30_REC_png_jpg.rf.f767342528e5081463bf9bef9f0cdeba.jpg,v4,1,0,30,64
img_003501.jpg,ROBOFLOW_13-06-2023_12-47-30_REC_png_jpg.rf.f767342528e5081463bf9bef9f0cdeba.jpg,v4,2,0,30,64
img_003502.jpg,ROBOFLOW_13-06-2023_12-47-42_REC_png_jpg.rf.f310ed404b49665044b8ed8ecb3cab97.jpg,v4,0,0,30,65
img_003503.jpg,ROBOFLOW_13-06-2023_12-47-42_REC_png_jpg.rf.f310ed404b49665044b8ed8ecb3cab97.jpg,v4,1,0,30,65
img_003504.jpg,ROBOFLOW_13-06-2023_12-47-42_REC_png_jpg.rf.f310ed404b49665044b8ed8ecb3cab97.jpg,v4,2,0,30,65
img_003505.jpg,ROBOFLOW_13-06-2023_12-47-57_REC_png_jpg.rf.07681ed54a36cef4b1340367ccbf4bab.jpg,v4,0,1,30,62
img_003506.jpg,ROBOFLOW_13-06-2023_12-47-57_REC_png_jpg.rf.07681ed54a36cef4b1340367ccbf4bab.jpg,v4,1,1,30,62
img_003507.jpg,ROBOFLOW_13-06-2023_12-47-57_REC_png_jpg.rf.07681ed54a36cef4b1340367ccbf4bab.jpg,v4,2,1,30,62
img_003508.jpg,ROBOFLOW_13-06-2023_12-48-14_REC_png_jpg.rf.fabd5c5c9e2acc23a0bf4c1a6537e059.jpg,v4,0,0,30,69
img_003509.jpg,ROBOFLOW_13-06-2023_12-48-14_REC_png_jpg.rf.fabd5c5c9e2acc23a0bf4c1a6537e059.jpg,v4,1,0,30,69
img_003510.jpg,ROBOFLOW_13-06-2023_12-48-14_REC_png_jpg.rf.fabd5c5c9e2acc23a0bf4c1a6537e059.jpg,v4,2,0,30,69
img_003511.jpg,ROBOFLOW_13-06-2023_12-48-34_REC_png_jpg.rf.3863a85ca663929564bcd0dee781cf13.jpg,v4,0,0,30,441
img_003512.jpg,ROBOFLOW_13-06-2023_12-48-34_REC_png_jpg.rf.3863a85ca663929564bcd0dee781cf13.jpg,v4,1,0,30,441
img_003513.jpg,ROBOFLOW_13-06-2023_12-48-34_REC_png_jpg.rf.3863a85ca663929564bcd0dee781cf13.jpg,v4,2,0,30,441
img_003514.jpg,ROBOFLOW_13-06-2023_12-50-01_REC_png_jpg.rf.1dfbf472bdddea4c968fe8719846263a.jpg,v4,0,0,30,0
img_003515.jpg,ROBOFLOW_13-06-2023_12-50-01_REC_png_jpg.rf.1dfbf472bdddea4c968fe8719846263a.jpg,v4,1,0,30,0
img_003516.jpg,ROBOFLOW_13-06-2023_12-50-01_REC_png_jpg.rf.1dfbf472bdddea4c968fe8719846263a.jpg,v4,2,0,30,0
img_003517.jpg,ROBOFLOW_13-06-2023_12-50-13_REC_png_jpg.rf.d0c4575b8a5714b721b4867b22fcaae5.jpg,v4,0,0,21,38
img_003518.jpg,ROBOFLOW_13-06-2023_12-50-13_REC_png_jpg.rf.d0c4575b8a5714b721b4867b22fcaae5.jpg,v4,1,0,30,38
img_003519.jpg,ROBOFLOW_13-06-2023_12-50-13_REC_png_jpg.rf.d0c4575b8a5714b721b4867b22fcaae5.jpg,v4,2,0,23,38
img_003520.jpg,ROBOFLOW_13-06-2023_12-50-25_REC_png_jpg.rf.cf409f1d5a5b86feeac084978cef086a.jpg,v4,0,0,30,214
img_003521.jpg,ROBOFLOW_13-06-2023_12-50-25_REC_png_jpg.rf.cf409f1d5a5b86feeac084978cef086a.jpg,v4,1,0,30,214
img_003522.jpg,ROBOFLOW_13-06-2023_12-50-25_REC_png_jpg.rf.cf409f1d5a5b86feeac084978cef086a.jpg,v4,2,0,30,214
img_003523.jpg,ROBOFLOW_13-06-2023_12-50-37_REC_png_jpg.rf.f8c0272234501077e8ba863258e8a9e4.jpg,v4,0,0,30,121
img_003524.jpg,ROBOFLOW_13-06-2023_12-50-37_REC_png_jpg.rf.f8c0272234501077e8ba863258e8a9e4.jpg,v4,1,0,30,121
img_003525.jpg,ROBOFLOW_13-06-2023_12-50-37_REC_png_jpg.rf.f8c0272234501077e8ba863258e8a9e4.jpg,v4,2,0,30,121
img_003526.jpg,ROBOFLOW_13-06-2023_12-50-50_REC_png_jpg.rf.3cb71adb58f43ca5473bfdc3500893b0.jpg,v4,0,0,30,0
img_003527.jpg,ROBOFLOW_13-06-2023_12-50-50_REC_png_jpg.rf.3cb71adb58f43ca5473bfdc3500893b0.jpg,v4,1,0,30,0
img_003528.jpg,ROBOFLOW_13-06-2023_12-50-50_REC_png_jpg.rf.3cb71adb58f43ca5473bfdc3500893b0.jpg,v4,2,0,30,0
img_003529.jpg,ROBOFLOW_13-06-2023_12-51-01_REC_png_jpg.rf.0b98b53633a386e434eeb42fe35458f9.jpg,v4,0,0,30,0
img_003530.jpg,ROBOFLOW_13-06-2023_12-51-01_REC_png_jpg.rf.0b98b53633a386e434eeb42fe35458f9.jpg,v4,1,0,30,0
img_003531.jpg,ROBOFLOW_13-06-2023_12-51-01_REC_png_jpg.rf.0b98b53633a386e434eeb42fe35458f9.jpg,v4,2,0,30,0
img_003532.jpg,ROBOFLOW_13-06-2023_12-51-23_REC_png_jpg.rf.827b02190b77d2333a86e3cea6eec2d5.jpg,v4,0,0,30,34
img_003533.jpg,ROBOFLOW_13-06-2023_12-51-23_REC_png_jpg.rf.827b02190b77d2333a86e3cea6eec2d5.jpg,v4,1,0,19,34
img_003534.jpg,ROBOFLOW_13-06-2023_12-51-23_REC_png_jpg.rf.827b02190b77d2333a86e3cea6eec2d5.jpg,v4,2,0,30,34
img_003535.jpg,ROBOFLOW_13-06-2023_12-51-39_REC_png_jpg.rf.90ebbd8a136472e7a24df71fa4fc0a4a.jpg,v4,0,0,19,89
img_003536.jpg,ROBOFLOW_13-06-2023_12-51-39_REC_png_jpg.rf.90ebbd8a136472e7a24df71fa4fc0a4a.jpg,v4,1,0,30,89
img_003537.jpg,ROBOFLOW_13-06-2023_12-51-39_REC_png_jpg.rf.90ebbd8a136472e7a24df71fa4fc0a4a.jpg,v4,2,0,30,89
img_003538.jpg,ROBOFLOW_13-06-2023_12-52-12_REC_png_jpg.rf.763a58a94780d4a24ee613fe692711bc.jpg,v4,0,0,30,115
img_003539.jpg,ROBOFLOW_13-06-2023_12-52-12_REC_png_jpg.rf.763a58a94780d4a24ee613fe692711bc.jpg,v4,1,0,30,115
img_003540.jpg,ROBOFLOW_13-06-2023_12-52-12_REC_png_jpg.rf.763a58a94780d4a24ee613fe692711bc.jpg,v4,2,0,19,115
img_003541.jpg,ROBOFLOW_13-06-2023_12-53-37_REC_png_jpg.rf.9079b5fd2cff876a7808539705a12637.jpg,v4,0,0,30,467
img_003542.jpg,ROBOFLOW_13-06-2023_12-53-37_REC_png_jpg.rf.9079b5fd2cff876a7808539705a12637.jpg,v4,1,0,10,467
img_003543.jpg,ROBOFLOW_13-06-2023_12-53-37_REC_png_jpg.rf.9079b5fd2cff876a7808539705a12637.jpg,v4,2,0,0,467
img_003544.jpg,ROBOFLOW_13-06-2023_12-53-59_REC_png_jpg.rf.4e041fbf42cae8251eb328f692710ecf.jpg,v4,0,0,21,409
img_003545.jpg,ROBOFLOW_13-06-2023_12-53-59_REC_png_jpg.rf.4e041fbf42cae8251eb328f692710ecf.jpg,v4,1,0,30,409
img_003546.jpg,ROBOFLOW_13-06-2023_12-53-59_REC_png_jpg.rf.4e041fbf42cae8251eb328f692710ecf.jpg,v4,2,0,6,409
img_003547.jpg,ROBOFLOW_13-06-2023_12-54-10_REC_png_jpg.rf.4d80ea2427542dd565ef73e9eb9c4695.jpg,v4,0,0,30,0
img_003548.jpg,ROBOFLOW_13-06-2023_12-54-10_REC_png_jpg.rf.4d80ea2427542dd565ef73e9eb9c4695.jpg,v4,1,0,30,0
img_003549.jpg,ROBOFLOW_13-06-2023_12-54-10_REC_png_jpg.rf.4d80ea2427542dd565ef73e9eb9c4695.jpg,v4,2,0,30,0
img_003550.jpg,ROBOFLOW_13-06-2023_12-55-06_REC_png_jpg.rf.63b456ef2ed09142db25ab93bb5539c4.jpg,v4,0,1,21,0
img_003551.jpg,ROBOFLOW_13-06-2023_12-55-06_REC_png_jpg.rf.63b456ef2ed09142db25ab93bb5539c4.jpg,v4,1,1,24,0
img_003552.jpg,ROBOFLOW_13-06-2023_12-55-06_REC_png_jpg.rf.63b456ef2ed09142db25ab93bb5539c4.jpg,v4,2,1,24,0
img_003553.jpg,ROBOFLOW_13-06-2023_12-55-47_REC_png_jpg.rf.7e37da9165e669cbc85abd90a2174bc6.jpg,v4,0,0,30,0
img_003554.jpg,ROBOFLOW_13-06-2023_12-55-47_REC_png_jpg.rf.7e37da9165e669cbc85abd90a2174bc6.jpg,v4,1,0,30,0
img_003555.jpg,ROBOFLOW_13-06-2023_12-55-47_REC_png_jpg.rf.7e37da9165e669cbc85abd90a2174bc6.jpg,v4,2,0,30,0
img_003556.jpg,ROBOFLOW_13-06-2023_12-56-00_REC_png_jpg.rf.4c98ef0946ff49f291dd77ceadc0500a.jpg,v4,0,0,30,0
img_003557.jpg,ROBOFLOW_13-06-2023_12-56-00_REC_png_jpg.rf.4c98ef0946ff49f291dd77ceadc0500a.jpg,v4,1,0,30,0
img_003558.jpg,ROBOFLOW_13-06-2023_12-56-00_REC_png_jpg.rf.4c98ef0946ff49f291dd77ceadc0500a.jpg,v4,2,0,30,0
img_003559.jpg,ROBOFLOW_13-06-2023_12-56-26_REC_png_jpg.rf.6e0270421cf2094ef1a3ced31ef544bb.jpg,v4,0,0,30,94
img_003560.jpg,ROBOFLOW_13-06-2023_12-56-26_REC_png_jpg.rf.6e0270421cf2094ef1a3ced31ef544bb.jpg,v4,1,0,30,94
img_003561.jpg,ROBOFLOW_13-06-2023_12-56-26_REC_png_jpg.rf.6e0270421cf2094ef1a3ced31ef544bb.jpg,v4,2,0,30,94
img_003562.jpg,ROBOFLOW_13-06-2023_12-56-44_REC_png_jpg.rf.d0ebbf3bfa5626ea37d706926f1f0343.jpg,v4,0,0,24,0
img_003563.jpg,ROBOFLOW_13-06-2023_12-56-44_REC_png_jpg.rf.d0ebbf3bfa5626ea37d706926f1f0343.jpg,v4,1,0,30,0
img_003564.jpg,ROBOFLOW_13-06-2023_12-56-44_REC_png_jpg.rf.d0ebbf3bfa5626ea37d706926f1f0343.jpg,v4,2,0,30,0
img_003565.jpg,ROBOFLOW_13-06-2023_12-57-07_REC_png_jpg.rf.46d0890a94949d3fa002aa2fff54172a.jpg,v4,0,0,30,0
img_003566.jpg,ROBOFLOW_13-06-2023_12-57-07_REC_png_jpg.rf.46d0890a94949d3fa002aa2fff54172a.jpg,v4,1,0,30,0
img_003567.jpg,ROBOFLOW_13-06-2023_12-57-07_REC_png_jpg.rf.46d0890a94949d3fa002aa2fff54172a.jpg,v4,2,0,30,0
img_003568.jpg,ROBOFLOW_13-06-2023_12-57-46_REC_png_jpg.rf.ef879cdb5c67dd0734aeec15bcee7bc5.jpg,v4,0,0,30,183
img_003569.jpg,ROBOFLOW_13-06-2023_12-57-46_REC_png_jpg.rf.ef879cdb5c67dd0734aeec15bcee7bc5.jpg,v4,1,0,30,183
img_003570.jpg,ROBOFLOW_13-06-2023_12-57-46_REC_png_jpg.rf.ef879cdb5c67dd0734aeec15bcee7bc5.jpg,v4,2,0,30,183
img_003571.jpg,ROBOFLOW_13-06-2023_12-59-16_REC_png_jpg.rf.ab46b4d7b085eb134444efe5b1ac739b.jpg,v4,0,0,30,24
img_003572.jpg,ROBOFLOW_13-06-2023_12-59-16_REC_png_jpg.rf.ab46b4d7b085eb134444efe5b1ac739b.jpg,v4,1,0,30,24
img_003573.jpg,ROBOFLOW_13-06-2023_12-59-16_REC_png_jpg.rf.ab46b4d7b085eb134444efe5b1ac739b.jpg,v4,2,0,30,24
img_003574.jpg,ROBOFLOW_13-06-2023_12-59-49_REC_png_jpg.rf.856734512f85518f52fd082c6156ecdf.jpg,v4,0,0,30,279
img_003575.jpg,ROBOFLOW_13-06-2023_12-59-49_REC_png_jpg.rf.856734512f85518f52fd082c6156ecdf.jpg,v4,1,0,30,279
img_003576.jpg,ROBOFLOW_13-06-2023_12-59-49_REC_png_jpg.rf.856734512f85518f52fd082c6156ecdf.jpg,v4,2,0,30,279
img_003577.jpg,ROBOFLOW_13-06-2023_13-00-21_REC_png_jpg.rf.a497f2025385b887ef35aae69ed4ec3c.jpg,v4,0,0,30,0
img_003578.jpg,ROBOFLOW_13-06-2023_13-00-21_REC_png_jpg.rf.a497f2025385b887ef35aae69ed4ec3c.jpg,v4,1,0,20,0
img_003579.jpg,ROBOFLOW_13-06-2023_13-00-21_REC_png_jpg.rf.a497f2025385b887ef35aae69ed4ec3c.jpg,v4,2,0,22,0
img_003580.jpg,ROBOFLOW_13-06-2023_13-01-33_REC_png_jpg.rf.e1b516fe6d5c4a8d2b1567e86d26dfa8.jpg,v4,0,0,23,28
img_003581.jpg,ROBOFLOW_13-06-2023_13-01-33_REC_png_jpg.rf.e1b516fe6d5c4a8d2b1567e86d26dfa8.jpg,v4,1,0,26,28
img_003582.jpg,ROBOFLOW_13-06-2023_13-01-33_REC_png_jpg.rf.e1b516fe6d5c4a8d2b1567e86d26dfa8.jpg,v4,2,0,22,28
img_003583.jpg,ROBOFLOW_13-06-2023_13-01-50_REC_png_jpg.rf.008f51ce105d4b8dcbe4dd1968e5e61b.jpg,v4,0,0,30,21
img_003584.jpg,ROBOFLOW_13-06-2023_13-01-50_REC_png_jpg.rf.008f51ce105d4b8dcbe4dd1968e5e61b.jpg,v4,1,0,30,21
img_003585.jpg,ROBOFLOW_13-06-2023_13-01-50_REC_png_jpg.rf.008f51ce105d4b8dcbe4dd1968e5e61b.jpg,v4,2,0,30,21
img_003586.jpg,ROBOFLOW_13-06-2023_13-02-14_REC_png_jpg.rf.888b7522a17423d6113674788caac95d.jpg,v4,0,0,30,2
img_003587.jpg,ROBOFLOW_13-06-2023_13-02-14_REC_png_jpg.rf.888b7522a17423d6113674788caac95d.jpg,v4,1,0,30,2
img_003588.jpg,ROBOFLOW_13-06-2023_13-02-14_REC_png_jpg.rf.888b7522a17423d6113674788caac95d.jpg,v4,2,0,30,2
img_003589.jpg,ROBOFLOW_13-06-2023_13-03-33_REC_png_jpg.rf.baccc7e200da31ca2a14356dcede8de0.jpg,v4,0,0,30,0
img_003590.jpg,ROBOFLOW_13-06-2023_13-03-33_REC_png_jpg.rf.baccc7e200da31ca2a14356dcede8de0.jpg,v4,1,0,30,0
img_003591.jpg,ROBOFLOW_13-06-2023_13-03-33_REC_png_jpg.rf.baccc7e200da31ca2a14356dcede8de0.jpg,v4,2,0,30,0
img_003592.jpg,ROBOFLOW_13-06-2023_13-03-58_REC_png_jpg.rf.05d1ca8bc0aa00055db8b8dcc9a10573.jpg,v4,0,0,30,84
img_003593.jpg,ROBOFLOW_13-06-2023_13-03-58_REC_png_jpg.rf.05d1ca8bc0aa00055db8b8dcc9a10573.jpg,v4,1,0,24,84
img_003594.jpg,ROBOFLOW_13-06-2023_13-03-58_REC_png_jpg.rf.05d1ca8bc0aa00055db8b8dcc9a10573.jpg,v4,2,0,30,84
img_003595.jpg,ROBOFLOW_13-06-2023_13-04-14_REC_png_jpg.rf.e04b4f523b3a94d0b3801c70cdb08552.jpg,v4,0,0,30,0
img_003596.jpg,ROBOFLOW_13-06-2023_13-04-14_REC_png_jpg.rf.e04b4f523b3a94d0b3801c70cdb08552.jpg,v4,1,0,30,0
img_003597.jpg,ROBOFLOW_13-06-2023_13-04-14_REC_png_jpg.rf.e04b4f523b3a94d0b3801c70cdb08552.jpg,v4,2,0,30,0
img_003598.jpg,ROBOFLOW_13-06-2023_13-04-39_REC_png_jpg.rf.183b197cb3caeb524955dcd8a2cf0e0c.jpg,v4,0,0,30,0
img_003599.jpg,ROBOFLOW_13-06-2023_13-04-39_REC_png_jpg.rf.183b197cb3caeb524955dcd8a2cf0e0c.jpg,v4,1,0,30,0
img_003600.jpg,ROBOFLOW_13-06-2023_13-04-39_REC_png_jpg.rf.183b197cb3caeb524955dcd8a2cf0e0c.jpg,v4,2,0,30,0
img_003601.jpg,ROBOFLOW_13-06-2023_13-05-03_REC_png_jpg.rf.c2b00d08dfca26772b8132acbe3396b8.jpg,v4,0,0,30,119
img_003602.jpg,ROBOFLOW_13-06-2023_13-05-03_REC_png_jpg.rf.c2b00d08dfca26772b8132acbe3396b8.jpg,v4,1,0,30,119
img_003603.jpg,ROBOFLOW_13-06-2023_13-05-03_REC_png_jpg.rf.c2b00d08dfca26772b8132acbe3396b8.jpg,v4,2,0,30,119
img_003604.jpg,ROBOFLOW_13-06-2023_13-05-15_REC_png_jpg.rf.8b1c19f8f9bb0f68f03901c04b93e9e4.jpg,v4,0,0,30,0
img_003605.jpg,ROBOFLOW_13-06-2023_13-05-15_REC_png_jpg.rf.8b1c19f8f9bb0f68f03901c04b93e9e4.jpg,v4,1,0,30,0
img_003606.jpg,ROBOFLOW_13-06-2023_13-05-15_REC_png_jpg.rf.8b1c19f8f9bb0f68f03901c04b93e9e4.jpg,v4,2,0,16,0
img_003607.jpg,ROBOFLOW_13-06-2023_13-05-28_REC_png_jpg.rf.54a99e30642a24324753af2e49ea5520.jpg,v4,0,0,30,36
img_003608.jpg,ROBOFLOW_13-06-2023_13-05-28_REC_png_jpg.rf.54a99e30642a24324753af2e49ea5520.jpg,v4,1,0,30,36
img_003609.jpg,ROBOFLOW_13-06-2023_13-05-28_REC_png_jpg.rf.54a99e30642a24324753af2e49ea5520.jpg,v4,2,0,30,36
img_003610.jpg,ROBOFLOW_13-06-2023_13-05-51_REC_png_jpg.rf.cd626e4f3e66840ed548d52a29e6c75d.jpg,v4,0,0,26,0
img_003611.jpg,ROBOFLOW_13-06-2023_13-05-51_REC_png_jpg.rf.cd626e4f3e66840ed548d52a29e6c75d.jpg,v4,1,0,30,0
img_003612.jpg,ROBOFLOW_13-06-2023_13-05-51_REC_png_jpg.rf.cd626e4f3e66840ed548d52a29e6c75d.jpg,v4,2,0,30,0
img_003613.jpg,ROBOFLOW_13-06-2023_13-06-12_REC_png_jpg.rf.40b9f08b0ca9584a4e54daffd56db6f5.jpg,v4,0,0,30,28
img_003614.jpg,ROBOFLOW_13-06-2023_13-06-12_REC_png_jpg.rf.40b9f08b0ca9584a4e54daffd56db6f5.jpg,v4,1,0,30,28
img_003615.jpg,ROBOFLOW_13-06-2023_13-06-12_REC_png_jpg.rf.40b9f08b0ca9584a4e54daffd56db6f5.jpg,v4,2,0,30,28
img_003616.jpg,ROBOFLOW_13-06-2023_13-06-32_REC_png_jpg.rf.1e2bef759475ed4a3142580eafa9d53e.jpg,v4,0,0,30,0
img_003617.jpg,ROBOFLOW_13-06-2023_13-06-32_REC_png_jpg.rf.1e2bef759475ed4a3142580eafa9d53e.jpg,v4,1,0,30,0
img_003618.jpg,ROBOFLOW_13-06-2023_13-06-32_REC_png_jpg.rf.1e2bef759475ed4a3142580eafa9d53e.jpg,v4,2,0,30,0
img_003619.jpg,ROBOFLOW_13-06-2023_13-06-59_REC_png_jpg.rf.d7cd5345d052d88ecacc655082510c3c.jpg,v4,0,0,30,64
img_003620.jpg,ROBOFLOW_13-06-2023_13-06-59_REC_png_jpg.rf.d7cd5345d052d88ecacc655082510c3c.jpg,v4,1,0,30,64
img_003621.jpg,ROBOFLOW_13-06-2023_13-06-59_REC_png_jpg.rf.d7cd5345d052d88ecacc655082510c3c.jpg,v4,2,0,30,64
img_003622.jpg,ROBOFLOW_13-06-2023_13-07-15_REC_png_jpg.rf.65a58b88ed19bf108de2329d87e356f2.jpg,v4,0,0,30,67
img_003623.jpg,ROBOFLOW_13-06-2023_13-07-15_REC_png_jpg.rf.65a58b88ed19bf108de2329d87e356f2.jpg,v4,1,0,30,67
img_003624.jpg,ROBOFLOW_13-06-2023_13-07-15_REC_png_jpg.rf.65a58b88ed19bf108de2329d87e356f2.jpg,v4,2,0,30,67
img_003625.jpg,ROBOFLOW_13-06-2023_13-07-37_REC_png_jpg.rf.7e48e994dc2202fd57bdba10bb6f243b.jpg,v4,0,0,30,63
img_003626.jpg,ROBOFLOW_13-06-2023_13-07-37_REC_png_jpg.rf.7e48e994dc2202fd57bdba10bb6f243b.jpg,v4,1,0,23,63
img_003627.jpg,ROBOFLOW_13-06-2023_13-07-37_REC_png_jpg.rf.7e48e994dc2202fd57bdba10bb6f243b.jpg,v4,2,0,30,63
img_003628.jpg,ROBOFLOW_13-06-2023_13-07-50_REC_png_jpg.rf.a2ca6625bb82f08fd21fa6f2a6adc7f3.jpg,v4,0,0,25,50
img_003629.jpg,ROBOFLOW_13-06-2023_13-07-50_REC_png_jpg.rf.a2ca6625bb82f08fd21fa6f2a6adc7f3.jpg,v4,1,0,30,50
img_003630.jpg,ROBOFLOW_13-06-2023_13-07-50_REC_png_jpg.rf.a2ca6625bb82f08fd21fa6f2a6adc7f3.jpg,v4,2,0,30,50
img_003631.jpg,ROBOFLOW_13-06-2023_13-08-06_REC_png_jpg.rf.f1117ac8c4474ccf35ff0eaee8070e32.jpg,v4,0,0,30,72
img_003632.jpg,ROBOFLOW_13-06-2023_13-08-06_REC_png_jpg.rf.f1117ac8c4474ccf35ff0eaee8070e32.jpg,v4,1,0,30,72
img_003633.jpg,ROBOFLOW_13-06-2023_13-08-06_REC_png_jpg.rf.f1117ac8c4474ccf35ff0eaee8070e32.jpg,v4,2,0,30,72
img_003634.jpg,ROBOFLOW_13-06-2023_13-09-04_REC_png_jpg.rf.c6f70d12941620fcef26e03bb0743d6e.jpg,v4,0,0,19,67
img_003635.jpg,ROBOFLOW_13-06-2023_13-09-04_REC_png_jpg.rf.c6f70d12941620fcef26e03bb0743d6e.jpg,v4,1,0,22,67
img_003636.jpg,ROBOFLOW_13-06-2023_13-09-04_REC_png_jpg.rf.c6f70d12941620fcef26e03bb0743d6e.jpg,v4,2,0,30,67
img_003637.jpg,ROBOFLOW_13-06-2023_13-09-39_REC_png_jpg.rf.1ae2e4d9ace2bcc674b141f33aa94952.jpg,v4,0,0,30,0
img_003638.jpg,ROBOFLOW_13-06-2023_13-09-39_REC_png_jpg.rf.1ae2e4d9ace2bcc674b141f33aa94952.jpg,v4,1,0,30,0
img_003639.jpg,ROBOFLOW_13-06-2023_13-09-39_REC_png_jpg.rf.1ae2e4d9ace2bcc674b141f33aa94952.jpg,v4,2,0,30,0
img_003640.jpg,ROBOFLOW_13-06-2023_13-10-00_REC_png_jpg.rf.b5861f94ee1bc9041bd2f976e147a1d3.jpg,v4,0,0,30,97
img_003641.jpg,ROBOFLOW_13-06-2023_13-10-00_REC_png_jpg.rf.b5861f94ee1bc9041bd2f976e147a1d3.jpg,v4,1,0,30,97
img_003642.jpg,ROBOFLOW_13-06-2023_13-10-00_REC_png_jpg.rf.b5861f94ee1bc9041bd2f976e147a1d3.jpg,v4,2,0,23,97
img_003643.jpg,ROBOFLOW_13-06-2023_13-10-21_REC_png_jpg.rf.8751f439fe7337b808ae27b32e43def5.jpg,v4,0,0,30,0
img_003644.jpg,ROBOFLOW_13-06-2023_13-10-21_REC_png_jpg.rf.8751f439fe7337b808ae27b32e43def5.jpg,v4,1,0,30,0
img_003645.jpg,ROBOFLOW_13-06-2023_13-10-21_REC_png_jpg.rf.8751f439fe7337b808ae27b32e43def5.jpg,v4,2,0,30,0
img_003646.jpg,ROBOFLOW_13-06-2023_13-10-37_REC_png_jpg.rf.a7ab1890a2561feac8703daf0456e97d.jpg,v4,0,0,30,62
img_003647.jpg,ROBOFLOW_13-06-2023_13-10-37_REC_png_jpg.rf.a7ab1890a2561feac8703daf0456e97d.jpg,v4,1,0,30,62
img_003648.jpg,ROBOFLOW_13-06-2023_13-10-37_REC_png_jpg.rf.a7ab1890a2561feac8703daf0456e97d.jpg,v4,2,0,30,62
img_003649.jpg,ROBOFLOW_13-06-2023_13-10-49_REC_png_jpg.rf.5105f1fb76cf8aff18c3af3c164fe21c.jpg,v4,0,0,30,15
img_003650.jpg,ROBOFLOW_13-06-2023_13-10-49_REC_png_jpg.rf.5105f1fb76cf8aff18c3af3c164fe21c.jpg,v4,1,0,21,15
img_003651.jpg,ROBOFLOW_13-06-2023_13-10-49_REC_png_jpg.rf.5105f1fb76cf8aff18c3af3c164fe21c.jpg,v4,2,0,30,15
img_003652.jpg,ROBOFLOW_13-06-2023_14-24-00_REC_png_jpg.rf.9140f48960f66df9e96af50d7ce8c9f1.jpg,v4,0,0,0,512
img_003653.jpg,ROBOFLOW_13-06-2023_14-24-00_REC_png_jpg.rf.9140f48960f66df9e96af50d7ce8c9f1.jpg,v4,1,0,0,512
img_003654.jpg,ROBOFLOW_13-06-2023_14-24-00_REC_png_jpg.rf.9140f48960f66df9e96af50d7ce8c9f1.jpg,v4,2,0,0,512
img_003655.jpg,ROBOFLOW_13-06-2023_14-24-14_REC_png_jpg.rf.90c6d28318a831d86020ac03785c480b.jpg,v4,0,0,30,0
img_003656.jpg,ROBOFLOW_13-06-2023_14-24-14_REC_png_jpg.rf.90c6d28318a831d86020ac03785c480b.jpg,v4,1,0,30,0
img_003657.jpg,ROBOFLOW_13-06-2023_14-24-14_REC_png_jpg.rf.90c6d28318a831d86020ac03785c480b.jpg,v4,2,0,30,0
img_003658.jpg,ROBOFLOW_13-06-2023_14-27-15_REC_png_jpg.rf.feda39effc80ff3040a6a68b6a11ce9b.jpg,v4,0,0,30,27
img_003659.jpg,ROBOFLOW_13-06-2023_14-27-15_REC_png_jpg.rf.feda39effc80ff3040a6a68b6a11ce9b.jpg,v4,1,0,30,27
img_003660.jpg,ROBOFLOW_13-06-2023_14-27-15_REC_png_jpg.rf.feda39effc80ff3040a6a68b6a11ce9b.jpg,v4,2,0,30,27
img_003661.jpg,ROBOFLOW_13-06-2023_14-27-27_REC_png_jpg.rf.9d526c5f1de15c40c80f6d0b708cacca.jpg,v4,0,1,30,14
img_003662.jpg,ROBOFLOW_13-06-2023_14-27-27_REC_png_jpg.rf.9d526c5f1de15c40c80f6d0b708cacca.jpg,v4,1,1,30,14
img_003663.jpg,ROBOFLOW_13-06-2023_14-27-27_REC_png_jpg.rf.9d526c5f1de15c40c80f6d0b708cacca.jpg,v4,2,1,30,14
img_003664.jpg,ROBOFLOW_13-06-2023_14-27-47_REC_png_jpg.rf.a51ef80ae2e81329470f68c784c45125.jpg,v4,0,0,20,0
img_003665.jpg,ROBOFLOW_13-06-2023_14-27-47_REC_png_jpg.rf.a51ef80ae2e81329470f68c784c45125.jpg,v4,1,0,30,0
img_003666.jpg,ROBOFLOW_13-06-2023_14-27-47_REC_png_jpg.rf.a51ef80ae2e81329470f68c784c45125.jpg,v4,2,0,30,0
img_003667.jpg,ROBOFLOW_13-06-2023_14-28-03_REC_png_jpg.rf.52b6b0c320084c4fcb04359325500f49.jpg,v4,0,2,22,0
img_003668.jpg,ROBOFLOW_13-06-2023_14-28-03_REC_png_jpg.rf.52b6b0c320084c4fcb04359325500f49.jpg,v4,1,2,30,0
img_003669.jpg,ROBOFLOW_13-06-2023_14-28-03_REC_png_jpg.rf.52b6b0c320084c4fcb04359325500f49.jpg,v4,2,2,30,0
img_003670.jpg,ROBOFLOW_13-06-2023_14-28-18_REC_png_jpg.rf.3452a242299b2f89dec63061cf8d10db.jpg,v4,0,0,25,0
img_003671.jpg,ROBOFLOW_13-06-2023_14-28-18_REC_png_jpg.rf.3452a242299b2f89dec63061cf8d10db.jpg,v4,1,0,30,0
img_003672.jpg,ROBOFLOW_13-06-2023_14-28-18_REC_png_jpg.rf.3452a242299b2f89dec63061cf8d10db.jpg,v4,2,0,30,0
img_003673.jpg,ROBOFLOW_13-06-2023_14-28-42_REC_png_jpg.rf.c74019946048a41f06c1d753fd4e19e0.jpg,v4,0,0,30,0
img_003674.jpg,ROBOFLOW_13-06-2023_14-28-42_REC_png_jpg.rf.c74019946048a41f06c1d753fd4e19e0.jpg,v4,1,0,30,0
img_003675.jpg,ROBOFLOW_13-06-2023_14-28-42_REC_png_jpg.rf.c74019946048a41f06c1d753fd4e19e0.jpg,v4,2,0,30,0
img_003676.jpg,ROBOFLOW_13-06-2023_14-29-10_REC_png_jpg.rf.72809fbb369a84da176a1adb688ee167.jpg,v4,0,3,7,272
img_003677.jpg,ROBOFLOW_13-06-2023_14-29-10_REC_png_jpg.rf.72809fbb369a84da176a1adb688ee167.jpg,v4,1,3,30,272
img_003678.jpg,ROBOFLOW_13-06-2023_14-29-10_REC_png_jpg.rf.72809fbb369a84da176a1adb688ee167.jpg,v4,2,3,30,272
img_003679.jpg,ROBOFLOW_13-06-2023_14-29-25_REC_png_jpg.rf.3bb7ef61e4d86604a38b1138c1cafe09.jpg,v4,0,1,0,512
img_003680.jpg,ROBOFLOW_13-06-2023_14-29-25_REC_png_jpg.rf.3bb7ef61e4d86604a38b1138c1cafe09.jpg,v4,1,1,0,512
img_003681.jpg,ROBOFLOW_13-06-2023_14-29-25_REC_png_jpg.rf.3bb7ef61e4d86604a38b1138c1cafe09.jpg,v4,2,1,0,512
img_003682.jpg,ROBOFLOW_13-06-2023_14-29-37_REC_png_jpg.rf.41dc1d361b2e77ec15b69118acf57a82.jpg,v4,0,0,23,0
img_003683.jpg,ROBOFLOW_13-06-2023_14-29-37_REC_png_jpg.rf.41dc1d361b2e77ec15b69118acf57a82.jpg,v4,1,0,30,0
img_003684.jpg,ROBOFLOW_13-06-2023_14-29-37_REC_png_jpg.rf.41dc1d361b2e77ec15b69118acf57a82.jpg,v4,2,0,30,0
img_003685.jpg,ROBOFLOW_13-06-2023_14-29-59_REC_png_jpg.rf.887028d580f7c04c408f6b19e9eae0b3.jpg,v4,0,0,30,0
img_003686.jpg,ROBOFLOW_13-06-2023_14-29-59_REC_png_jpg.rf.887028d580f7c04c408f6b19e9eae0b3.jpg,v4,1,0,30,0
img_003687.jpg,ROBOFLOW_13-06-2023_14-29-59_REC_png_jpg.rf.887028d580f7c04c408f6b19e9eae0b3.jpg,v4,2,0,30,0
img_003688.jpg,ROBOFLOW_13-06-2023_14-30-13_REC_png_jpg.rf.ad4bb7d975a27fa2c9b8d9f96b155a9d.jpg,v4,0,0,30,104
img_003689.jpg,ROBOFLOW_13-06-2023_14-30-13_REC_png_jpg.rf.ad4bb7d975a27fa2c9b8d9f96b155a9d.jpg,v4,1,0,30,104
img_003690.jpg,ROBOFLOW_13-06-2023_14-30-13_REC_png_jpg.rf.ad4bb7d975a27fa2c9b8d9f96b155a9d.jpg,v4,2,0,30,104
img_003691.jpg,ROBOFLOW_13-06-2023_14-30-24_REC_png_jpg.rf.41d11d89bc021fdcc54a7e31bb691911.jpg,v4,0,0,30,21
img_003692.jpg,ROBOFLOW_13-06-2023_14-30-24_REC_png_jpg.rf.41d11d89bc021fdcc54a7e31bb691911.jpg,v4,1,0,30,21
img_003693.jpg,ROBOFLOW_13-06-2023_14-30-24_REC_png_jpg.rf.41d11d89bc021fdcc54a7e31bb691911.jpg,v4,2,0,30,21
img_003694.jpg,ROBOFLOW_13-06-2023_14-30-53_REC_png_jpg.rf.11d1f0c2e7f7205d80b9f52233417d31.jpg,v4,0,0,30,0
img_003695.jpg,ROBOFLOW_13-06-2023_14-30-53_REC_png_jpg.rf.11d1f0c2e7f7205d80b9f52233417d31.jpg,v4,1,0,30,0
img_003696.jpg,ROBOFLOW_13-06-2023_14-30-53_REC_png_jpg.rf.11d1f0c2e7f7205d80b9f52233417d31.jpg,v4,2,0,30,0
img_003697.jpg,ROBOFLOW_13-06-2023_14-31-05_REC_png_jpg.rf.0de0a85dd2763e00c1e0515a70093a0c.jpg,v4,0,0,30,130
img_003698.jpg,ROBOFLOW_13-06-2023_14-31-05_REC_png_jpg.rf.0de0a85dd2763e00c1e0515a70093a0c.jpg,v4,1,0,30,130
img_003699.jpg,ROBOFLOW_13-06-2023_14-31-05_REC_png_jpg.rf.0de0a85dd2763e00c1e0515a70093a0c.jpg,v4,2,0,27,130
img_003700.jpg,ROBOFLOW_13-06-2023_14-31-51_REC_png_jpg.rf.b96fe7b1f76905b05cb0b61f955b2e55.jpg,v4,0,1,30,192
img_003701.jpg,ROBOFLOW_13-06-2023_14-31-51_REC_png_jpg.rf.b96fe7b1f76905b05cb0b61f955b2e55.jpg,v4,1,1,30,192
img_003702.jpg,ROBOFLOW_13-06-2023_14-31-51_REC_png_jpg.rf.b96fe7b1f76905b05cb0b61f955b2e55.jpg,v4,2,1,30,192
img_003703.jpg,ROBOFLOW_13-06-2023_14-32-13_REC_png_jpg.rf.29f67546d8130672935cc5e0b384aaf0.jpg,v4,0,2,30,419
img_003704.jpg,ROBOFLOW_13-06-2023_14-32-13_REC_png_jpg.rf.29f67546d8130672935cc5e0b384aaf0.jpg,v4,1,2,30,419
img_003705.jpg,ROBOFLOW_13-06-2023_14-32-13_REC_png_jpg.rf.29f67546d8130672935cc5e0b384aaf0.jpg,v4,2,2,30,419
img_003706.jpg,ROBOFLOW_13-06-2023_14-32-24_REC_png_jpg.rf.bb0fdfd3939ec08a8446aebf7e26953b.jpg,v4,0,0,19,0
img_003707.jpg,ROBOFLOW_13-06-2023_14-32-24_REC_png_jpg.rf.bb0fdfd3939ec08a8446aebf7e26953b.jpg,v4,1,0,23,0
img_003708.jpg,ROBOFLOW_13-06-2023_14-32-24_REC_png_jpg.rf.bb0fdfd3939ec08a8446aebf7e26953b.jpg,v4,2,0,30,0
img_003709.jpg,ROBOFLOW_13-06-2023_14-32-42_REC_png_jpg.rf.d88d072639f679c9621c1cad4bf94ccb.jpg,v4,0,0,30,177
img_003710.jpg,ROBOFLOW_13-06-2023_14-32-42_REC_png_jpg.rf.d88d072639f679c9621c1cad4bf94ccb.jpg,v4,1,0,30,177
img_003711.jpg,ROBOFLOW_13-06-2023_14-32-42_REC_png_jpg.rf.d88d072639f679c9621c1cad4bf94ccb.jpg,v4,2,0,30,177
img_003712.jpg,ROBOFLOW_13-06-2023_14-33-02_REC_png_jpg.rf.82544feea8a6b80a528f8586a6bd2553.jpg,v4,0,0,30,243
img_003713.jpg,ROBOFLOW_13-06-2023_14-33-02_REC_png_jpg.rf.82544feea8a6b80a528f8586a6bd2553.jpg,v4,1,0,30,243
img_003714.jpg,ROBOFLOW_13-06-2023_14-33-02_REC_png_jpg.rf.82544feea8a6b80a528f8586a6bd2553.jpg,v4,2,0,21,243
img_003715.jpg,ROBOFLOW_13-06-2023_14-33-17_REC_png_jpg.rf.6d6a0b597f30d440056cbf9f45264778.jpg,v4,0,0,30,0
img_003716.jpg,ROBOFLOW_13-06-2023_14-33-17_REC_png_jpg.rf.6d6a0b597f30d440056cbf9f45264778.jpg,v4,1,0,30,0
img_003717.jpg,ROBOFLOW_13-06-2023_14-33-17_REC_png_jpg.rf.6d6a0b597f30d440056cbf9f45264778.jpg,v4,2,0,30,0
img_003718.jpg,ROBOFLOW_13-06-2023_14-33-30_REC_png_jpg.rf.74dc49b55a6dcd8c42f5a6089090e5af.jpg,v4,0,0,30,0
img_003719.jpg,ROBOFLOW_13-06-2023_14-33-30_REC_png_jpg.rf.74dc49b55a6dcd8c42f5a6089090e5af.jpg,v4,1,0,30,0
img_003720.jpg,ROBOFLOW_13-06-2023_14-33-30_REC_png_jpg.rf.74dc49b55a6dcd8c42f5a6089090e5af.jpg,v4,2,0,30,0
img_003721.jpg,ROBOFLOW_13-06-2023_14-33-46_REC_png_jpg.rf.b7baea7e9e44cb4e2065dd0762a969bc.jpg,v4,0,0,23,0
img_003722.jpg,ROBOFLOW_13-06-2023_14-33-46_REC_png_jpg.rf.b7baea7e9e44cb4e2065dd0762a969bc.jpg,v4,1,0,30,0
img_003723.jpg,ROBOFLOW_13-06-2023_14-33-46_REC_png_jpg.rf.b7baea7e9e44cb4e2065dd0762a969bc.jpg,v4,2,0,30,0
img_003724.jpg,ROBOFLOW_13-06-2023_14-34-25_REC_png_jpg.rf.fa1fd5031ce621a1d6d0ddf484fea705.jpg,v4,0,0,30,373
img_003725.jpg,ROBOFLOW_13-06-2023_14-34-25_REC_png_jpg.rf.fa1fd5031ce621a1d6d0ddf484fea705.jpg,v4,1,0,30,373
img_003726.jpg,ROBOFLOW_13-06-2023_14-34-25_REC_png_jpg.rf.fa1fd5031ce621a1d6d0ddf484fea705.jpg,v4,2,0,30,373
img_003727.jpg,ROBOFLOW_13-06-2023_14-34-37_REC_png_jpg.rf.6df306d61eba1001c69429617fb50f51.jpg,v4,0,0,26,0
img_003728.jpg,ROBOFLOW_13-06-2023_14-34-37_REC_png_jpg.rf.6df306d61eba1001c69429617fb50f51.jpg,v4,1,0,30,0
img_003729.jpg,ROBOFLOW_13-06-2023_14-34-37_REC_png_jpg.rf.6df306d61eba1001c69429617fb50f51.jpg,v4,2,0,30,0
img_003730.jpg,ROBOFLOW_13-06-2023_14-34-50_REC_png_jpg.rf.1d189bed4a9062e9b8d765257e879708.jpg,v4,0,0,30,33
img_003731.jpg,ROBOFLOW_13-06-2023_14-34-50_REC_png_jpg.rf.1d189bed4a9062e9b8d765257e879708.jpg,v4,1,0,30,33
img_003732.jpg,ROBOFLOW_13-06-2023_14-34-50_REC_png_jpg.rf.1d189bed4a9062e9b8d765257e879708.jpg,v4,2,0,30,33
img_003733.jpg,ROBOFLOW_13-06-2023_14-35-05_REC_png_jpg.rf.51247c772da90ee3bdb898fe20780b7b.jpg,v4,0,0,30,175
img_003734.jpg,ROBOFLOW_13-06-2023_14-35-05_REC_png_jpg.rf.51247c772da90ee3bdb898fe20780b7b.jpg,v4,1,0,30,175
img_003735.jpg,ROBOFLOW_13-06-2023_14-35-05_REC_png_jpg.rf.51247c772da90ee3bdb898fe20780b7b.jpg,v4,2,0,30,175
img_003736.jpg,ROBOFLOW_13-06-2023_14-35-21_REC_png_jpg.rf.c5d03886f843f7db11f2641b7ce6d5c8.jpg,v4,0,0,17,0
img_003737.jpg,ROBOFLOW_13-06-2023_14-35-21_REC_png_jpg.rf.c5d03886f843f7db11f2641b7ce6d5c8.jpg,v4,1,0,30,0
img_003738.jpg,ROBOFLOW_13-06-2023_14-35-21_REC_png_jpg.rf.c5d03886f843f7db11f2641b7ce6d5c8.jpg,v4,2,0,30,0
img_003739.jpg,ROBOFLOW_13-06-2023_14-35-33_REC_png_jpg.rf.2a045bdc50ad79c73eaf1cc88e21e5fe.jpg,v4,0,0,30,0
img_003740.jpg,ROBOFLOW_13-06-2023_14-35-33_REC_png_jpg.rf.2a045bdc50ad79c73eaf1cc88e21e5fe.jpg,v4,1,0,30,0
img_003741.jpg,ROBOFLOW_13-06-2023_14-35-33_REC_png_jpg.rf.2a045bdc50ad79c73eaf1cc88e21e5fe.jpg,v4,2,0,30,0
img_003742.jpg,ROBOFLOW_13-06-2023_14-35-48_REC_png_jpg.rf.01334c77570698229c7a7aa17a3dc81a.jpg,v4,0,0,25,0
img_003743.jpg,ROBOFLOW_13-06-2023_14-35-48_REC_png_jpg.rf.01334c77570698229c7a7aa17a3dc81a.jpg,v4,1,0,30,0
img_003744.jpg,ROBOFLOW_13-06-2023_14-35-48_REC_png_jpg.rf.01334c77570698229c7a7aa17a3dc81a.jpg,v4,2,0,24,0
img_003745.jpg,ROBOFLOW_13-06-2023_14-36-01_REC_png_jpg.rf.b4044441ac09624d0dda1e0ba051f439.jpg,v4,0,0,22,0
img_003746.jpg,ROBOFLOW_13-06-2023_14-36-01_REC_png_jpg.rf.b4044441ac09624d0dda1e0ba051f439.jpg,v4,1,0,30,0
img_003747.jpg,ROBOFLOW_13-06-2023_14-36-01_REC_png_jpg.rf.b4044441ac09624d0dda1e0ba051f439.jpg,v4,2,0,30,0
img_003748.jpg,ROBOFLOW_13-06-2023_14-36-15_REC_png_jpg.rf.b287205d1f6689397fafbed519fe12cd.jpg,v4,0,0,30,0
img_003749.jpg,ROBOFLOW_13-06-2023_14-36-15_REC_png_jpg.rf.b287205d1f6689397fafbed519fe12cd.jpg,v4,1,0,30,0
img_003750.jpg,ROBOFLOW_13-06-2023_14-36-15_REC_png_jpg.rf.b287205d1f6689397fafbed519fe12cd.jpg,v4,2,0,30,0
img_003751.jpg,ROBOFLOW_13-06-2023_14-36-40_REC_png_jpg.rf.76cb70e50ddea091601ecb2aed4d755f.jpg,v4,0,0,30,0
img_003752.jpg,ROBOFLOW_13-06-2023_14-36-40_REC_png_jpg.rf.76cb70e50ddea091601ecb2aed4d755f.jpg,v4,1,0,24,0
img_003753.jpg,ROBOFLOW_13-06-2023_14-36-40_REC_png_jpg.rf.76cb70e50ddea091601ecb2aed4d755f.jpg,v4,2,0,30,0
img_003754.jpg,ROBOFLOW_13-06-2023_14-36-55_REC_png_jpg.rf.c39db750fd25f62f033d2ada8f22ce6f.jpg,v4,0,0,19,3
img_003755.jpg,ROBOFLOW_13-06-2023_14-36-55_REC_png_jpg.rf.c39db750fd25f62f033d2ada8f22ce6f.jpg,v4,1,0,30,3
img_003756.jpg,ROBOFLOW_13-06-2023_14-36-55_REC_png_jpg.rf.c39db750fd25f62f033d2ada8f22ce6f.jpg,v4,2,0,30,3
img_003757.jpg,ROBOFLOW_13-06-2023_14-37-14_REC_png_jpg.rf.f6468f8ab099eebf3b9c81919821f594.jpg,v4,0,0,30,35
img_003758.jpg,ROBOFLOW_13-06-2023_14-37-14_REC_png_jpg.rf.f6468f8ab099eebf3b9c81919821f594.jpg,v4,1,0,30,35
img_003759.jpg,ROBOFLOW_13-06-2023_14-37-14_REC_png_jpg.rf.f6468f8ab099eebf3b9c81919821f594.jpg,v4,2,0,30,35
img_003760.jpg,ROBOFLOW_13-06-2023_14-38-23_REC_png_jpg.rf.58a825a11c979c5175143396087584e8.jpg,v4,0,0,24,0
img_003761.jpg,ROBOFLOW_13-06-2023_14-38-23_REC_png_jpg.rf.58a825a11c979c5175143396087584e8.jpg,v4,1,0,30,0
img_003762.jpg,ROBOFLOW_13-06-2023_14-38-23_REC_png_jpg.rf.58a825a11c979c5175143396087584e8.jpg,v4,2,0,30,0
img_003763.jpg,ROBOFLOW_13-06-2023_14-38-46_REC_png_jpg.rf.f38963cb8634352079b7daea02862bdb.jpg,v4,0,0,30,0
img_003764.jpg,ROBOFLOW_13-06-2023_14-38-46_REC_png_jpg.rf.f38963cb8634352079b7daea02862bdb.jpg,v4,1,0,21,0
img_003765.jpg,ROBOFLOW_13-06-2023_14-38-46_REC_png_jpg.rf.f38963cb8634352079b7daea02862bdb.jpg,v4,2,0,30,0
img_003766.jpg,ROBOFLOW_13-06-2023_14-39-27_REC_png_jpg.rf.641c6654c96b9dbc3bcb93cd9302fa0c.jpg,v4,0,0,30,0
img_003767.jpg,ROBOFLOW_13-06-2023_14-39-27_REC_png_jpg.rf.641c6654c96b9dbc3bcb93cd9302fa0c.jpg,v4,1,0,30,0
img_003768.jpg,ROBOFLOW_13-06-2023_14-39-27_REC_png_jpg.rf.641c6654c96b9dbc3bcb93cd9302fa0c.jpg,v4,2,0,20,0
img_003769.jpg,ROBOFLOW_13-06-2023_14-39-56_REC_png_jpg.rf.22f65ecddccd6b24519bd546a3f4b1b0.jpg,v4,0,0,30,0
img_003770.jpg,ROBOFLOW_13-06-2023_14-39-56_REC_png_jpg.rf.22f65ecddccd6b24519bd546a3f4b1b0.jpg,v4,1,0,30,0
img_003771.jpg,ROBOFLOW_13-06-2023_14-39-56_REC_png_jpg.rf.22f65ecddccd6b24519bd546a3f4b1b0.jpg,v4,2,0,30,0
img_003772.jpg,ROBOFLOW_13-06-2023_14-40-26_REC_png_jpg.rf.78e9cf8a0691ff3105a4eefe2e11dd60.jpg,v4,0,0,24,104
img_003773.jpg,ROBOFLOW_13-06-2023_14-40-26_REC_png_jpg.rf.78e9cf8a0691ff3105a4eefe2e11dd60.jpg,v4,1,0,30,104
img_003774.jpg,ROBOFLOW_13-06-2023_14-40-26_REC_png_jpg.rf.78e9cf8a0691ff3105a4eefe2e11dd60.jpg,v4,2,0,23,104
img_003775.jpg,ROBOFLOW_13-06-2023_14-41-26_REC_png_jpg.rf.862958a0ad0978f8c414030b9e9e0ca6.jpg,v4,0,0,30,0
img_003776.jpg,ROBOFLOW_13-06-2023_14-41-26_REC_png_jpg.rf.862958a0ad0978f8c414030b9e9e0ca6.jpg,v4,1,0,30,0
img_003777.jpg,ROBOFLOW_13-06-2023_14-41-26_REC_png_jpg.rf.862958a0ad0978f8c414030b9e9e0ca6.jpg,v4,2,0,30,0
img_003778.jpg,ROBOFLOW_13-06-2023_14-41-47_REC_png_jpg.rf.b2e96b5c6e194f5d59b0c452c45c5a75.jpg,v4,0,0,30,135
img_003779.jpg,ROBOFLOW_13-06-2023_14-41-47_REC_png_jpg.rf.b2e96b5c6e194f5d59b0c452c45c5a75.jpg,v4,1,0,30,135
img_003780.jpg,ROBOFLOW_13-06-2023_14-41-47_REC_png_jpg.rf.b2e96b5c6e194f5d59b0c452c45c5a75.jpg,v4,2,0,30,135
img_003781.jpg,ROBOFLOW_13-06-2023_14-42-24_REC_png_jpg.rf.3696a79df84529d988f152df5ef03d1a.jpg,v4,0,0,30,0
img_003782.jpg,ROBOFLOW_13-06-2023_14-42-24_REC_png_jpg.rf.3696a79df84529d988f152df5ef03d1a.jpg,v4,1,0,25,0
img_003783.jpg,ROBOFLOW_13-06-2023_14-42-24_REC_png_jpg.rf.3696a79df84529d988f152df5ef03d1a.jpg,v4,2,0,24,0
img_003784.jpg,ROBOFLOW_13-06-2023_14-42-33_REC_png_jpg.rf.80b00f03eaa0825f369793b8cadbc060.jpg,v4,0,0,30,0
img_003785.jpg,ROBOFLOW_13-06-2023_14-42-33_REC_png_jpg.rf.80b00f03eaa0825f369793b8cadbc060.jpg,v4,1,0,26,0
img_003786.jpg,ROBOFLOW_13-06-2023_14-42-33_REC_png_jpg.rf.80b00f03eaa0825f369793b8cadbc060.jpg,v4,2,0,30,0
img_003787.jpg,ROBOFLOW_13-06-2023_14-43-26_REC_png_jpg.rf.0dd65216257e00f80a14bf12b1002042.jpg,v4,0,0,30,0
img_003788.jpg,ROBOFLOW_13-06-2023_14-43-26_REC_png_jpg.rf.0dd65216257e00f80a14bf12b1002042.jpg,v4,1,0,30,0
img_003789.jpg,ROBOFLOW_13-06-2023_14-43-26_REC_png_jpg.rf.0dd65216257e00f80a14bf12b1002042.jpg,v4,2,0,25,0
img_003790.jpg,ROBOFLOW_13-06-2023_14-43-35_REC_png_jpg.rf.0765546b6c08b3e58296f2c91f79d459.jpg,v4,0,0,30,0
img_003791.jpg,ROBOFLOW_13-06-2023_14-43-35_REC_png_jpg.rf.0765546b6c08b3e58296f2c91f79d459.jpg,v4,1,0,23,0
img_003792.jpg,ROBOFLOW_13-06-2023_14-43-35_REC_png_jpg.rf.0765546b6c08b3e58296f2c91f79d459.jpg,v4,2,0,30,0
img_003793.jpg,ROBOFLOW_13-06-2023_14-43-52_REC_png_jpg.rf.6bddb4239398f8d98fe099ee407a42a2.jpg,v4,0,0,30,0
img_003794.jpg,ROBOFLOW_13-06-2023_14-43-52_REC_png_jpg.rf.6bddb4239398f8d98fe099ee407a42a2.jpg,v4,1,0,24,0
img_003795.jpg,ROBOFLOW_13-06-2023_14-43-52_REC_png_jpg.rf.6bddb4239398f8d98fe099ee407a42a2.jpg,v4,2,0,21,0
img_003796.jpg,ROBOFLOW_13-06-2023_14-44-12_REC_png_jpg.rf.61011574623d5c859642baa505666081.jpg,v4,0,0,30,0
img_003797.jpg,ROBOFLOW_13-06-2023_14-44-12_REC_png_jpg.rf.61011574623d5c859642baa505666081.jpg,v4,1,0,30,0
img_003798.jpg,ROBOFLOW_13-06-2023_14-44-12_REC_png_jpg.rf.61011574623d5c859642baa505666081.jpg,v4,2,0,23,0
img_003799.jpg,ROBOFLOW_13-06-2023_14-44-25_REC_png_jpg.rf.53daa4fd4ce67e4663974b4fe8d9e4ba.jpg,v4,0,0,23,0
img_003800.jpg,ROBOFLOW_13-06-2023_14-44-25_REC_png_jpg.rf.53daa4fd4ce67e4663974b4fe8d9e4ba.jpg,v4,1,0,30,0
img_003801.jpg,ROBOFLOW_13-06-2023_14-44-25_REC_png_jpg.rf.53daa4fd4ce67e4663974b4fe8d9e4ba.jpg,v4,2,0,30,0
img_003802.jpg,ROBOFLOW_13-06-2023_14-44-41_REC_png_jpg.rf.c96de04d72991dd513704189578b1bc0.jpg,v4,0,0,30,0
img_003803.jpg,ROBOFLOW_13-06-2023_14-44-41_REC_png_jpg.rf.c96de04d72991dd513704189578b1bc0.jpg,v4,1,0,26,0
img_003804.jpg,ROBOFLOW_13-06-2023_14-44-41_REC_png_jpg.rf.c96de04d72991dd513704189578b1bc0.jpg,v4,2,0,18,0
img_003805.jpg,ROBOFLOW_13-06-2023_14-44-53_REC_png_jpg.rf.8be8ef3fb96bff09a0c505b9249c697f.jpg,v4,0,0,30,0
img_003806.jpg,ROBOFLOW_13-06-2023_14-44-53_REC_png_jpg.rf.8be8ef3fb96bff09a0c505b9249c697f.jpg,v4,1,0,30,0
img_003807.jpg,ROBOFLOW_13-06-2023_14-44-53_REC_png_jpg.rf.8be8ef3fb96bff09a0c505b9249c697f.jpg,v4,2,0,22,0
img_003808.jpg,ROBOFLOW_13-06-2023_14-45-08_REC_png_jpg.rf.04daf3de5756a1997110a0fae20e1ee8.jpg,v4,0,0,24,0
img_003809.jpg,ROBOFLOW_13-06-2023_14-45-08_REC_png_jpg.rf.04daf3de5756a1997110a0fae20e1ee8.jpg,v4,1,0,30,0
img_003810.jpg,ROBOFLOW_13-06-2023_14-45-08_REC_png_jpg.rf.04daf3de5756a1997110a0fae20e1ee8.jpg,v4,2,0,23,0
img_003811.jpg,ROBOFLOW_13-06-2023_14-45-32_REC_png_jpg.rf.5210cf988ee3b4576acb931aa439b129.jpg,v4,0,0,30,70
img_003812.jpg,ROBOFLOW_13-06-2023_14-45-32_REC_png_jpg.rf.5210cf988ee3b4576acb931aa439b129.jpg,v4,1,0,26,70
img_003813.jpg,ROBOFLOW_13-06-2023_14-45-32_REC_png_jpg.rf.5210cf988ee3b4576acb931aa439b129.jpg,v4,2,0,30,70
img_003814.jpg,ROBOFLOW_13-06-2023_14-45-45_REC_png_jpg.rf.2aa18e6223eef5df200c5747efc8a0dc.jpg,v4,0,0,25,17
img_003815.jpg,ROBOFLOW_13-06-2023_14-45-45_REC_png_jpg.rf.2aa18e6223eef5df200c5747efc8a0dc.jpg,v4,1,0,30,17
img_003816.jpg,ROBOFLOW_13-06-2023_14-45-45_REC_png_jpg.rf.2aa18e6223eef5df200c5747efc8a0dc.jpg,v4,2,0,30,17
img_003817.jpg,ROBOFLOW_13-06-2023_14-45-58_REC_png_jpg.rf.22f30cd4518bb4b44ea538c332f53680.jpg,v4,0,0,30,4
img_003818.jpg,ROBOFLOW_13-06-2023_14-45-58_REC_png_jpg.rf.22f30cd4518bb4b44ea538c332f53680.jpg,v4,1,0,23,4
img_003819.jpg,ROBOFLOW_13-06-2023_14-45-58_REC_png_jpg.rf.22f30cd4518bb4b44ea538c332f53680.jpg,v4,2,0,21,4
img_003820.jpg,ROBOFLOW_13-06-2023_14-46-37_REC_png_jpg.rf.f07281c0c46efbb6ea325f2a59d78912.jpg,v4,0,0,30,0
img_003821.jpg,ROBOFLOW_13-06-2023_14-46-37_REC_png_jpg.rf.f07281c0c46efbb6ea325f2a59d78912.jpg,v4,1,0,30,0
img_003822.jpg,ROBOFLOW_13-06-2023_14-46-37_REC_png_jpg.rf.f07281c0c46efbb6ea325f2a59d78912.jpg,v4,2,0,23,0
img_003823.jpg,ROBOFLOW_13-06-2023_14-47-00_REC_png_jpg.rf.c0b4782085356a0431787c61bc442b2f.jpg,v4,0,0,30,0
img_003824.jpg,ROBOFLOW_13-06-2023_14-47-00_REC_png_jpg.rf.c0b4782085356a0431787c61bc442b2f.jpg,v4,1,0,30,0
img_003825.jpg,ROBOFLOW_13-06-2023_14-47-00_REC_png_jpg.rf.c0b4782085356a0431787c61bc442b2f.jpg,v4,2,0,30,0
img_003826.jpg,ROBOFLOW_13-06-2023_14-48-11_REC_png_jpg.rf.4006303f95b586bc7ea7933ca6bffb9b.jpg,v4,0,3,30,0
img_003827.jpg,ROBOFLOW_13-06-2023_14-48-11_REC_png_jpg.rf.4006303f95b586bc7ea7933ca6bffb9b.jpg,v4,1,3,30,0
img_003828.jpg,ROBOFLOW_13-06-2023_14-48-11_REC_png_jpg.rf.4006303f95b586bc7ea7933ca6bffb9b.jpg,v4,2,3,30,0
img_003829.jpg,ROBOFLOW_13-06-2023_14-48-31_REC_png_jpg.rf.04cf512141c1dd9f9091dfb6970759e6.jpg,v4,0,0,30,0
img_003830.jpg,ROBOFLOW_13-06-2023_14-48-31_REC_png_jpg.rf.04cf512141c1dd9f9091dfb6970759e6.jpg,v4,1,0,30,0
img_003831.jpg,ROBOFLOW_13-06-2023_14-48-31_REC_png_jpg.rf.04cf512141c1dd9f9091dfb6970759e6.jpg,v4,2,0,30,0
img_003832.jpg,ROBOFLOW_13-06-2023_14-48-45_REC_png_jpg.rf.31c2f0c6b44d112c8616b728852068a6.jpg,v4,0,0,30,0
img_003833.jpg,ROBOFLOW_13-06-2023_14-48-45_REC_png_jpg.rf.31c2f0c6b44d112c8616b728852068a6.jpg,v4,1,0,30,0
img_003834.jpg,ROBOFLOW_13-06-2023_14-48-45_REC_png_jpg.rf.31c2f0c6b44d112c8616b728852068a6.jpg,v4,2,0,30,0
img_003835.jpg,ROBOFLOW_13-06-2023_14-49-40_REC_png_jpg.rf.03be6bb1d1f3c77ed53d3f6c44793e42.jpg,v4,0,0,30,11
img_003836.jpg,ROBOFLOW_13-06-2023_14-49-40_REC_png_jpg.rf.03be6bb1d1f3c77ed53d3f6c44793e42.jpg,v4,1,0,30,11
img_003837.jpg,ROBOFLOW_13-06-2023_14-49-40_REC_png_jpg.rf.03be6bb1d1f3c77ed53d3f6c44793e42.jpg,v4,2,0,30,11
img_003838.jpg,ROBOFLOW_13-06-2023_14-50-04_REC_png_jpg.rf.52f04219ab00e5017f8937e3bf7a68a2.jpg,v4,0,0,27,42
img_003839.jpg,ROBOFLOW_13-06-2023_14-50-04_REC_png_jpg.rf.52f04219ab00e5017f8937e3bf7a68a2.jpg,v4,1,0,30,42
img_003840.jpg,ROBOFLOW_13-06-2023_14-50-04_REC_png_jpg.rf.52f04219ab00e5017f8937e3bf7a68a2.jpg,v4,2,0,30,42
img_003841.jpg,ROBOFLOW_13-06-2023_14-50-37_REC_png_jpg.rf.8bd417e28008ddf247953e682668264b.jpg,v4,0,0,30,0
img_003842.jpg,ROBOFLOW_13-06-2023_14-50-37_REC_png_jpg.rf.8bd417e28008ddf247953e682668264b.jpg,v4,1,0,30,0
img_003843.jpg,ROBOFLOW_13-06-2023_14-50-37_REC_png_jpg.rf.8bd417e28008ddf247953e682668264b.jpg,v4,2,0,20,0
img_003844.jpg,ROBOFLOW_13-06-2023_14-50-53_REC_png_jpg.rf.fd77ffff767ef6dc67960a61a967216d.jpg,v4,0,0,24,0
img_003845.jpg,ROBOFLOW_13-06-2023_14-50-53_REC_png_jpg.rf.fd77ffff767ef6dc67960a61a967216d.jpg,v4,1,0,30,0
img_003846.jpg,ROBOFLOW_13-06-2023_14-50-53_REC_png_jpg.rf.fd77ffff767ef6dc67960a61a967216d.jpg,v4,2,0,30,0
img_003847.jpg,ROBOFLOW_13-06-2023_14-52-00_REC_png_jpg.rf.723a0a360aca66eb952fae358d430686.jpg,v4,0,0,30,0
img_003848.jpg,ROBOFLOW_13-06-2023_14-52-00_REC_png_jpg.rf.723a0a360aca66eb952fae358d430686.jpg,v4,1,0,30,0
img_003849.jpg,ROBOFLOW_13-06-2023_14-52-00_REC_png_jpg.rf.723a0a360aca66eb952fae358d430686.jpg,v4,2,0,30,0
img_003850.jpg,ROBOFLOW_13-06-2023_14-52-15_REC_png_jpg.rf.fe2a236c08ca4a1cca2952efad0b0cf7.jpg,v4,0,0,30,0
img_003851.jpg,ROBOFLOW_13-06-2023_14-52-15_REC_png_jpg.rf.fe2a236c08ca4a1cca2952efad0b0cf7.jpg,v4,1,0,30,0
img_003852.jpg,ROBOFLOW_13-06-2023_14-52-15_REC_png_jpg.rf.fe2a236c08ca4a1cca2952efad0b0cf7.jpg,v4,2,0,30,0
img_003853.jpg,ROBOFLOW_13-06-2023_14-53-06_REC_png_jpg.rf.7b4545bde0e9b9fcfb66a1ae38a062ea.jpg,v4,0,0,25,3
img_003854.jpg,ROBOFLOW_13-06-2023_14-53-06_REC_png_jpg.rf.7b4545bde0e9b9fcfb66a1ae38a062ea.jpg,v4,1,0,30,3
img_003855.jpg,ROBOFLOW_13-06-2023_14-53-06_REC_png_jpg.rf.7b4545bde0e9b9fcfb66a1ae38a062ea.jpg,v4,2,0,25,3
img_003856.jpg,ROBOFLOW_13-06-2023_14-53-16_REC_png_jpg.rf.dfa279ddfc726650111ea209f3cb11d9.jpg,v4,0,0,30,8
img_003857.jpg,ROBOFLOW_13-06-2023_14-53-16_REC_png_jpg.rf.dfa279ddfc726650111ea209f3cb11d9.jpg,v4,1,0,30,8
img_003858.jpg,ROBOFLOW_13-06-2023_14-53-16_REC_png_jpg.rf.dfa279ddfc726650111ea209f3cb11d9.jpg,v4,2,0,30,8
img_003859.jpg,ROBOFLOW_13-06-2023_14-53-31_REC_png_jpg.rf.5ad2cb275f6cf102dba8d62fb3a4a643.jpg,v4,0,0,30,0
img_003860.jpg,ROBOFLOW_13-06-2023_14-53-31_REC_png_jpg.rf.5ad2cb275f6cf102dba8d62fb3a4a643.jpg,v4,1,0,30,0
img_003861.jpg,ROBOFLOW_13-06-2023_14-53-31_REC_png_jpg.rf.5ad2cb275f6cf102dba8d62fb3a4a643.jpg,v4,2,0,30,0
img_003862.jpg,ROBOFLOW_13-06-2023_14-53-48_REC_png_jpg.rf.4fcb370b6164bd18adf9d6e70ac2fe4b.jpg,v4,0,0,30,0
img_003863.jpg,ROBOFLOW_13-06-2023_14-53-48_REC_png_jpg.rf.4fcb370b6164bd18adf9d6e70ac2fe4b.jpg,v4,1,0,30,0
img_003864.jpg,ROBOFLOW_13-06-2023_14-53-48_REC_png_jpg.rf.4fcb370b6164bd18adf9d6e70ac2fe4b.jpg,v4,2,0,30,0
img_003865.jpg,ROBOFLOW_13-06-2023_14-54-02_REC_png_jpg.rf.ea0531ba0757e27a47cc32339cbd7113.jpg,v4,0,0,30,11
img_003866.jpg,ROBOFLOW_13-06-2023_14-54-02_REC_png_jpg.rf.ea0531ba0757e27a47cc32339cbd7113.jpg,v4,1,0,30,11
img_003867.jpg,ROBOFLOW_13-06-2023_14-54-02_REC_png_jpg.rf.ea0531ba0757e27a47cc32339cbd7113.jpg,v4,2,0,30,11
img_003868.jpg,ROBOFLOW_13-06-2023_14-54-26_REC_png_jpg.rf.13fa2671b6cd42446349bec50af16c7a.jpg,v4,0,0,30,0
img_003869.jpg,ROBOFLOW_13-06-2023_14-54-26_REC_png_jpg.rf.13fa2671b6cd42446349bec50af16c7a.jpg,v4,1,0,30,0
img_003870.jpg,ROBOFLOW_13-06-2023_14-54-26_REC_png_jpg.rf.13fa2671b6cd42446349bec50af16c7a.jpg,v4,2,0,30,0
img_003871.jpg,ROBOFLOW_13-06-2023_14-55-16_REC_png_jpg.rf.a41bcb36ff84b2d20e20d4f6f463a44e.jpg,v4,0,0,30,0
img_003872.jpg,ROBOFLOW_13-06-2023_14-55-16_REC_png_jpg.rf.a41bcb36ff84b2d20e20d4f6f463a44e.jpg,v4,1,0,25,0
img_003873.jpg,ROBOFLOW_13-06-2023_14-55-16_REC_png_jpg.rf.a41bcb36ff84b2d20e20d4f6f463a44e.jpg,v4,2,0,22,0
img_003874.jpg,ROBOFLOW_13-06-2023_14-55-33_REC_png_jpg.rf.f6d1dda7ac00a62d38d38495e64bfc9d.jpg,v4,0,0,30,0
img_003875.jpg,ROBOFLOW_13-06-2023_14-55-33_REC_png_jpg.rf.f6d1dda7ac00a62d38d38495e64bfc9d.jpg,v4,1,0,30,0
img_003876.jpg,ROBOFLOW_13-06-2023_14-55-33_REC_png_jpg.rf.f6d1dda7ac00a62d38d38495e64bfc9d.jpg,v4,2,0,30,0
img_003877.jpg,ROBOFLOW_13-06-2023_14-55-47_REC_png_jpg.rf.66624db4a1845f82900577b7eec4d2fc.jpg,v4,0,0,30,0
img_003878.jpg,ROBOFLOW_13-06-2023_14-55-47_REC_png_jpg.rf.66624db4a1845f82900577b7eec4d2fc.jpg,v4,1,0,30,0
img_003879.jpg,ROBOFLOW_13-06-2023_14-55-47_REC_png_jpg.rf.66624db4a1845f82900577b7eec4d2fc.jpg,v4,2,0,30,0
img_003880.jpg,ROBOFLOW_13-06-2023_14-56-09_REC_png_jpg.rf.5ca8c5599c64a887a05cb51d6f13d483.jpg,v4,0,0,30,0
img_003881.jpg,ROBOFLOW_13-06-2023_14-56-09_REC_png_jpg.rf.5ca8c5599c64a887a05cb51d6f13d483.jpg,v4,1,0,30,0
img_003882.jpg,ROBOFLOW_13-06-2023_14-56-09_REC_png_jpg.rf.5ca8c5599c64a887a05cb51d6f13d483.jpg,v4,2,0,30,0
img_003883.jpg,ROBOFLOW_13-06-2023_14-56-25_REC_png_jpg.rf.59e83f6322fafec21ab997f2f80a07fb.jpg,v4,0,0,19,6
img_003884.jpg,ROBOFLOW_13-06-2023_14-56-25_REC_png_jpg.rf.59e83f6322fafec21ab997f2f80a07fb.jpg,v4,1,0,30,6
img_003885.jpg,ROBOFLOW_13-06-2023_14-56-25_REC_png_jpg.rf.59e83f6322fafec21ab997f2f80a07fb.jpg,v4,2,0,30,6
img_003886.jpg,ROBOFLOW_13-06-2023_14-56-58_REC_png_jpg.rf.fcc32d940c8791c6440e213c62aeb6a3.jpg,v4,0,0,30,0
img_003887.jpg,ROBOFLOW_13-06-2023_14-56-58_REC_png_jpg.rf.fcc32d940c8791c6440e213c62aeb6a3.jpg,v4,1,0,30,0
img_003888.jpg,ROBOFLOW_13-06-2023_14-56-58_REC_png_jpg.rf.fcc32d940c8791c6440e213c62aeb6a3.jpg,v4,2,0,30,0
img_003889.jpg,ROBOFLOW_13-06-2023_14-57-11_REC_png_jpg.rf.8ad98144d61eda7642d9ec35a5aa5f17.jpg,v4,0,0,30,91
img_003890.jpg,ROBOFLOW_13-06-2023_14-57-11_REC_png_jpg.rf.8ad98144d61eda7642d9ec35a5aa5f17.jpg,v4,1,0,30,91
img_003891.jpg,ROBOFLOW_13-06-2023_14-57-11_REC_png_jpg.rf.8ad98144d61eda7642d9ec35a5aa5f17.jpg,v4,2,0,30,91
img_003892.jpg,ROBOFLOW_13-06-2023_14-58-26_REC_png_jpg.rf.6b440035ac21e67e0982863f7268908d.jpg,v4,0,0,22,0
img_003893.jpg,ROBOFLOW_13-06-2023_14-58-26_REC_png_jpg.rf.6b440035ac21e67e0982863f7268908d.jpg,v4,1,0,30,0
img_003894.jpg,ROBOFLOW_13-06-2023_14-58-26_REC_png_jpg.rf.6b440035ac21e67e0982863f7268908d.jpg,v4,2,0,30,0
img_003895.jpg,ROBOFLOW_13-06-2023_14-58-39_REC_png_jpg.rf.519acdc43fba51ad701da397856d623e.jpg,v4,0,0,30,197
img_003896.jpg,ROBOFLOW_13-06-2023_14-58-39_REC_png_jpg.rf.519acdc43fba51ad701da397856d623e.jpg,v4,1,0,30,197
img_003897.jpg,ROBOFLOW_13-06-2023_14-58-39_REC_png_jpg.rf.519acdc43fba51ad701da397856d623e.jpg,v4,2,0,19,197
img_003898.jpg,ROBOFLOW_13-06-2023_14-58-50_REC_png_jpg.rf.eb3e525cfc5b5caef737699087d28574.jpg,v4,0,0,25,0
img_003899.jpg,ROBOFLOW_13-06-2023_14-58-50_REC_png_jpg.rf.eb3e525cfc5b5caef737699087d28574.jpg,v4,1,0,30,0
img_003900.jpg,ROBOFLOW_13-06-2023_14-58-50_REC_png_jpg.rf.eb3e525cfc5b5caef737699087d28574.jpg,v4,2,0,30,0
img_003901.jpg,ROBOFLOW_13-06-2023_14-59-17_REC_png_jpg.rf.36497874e22cad4fd5fa53b652dee05a.jpg,v4,0,0,17,121
img_003902.jpg,ROBOFLOW_13-06-2023_14-59-17_REC_png_jpg.rf.36497874e22cad4fd5fa53b652dee05a.jpg,v4,1,0,30,121
img_003903.jpg,ROBOFLOW_13-06-2023_14-59-17_REC_png_jpg.rf.36497874e22cad4fd5fa53b652dee05a.jpg,v4,2,0,26,121
img_003904.jpg,ROBOFLOW_13-06-2023_14-59-29_REC_png_jpg.rf.9748a64ac2b1acee52bc6d7c87d04f46.jpg,v4,0,0,30,0
img_003905.jpg,ROBOFLOW_13-06-2023_14-59-29_REC_png_jpg.rf.9748a64ac2b1acee52bc6d7c87d04f46.jpg,v4,1,0,30,0
img_003906.jpg,ROBOFLOW_13-06-2023_14-59-29_REC_png_jpg.rf.9748a64ac2b1acee52bc6d7c87d04f46.jpg,v4,2,0,30,0
img_003907.jpg,ROBOFLOW_13-06-2023_14-59-48_REC_png_jpg.rf.906d387c4bbb68361ee0d7fafdb3c829.jpg,v4,0,0,30,0
img_003908.jpg,ROBOFLOW_13-06-2023_14-59-48_REC_png_jpg.rf.906d387c4bbb68361ee0d7fafdb3c829.jpg,v4,1,0,30,0
img_003909.jpg,ROBOFLOW_13-06-2023_14-59-48_REC_png_jpg.rf.906d387c4bbb68361ee0d7fafdb3c829.jpg,v4,2,0,20,0
img_003910.jpg,ROBOFLOW_13-06-2023_15-00-44_REC_png_jpg.rf.22aaa8288e460def9d3c8d345c11eca0.jpg,v4,0,0,16,223
img_003911.jpg,ROBOFLOW_13-06-2023_15-00-44_REC_png_jpg.rf.22aaa8288e460def9d3c8d345c11eca0.jpg,v4,1,0,30,223
img_003912.jpg,ROBOFLOW_13-06-2023_15-00-44_REC_png_jpg.rf.22aaa8288e460def9d3c8d345c11eca0.jpg,v4,2,0,30,223
img_003913.jpg,ROBOFLOW_13-06-2023_15-01-02_REC_png_jpg.rf.91250abd6c651a7a401325db3b7f25f0.jpg,v4,0,0,30,33
img_003914.jpg,ROBOFLOW_13-06-2023_15-01-02_REC_png_jpg.rf.91250abd6c651a7a401325db3b7f25f0.jpg,v4,1,0,30,33
img_003915.jpg,ROBOFLOW_13-06-2023_15-01-02_REC_png_jpg.rf.91250abd6c651a7a401325db3b7f25f0.jpg,v4,2,0,30,33
img_003916.jpg,ROBOFLOW_13-06-2023_15-01-18_REC_png_jpg.rf.6a8c5b3010d198e105defc7030dfe267.jpg,v4,0,0,30,195
img_003917.jpg,ROBOFLOW_13-06-2023_15-01-18_REC_png_jpg.rf.6a8c5b3010d198e105defc7030dfe267.jpg,v4,1,0,30,195
img_003918.jpg,ROBOFLOW_13-06-2023_15-01-18_REC_png_jpg.rf.6a8c5b3010d198e105defc7030dfe267.jpg,v4,2,0,30,195
img_003919.jpg,ROBOFLOW_13-06-2023_15-02-20_REC_png_jpg.rf.3cf8ad08fb6d370d49162166420145f0.jpg,v4,0,0,30,41
img_003920.jpg,ROBOFLOW_13-06-2023_15-02-20_REC_png_jpg.rf.3cf8ad08fb6d370d49162166420145f0.jpg,v4,1,0,30,41
img_003921.jpg,ROBOFLOW_13-06-2023_15-02-20_REC_png_jpg.rf.3cf8ad08fb6d370d49162166420145f0.jpg,v4,2,0,30,41
img_003922.jpg,ROBOFLOW_13-06-2023_15-02-31_REC_png_jpg.rf.0da671ad3a5b6549bf9705b06ab9e06b.jpg,v4,0,0,30,343
img_003923.jpg,ROBOFLOW_13-06-2023_15-02-31_REC_png_jpg.rf.0da671ad3a5b6549bf9705b06ab9e06b.jpg,v4,1,0,30,343
img_003924.jpg,ROBOFLOW_13-06-2023_15-02-31_REC_png_jpg.rf.0da671ad3a5b6549bf9705b06ab9e06b.jpg,v4,2,0,30,343
img_003925.jpg,ROBOFLOW_13-06-2023_15-02-41_REC_png_jpg.rf.4a58695d3f32abd2d3c53da843b5a2d0.jpg,v4,0,0,30,233
img_003926.jpg,ROBOFLOW_13-06-2023_15-02-41_REC_png_jpg.rf.4a58695d3f32abd2d3c53da843b5a2d0.jpg,v4,1,0,19,233
img_003927.jpg,ROBOFLOW_13-06-2023_15-02-41_REC_png_jpg.rf.4a58695d3f32abd2d3c53da843b5a2d0.jpg,v4,2,0,30,233
img_003928.jpg,ROBOFLOW_13-06-2023_15-02-51_REC_png_jpg.rf.4d8d1e52944f75f5ad7aed1cc17c5685.jpg,v4,0,0,30,7
img_003929.jpg,ROBOFLOW_13-06-2023_15-02-51_REC_png_jpg.rf.4d8d1e52944f75f5ad7aed1cc17c5685.jpg,v4,1,0,30,7
img_003930.jpg,ROBOFLOW_13-06-2023_15-02-51_REC_png_jpg.rf.4d8d1e52944f75f5ad7aed1cc17c5685.jpg,v4,2,0,30,7
img_003931.jpg,ROBOFLOW_13-06-2023_15-03-06_REC_png_jpg.rf.198de80d9ed4132b8dabe05f062715c7.jpg,v4,0,1,30,230
img_003932.jpg,ROBOFLOW_13-06-2023_15-03-06_REC_png_jpg.rf.198de80d9ed4132b8dabe05f062715c7.jpg,v4,1,1,30,230
img_003933.jpg,ROBOFLOW_13-06-2023_15-03-06_REC_png_jpg.rf.198de80d9ed4132b8dabe05f062715c7.jpg,v4,2,1,22,230
img_003934.jpg,ROBOFLOW_13-06-2023_15-03-25_REC_png_jpg.rf.2d0f9d843bb7f8d1a1033271895f76c0.jpg,v4,0,0,30,0
img_003935.jpg,ROBOFLOW_13-06-2023_15-03-25_REC_png_jpg.rf.2d0f9d843bb7f8d1a1033271895f76c0.jpg,v4,1,0,24,0
img_003936.jpg,ROBOFLOW_13-06-2023_15-03-25_REC_png_jpg.rf.2d0f9d843bb7f8d1a1033271895f76c0.jpg,v4,2,0,30,0
img_003937.jpg,ROBOFLOW_13-06-2023_15-03-40_REC_png_jpg.rf.b979fb31ba7c7d53dd8bf16d457aaa9a.jpg,v4,0,1,30,113
img_003938.jpg,ROBOFLOW_13-06-2023_15-03-40_REC_png_jpg.rf.b979fb31ba7c7d53dd8bf16d457aaa9a.jpg,v4,1,1,30,113
img_003939.jpg,ROBOFLOW_13-06-2023_15-03-40_REC_png_jpg.rf.b979fb31ba7c7d53dd8bf16d457aaa9a.jpg,v4,2,1,30,113
img_003940.jpg,ROBOFLOW_13-06-2023_15-03-56_REC_png_jpg.rf.ffd03f6d5777d555bc32a5e926ed49d2.jpg,v4,0,1,25,0
img_003941.jpg,ROBOFLOW_13-06-2023_15-03-56_REC_png_jpg.rf.ffd03f6d5777d555bc32a5e926ed49d2.jpg,v4,1,1,30,0
img_003942.jpg,ROBOFLOW_13-06-2023_15-03-56_REC_png_jpg.rf.ffd03f6d5777d555bc32a5e926ed49d2.jpg,v4,2,1,30,0
img_003943.jpg,ROBOFLOW_13-06-2023_15-04-08_REC_png_jpg.rf.5877719daba5c008e782691cdfb3b45c.jpg,v4,0,0,30,203
img_003944.jpg,ROBOFLOW_13-06-2023_15-04-08_REC_png_jpg.rf.5877719daba5c008e782691cdfb3b45c.jpg,v4,1,0,30,203
img_003945.jpg,ROBOFLOW_13-06-2023_15-04-08_REC_png_jpg.rf.5877719daba5c008e782691cdfb3b45c.jpg,v4,2,0,15,203
img_003946.jpg,ROBOFLOW_13-06-2023_15-04-22_REC_png_jpg.rf.c4cdc2673d3245186e2aa0f6de93d770.jpg,v4,0,0,30,350
img_003947.jpg,ROBOFLOW_13-06-2023_15-04-22_REC_png_jpg.rf.c4cdc2673d3245186e2aa0f6de93d770.jpg,v4,1,0,29,350
img_003948.jpg,ROBOFLOW_13-06-2023_15-04-22_REC_png_jpg.rf.c4cdc2673d3245186e2aa0f6de93d770.jpg,v4,2,0,30,350
img_003949.jpg,ROBOFLOW_13-06-2023_15-04-32_REC_png_jpg.rf.8e600523ca5647bda8d6ee3b8512013a.jpg,v4,0,0,30,0
img_003950.jpg,ROBOFLOW_13-06-2023_15-04-32_REC_png_jpg.rf.8e600523ca5647bda8d6ee3b8512013a.jpg,v4,1,0,30,0
img_003951.jpg,ROBOFLOW_13-06-2023_15-04-32_REC_png_jpg.rf.8e600523ca5647bda8d6ee3b8512013a.jpg,v4,2,0,24,0
img_003952.jpg,ROBOFLOW_13-06-2023_15-04-44_REC_png_jpg.rf.cd8544145702d906cab465e057405c80.jpg,v4,0,0,30,79
img_003953.jpg,ROBOFLOW_13-06-2023_15-04-44_REC_png_jpg.rf.cd8544145702d906cab465e057405c80.jpg,v4,1,0,30,79
img_003954.jpg,ROBOFLOW_13-06-2023_15-04-44_REC_png_jpg.rf.cd8544145702d906cab465e057405c80.jpg,v4,2,0,30,79
img_003955.jpg,ROBOFLOW_13-06-2023_15-04-59_REC_png_jpg.rf.f699c173bdeb2a4768a781b4bca1eb33.jpg,v4,0,0,21,0
img_003956.jpg,ROBOFLOW_13-06-2023_15-04-59_REC_png_jpg.rf.f699c173bdeb2a4768a781b4bca1eb33.jpg,v4,1,0,30,0
img_003957.jpg,ROBOFLOW_13-06-2023_15-04-59_REC_png_jpg.rf.f699c173bdeb2a4768a781b4bca1eb33.jpg,v4,2,0,26,0
img_003958.jpg,ROBOFLOW_13-06-2023_15-05-13_REC_png_jpg.rf.fa625b5cc54728202cb925e14dd5abe4.jpg,v4,0,2,30,85
img_003959.jpg,ROBOFLOW_13-06-2023_15-05-13_REC_png_jpg.rf.fa625b5cc54728202cb925e14dd5abe4.jpg,v4,1,2,27,85
img_003960.jpg,ROBOFLOW_13-06-2023_15-05-13_REC_png_jpg.rf.fa625b5cc54728202cb925e14dd5abe4.jpg,v4,2,2,30,85
img_003961.jpg,ROBOFLOW_13-06-2023_15-05-48_REC_png_jpg.rf.02a9d07e700eb764c8021d9cb7c8b122.jpg,v4,0,0,30,359
img_003962.jpg,ROBOFLOW_13-06-2023_15-05-48_REC_png_jpg.rf.02a9d07e700eb764c8021d9cb7c8b122.jpg,v4,1,0,30,359
img_003963.jpg,ROBOFLOW_13-06-2023_15-05-48_REC_png_jpg.rf.02a9d07e700eb764c8021d9cb7c8b122.jpg,v4,2,0,30,359
img_003964.jpg,ROBOFLOW_13-06-2023_15-06-00_REC_png_jpg.rf.eff3f664be24f2473d2078dc60f4456e.jpg,v4,0,1,30,7
img_003965.jpg,ROBOFLOW_13-06-2023_15-06-00_REC_png_jpg.rf.eff3f664be24f2473d2078dc60f4456e.jpg,v4,1,1,30,7
img_003966.jpg,ROBOFLOW_13-06-2023_15-06-00_REC_png_jpg.rf.eff3f664be24f2473d2078dc60f4456e.jpg,v4,2,1,30,7
img_003967.jpg,ROBOFLOW_13-06-2023_15-06-16_REC_png_jpg.rf.50aea9c8152ecc0d0e600a53f74f77b6.jpg,v4,0,1,30,0
img_003968.jpg,ROBOFLOW_13-06-2023_15-06-16_REC_png_jpg.rf.50aea9c8152ecc0d0e600a53f74f77b6.jpg,v4,1,1,30,0
img_003969.jpg,ROBOFLOW_13-06-2023_15-06-16_REC_png_jpg.rf.50aea9c8152ecc0d0e600a53f74f77b6.jpg,v4,2,1,23,0
img_003970.jpg,ROBOFLOW_13-06-2023_15-08-19_REC_png_jpg.rf.02431f87f289e0016ee52b11dd269242.jpg,v4,0,0,30,0
img_003971.jpg,ROBOFLOW_13-06-2023_15-08-19_REC_png_jpg.rf.02431f87f289e0016ee52b11dd269242.jpg,v4,1,0,30,0
img_003972.jpg,ROBOFLOW_13-06-2023_15-08-19_REC_png_jpg.rf.02431f87f289e0016ee52b11dd269242.jpg,v4,2,0,30,0
img_003973.jpg,ROBOFLOW_13-06-2023_15-08-36_REC_png_jpg.rf.87ce765c56667168b5e5d6455a2b2f83.jpg,v4,0,0,21,0
img_003974.jpg,ROBOFLOW_13-06-2023_15-08-36_REC_png_jpg.rf.87ce765c56667168b5e5d6455a2b2f83.jpg,v4,1,0,30,0
img_003975.jpg,ROBOFLOW_13-06-2023_15-08-36_REC_png_jpg.rf.87ce765c56667168b5e5d6455a2b2f83.jpg,v4,2,0,30,0
img_003976.jpg,ROBOFLOW_13-06-2023_15-08-52_REC_png_jpg.rf.6442247642a2a3e446cdfbf70c00ec21.jpg,v4,0,0,30,0
img_003977.jpg,ROBOFLOW_13-06-2023_15-08-52_REC_png_jpg.rf.6442247642a2a3e446cdfbf70c00ec21.jpg,v4,1,0,30,0
img_003978.jpg,ROBOFLOW_13-06-2023_15-08-52_REC_png_jpg.rf.6442247642a2a3e446cdfbf70c00ec21.jpg,v4,2,0,30,0
img_003979.jpg,ROBOFLOW_13-06-2023_15-09-05_REC_png_jpg.rf.ea0950120d80ccc5ae3ad5c89d85c422.jpg,v4,0,0,30,0
img_003980.jpg,ROBOFLOW_13-06-2023_15-09-05_REC_png_jpg.rf.ea0950120d80ccc5ae3ad5c89d85c422.jpg,v4,1,0,30,0
img_003981.jpg,ROBOFLOW_13-06-2023_15-09-05_REC_png_jpg.rf.ea0950120d80ccc5ae3ad5c89d85c422.jpg,v4,2,0,23,0
img_003982.jpg,ROBOFLOW_13-06-2023_15-09-18_REC_png_jpg.rf.0eeb1af3771f13c91ef5c75ee289c683.jpg,v4,0,0,30,0
img_003983.jpg,ROBOFLOW_13-06-2023_15-09-18_REC_png_jpg.rf.0eeb1af3771f13c91ef5c75ee289c683.jpg,v4,1,0,30,0
img_003984.jpg,ROBOFLOW_13-06-2023_15-09-18_REC_png_jpg.rf.0eeb1af3771f13c91ef5c75ee289c683.jpg,v4,2,0,30,0
img_003985.jpg,ROBOFLOW_13-06-2023_15-11-04_REC_png_jpg.rf.e7bbbeb601a3921be95769d4c720a672.jpg,v4,0,0,30,0
img_003986.jpg,ROBOFLOW_13-06-2023_15-11-04_REC_png_jpg.rf.e7bbbeb601a3921be95769d4c720a672.jpg,v4,1,0,30,0
img_003987.jpg,ROBOFLOW_13-06-2023_15-11-04_REC_png_jpg.rf.e7bbbeb601a3921be95769d4c720a672.jpg,v4,2,0,30,0
img_003988.jpg,ROBOFLOW_13-06-2023_15-11-16_REC_png_jpg.rf.66c4c66510137ba5a7cbb2c0b1904592.jpg,v4,0,0,21,0
img_003989.jpg,ROBOFLOW_13-06-2023_15-11-16_REC_png_jpg.rf.66c4c66510137ba5a7cbb2c0b1904592.jpg,v4,1,0,30,0
img_003990.jpg,ROBOFLOW_13-06-2023_15-11-16_REC_png_jpg.rf.66c4c66510137ba5a7cbb2c0b1904592.jpg,v4,2,0,30,0
img_003991.jpg,ROBOFLOW_13-06-2023_15-11-57_REC_png_jpg.rf.895329a3a18ae3d214050c23c9ed68d0.jpg,v4,0,0,26,0
img_003992.jpg,ROBOFLOW_13-06-2023_15-11-57_REC_png_jpg.rf.895329a3a18ae3d214050c23c9ed68d0.jpg,v4,1,0,30,0
img_003993.jpg,ROBOFLOW_13-06-2023_15-11-57_REC_png_jpg.rf.895329a3a18ae3d214050c23c9ed68d0.jpg,v4,2,0,30,0
img_003994.jpg,ROBOFLOW_13-06-2023_15-12-16_REC_png_jpg.rf.aaaf48aeeab6c20c3e2363c3b5413f51.jpg,v4,0,0,30,0
img_003995.jpg,ROBOFLOW_13-06-2023_15-12-16_REC_png_jpg.rf.aaaf48aeeab6c20c3e2363c3b5413f51.jpg,v4,1,0,25,0
img_003996.jpg,ROBOFLOW_13-06-2023_15-12-16_REC_png_jpg.rf.aaaf48aeeab6c20c3e2363c3b5413f51.jpg,v4,2,0,30,0
img_003997.jpg,ROBOFLOW_13-06-2023_15-13-14_REC_png_jpg.rf.e5e171c383db9e996b1c8365dd15ec4e.jpg,v4,0,0,30,0
img_003998.jpg,ROBOFLOW_13-06-2023_15-13-14_REC_png_jpg.rf.e5e171c383db9e996b1c8365dd15ec4e.jpg,v4,1,0,25,0
img_003999.jpg,ROBOFLOW_13-06-2023_15-13-14_REC_png_jpg.rf.e5e171c383db9e996b1c8365dd15ec4e.jpg,v4,2,0,30,0
img_004000.jpg,ROBOFLOW_13-06-2023_15-13-24_REC_png_jpg.rf.789d8e35cb68d9a8f4e7b6f506968128.jpg,v4,0,0,30,0
img_004001.jpg,ROBOFLOW_13-06-2023_15-13-24_REC_png_jpg.rf.789d8e35cb68d9a8f4e7b6f506968128.jpg,v4,1,0,30,0
img_004002.jpg,ROBOFLOW_13-06-2023_15-13-24_REC_png_jpg.rf.789d8e35cb68d9a8f4e7b6f506968128.jpg,v4,2,0,30,0
img_004003.jpg,ROBOFLOW_13-06-2023_15-13-35_REC_png_jpg.rf.6d8e1595fac9545dad6da2b13b319a36.jpg,v4,0,0,30,0
img_004004.jpg,ROBOFLOW_13-06-2023_15-13-35_REC_png_jpg.rf.6d8e1595fac9545dad6da2b13b319a36.jpg,v4,1,0,30,0
img_004005.jpg,ROBOFLOW_13-06-2023_15-13-35_REC_png_jpg.rf.6d8e1595fac9545dad6da2b13b319a36.jpg,v4,2,0,23,0
img_004006.jpg,ROBOFLOW_13-06-2023_15-13-45_REC_png_jpg.rf.baa11b97d4396e9b4e937e36095e32c3.jpg,v4,0,0,30,0
img_004007.jpg,ROBOFLOW_13-06-2023_15-13-45_REC_png_jpg.rf.baa11b97d4396e9b4e937e36095e32c3.jpg,v4,1,0,30,0
img_004008.jpg,ROBOFLOW_13-06-2023_15-13-45_REC_png_jpg.rf.baa11b97d4396e9b4e937e36095e32c3.jpg,v4,2,0,30,0
img_004009.jpg,ROBOFLOW_13-06-2023_15-14-27_REC_png_jpg.rf.2873cf232eb45d4aa75dd61fce772bbc.jpg,v4,0,0,25,21
img_004010.jpg,ROBOFLOW_13-06-2023_15-14-27_REC_png_jpg.rf.2873cf232eb45d4aa75dd61fce772bbc.jpg,v4,1,0,24,21
img_004011.jpg,ROBOFLOW_13-06-2023_15-14-27_REC_png_jpg.rf.2873cf232eb45d4aa75dd61fce772bbc.jpg,v4,2,0,30,21
img_004012.jpg,ROBOFLOW_13-06-2023_15-14-40_REC_png_jpg.rf.77c23675d9f4133c0c228d5b077d6141.jpg,v4,0,1,30,0
img_004013.jpg,ROBOFLOW_13-06-2023_15-14-40_REC_png_jpg.rf.77c23675d9f4133c0c228d5b077d6141.jpg,v4,1,1,30,0
img_004014.jpg,ROBOFLOW_13-06-2023_15-14-40_REC_png_jpg.rf.77c23675d9f4133c0c228d5b077d6141.jpg,v4,2,1,30,0
img_004015.jpg,ROBOFLOW_13-06-2023_15-14-51_REC_png_jpg.rf.7e77b25cd49b1b09880cd645c708f6ff.jpg,v4,0,0,30,0
img_004016.jpg,ROBOFLOW_13-06-2023_15-14-51_REC_png_jpg.rf.7e77b25cd49b1b09880cd645c708f6ff.jpg,v4,1,0,30,0
img_004017.jpg,ROBOFLOW_13-06-2023_15-14-51_REC_png_jpg.rf.7e77b25cd49b1b09880cd645c708f6ff.jpg,v4,2,0,20,0
img_004018.jpg,ROBOFLOW_13-06-2023_15-15-05_REC_png_jpg.rf.dadeed5a77b17c33a82451dc668d6300.jpg,v4,0,0,0,512
img_004019.jpg,ROBOFLOW_13-06-2023_15-15-05_REC_png_jpg.rf.dadeed5a77b17c33a82451dc668d6300.jpg,v4,1,0,0,512
img_004020.jpg,ROBOFLOW_13-06-2023_15-15-05_REC_png_jpg.rf.dadeed5a77b17c33a82451dc668d6300.jpg,v4,2,0,0,512
img_004021.jpg,ROBOFLOW_13-06-2023_15-17-20_REC_png_jpg.rf.9a72946ee56ca563070c8229f46d669a.jpg,v4,0,0,25,14
img_004022.jpg,ROBOFLOW_13-06-2023_15-17-20_REC_png_jpg.rf.9a72946ee56ca563070c8229f46d669a.jpg,v4,1,0,30,14
img_004023.jpg,ROBOFLOW_13-06-2023_15-17-20_REC_png_jpg.rf.9a72946ee56ca563070c8229f46d669a.jpg,v4,2,0,30,14
img_004024.jpg,ROBOFLOW_13-06-2023_15-18-14_REC_png_jpg.rf.d8fd25d9c7517854ea452ea6ea089a67.jpg,v4,0,0,30,210
img_004025.jpg,ROBOFLOW_13-06-2023_15-18-14_REC_png_jpg.rf.d8fd25d9c7517854ea452ea6ea089a67.jpg,v4,1,0,30,210
img_004026.jpg,ROBOFLOW_13-06-2023_15-18-14_REC_png_jpg.rf.d8fd25d9c7517854ea452ea6ea089a67.jpg,v4,2,0,30,210
img_004027.jpg,ROBOFLOW_13-06-2023_15-18-52_REC_png_jpg.rf.fb580c38486e181d3262a4720518941c.jpg,v4,0,0,21,67
img_004028.jpg,ROBOFLOW_13-06-2023_15-18-52_REC_png_jpg.rf.fb580c38486e181d3262a4720518941c.jpg,v4,1,0,25,67
img_004029.jpg,ROBOFLOW_13-06-2023_15-18-52_REC_png_jpg.rf.fb580c38486e181d3262a4720518941c.jpg,v4,2,0,16,67
img_004030.jpg,ROBOFLOW_13-06-2023_15-19-39_REC_png_jpg.rf.d89db195669eec608d3b5ce4619d88b5.jpg,v4,0,0,30,0
img_004031.jpg,ROBOFLOW_13-06-2023_15-19-39_REC_png_jpg.rf.d89db195669eec608d3b5ce4619d88b5.jpg,v4,1,0,30,0
img_004032.jpg,ROBOFLOW_13-06-2023_15-19-39_REC_png_jpg.rf.d89db195669eec608d3b5ce4619d88b5.jpg,v4,2,0,21,0
img_004033.jpg,ROBOFLOW_13-06-2023_15-20-32_REC_png_jpg.rf.d87d459e8304a0365d84540fe230300e.jpg,v4,0,1,30,0
img_004034.jpg,ROBOFLOW_13-06-2023_15-20-32_REC_png_jpg.rf.d87d459e8304a0365d84540fe230300e.jpg,v4,1,1,30,0
img_004035.jpg,ROBOFLOW_13-06-2023_15-20-32_REC_png_jpg.rf.d87d459e8304a0365d84540fe230300e.jpg,v4,2,1,30,0
img_004036.jpg,ROBOFLOW_13-06-2023_15-21-11_REC_png_jpg.rf.7fdac81c20ce421c7d14416db56db0e2.jpg,v4,0,3,30,0
img_004037.jpg,ROBOFLOW_13-06-2023_15-21-11_REC_png_jpg.rf.7fdac81c20ce421c7d14416db56db0e2.jpg,v4,1,3,28,0
img_004038.jpg,ROBOFLOW_13-06-2023_15-21-11_REC_png_jpg.rf.7fdac81c20ce421c7d14416db56db0e2.jpg,v4,2,3,23,0
img_004039.jpg,ROBOFLOW_13-06-2023_15-21-24_REC_png_jpg.rf.f3424ee2a2b5ca4b348245e92e6d7b45.jpg,v4,0,0,30,0
img_004040.jpg,ROBOFLOW_13-06-2023_15-21-24_REC_png_jpg.rf.f3424ee2a2b5ca4b348245e92e6d7b45.jpg,v4,1,0,30,0
img_004041.jpg,ROBOFLOW_13-06-2023_15-21-24_REC_png_jpg.rf.f3424ee2a2b5ca4b348245e92e6d7b45.jpg,v4,2,0,20,0
img_004042.jpg,ROBOFLOW_13-06-2023_15-21-34_REC_png_jpg.rf.2f53ee8512dd73a2d65d5cdc344d17bd.jpg,v4,0,0,30,0
img_004043.jpg,ROBOFLOW_13-06-2023_15-21-34_REC_png_jpg.rf.2f53ee8512dd73a2d65d5cdc344d17bd.jpg,v4,1,0,30,0
img_004044.jpg,ROBOFLOW_13-06-2023_15-21-34_REC_png_jpg.rf.2f53ee8512dd73a2d65d5cdc344d17bd.jpg,v4,2,0,22,0
img_004045.jpg,ROBOFLOW_13-06-2023_15-21-44_REC_png_jpg.rf.d5de3d41a9d5df0782dda41fcd32782a.jpg,v4,0,1,30,78
img_004046.jpg,ROBOFLOW_13-06-2023_15-21-44_REC_png_jpg.rf.d5de3d41a9d5df0782dda41fcd32782a.jpg,v4,1,1,30,78
img_004047.jpg,ROBOFLOW_13-06-2023_15-21-44_REC_png_jpg.rf.d5de3d41a9d5df0782dda41fcd32782a.jpg,v4,2,1,30,78
img_004048.jpg,ROBOFLOW_13-06-2023_15-22-45_REC_png_jpg.rf.45c6359b5d01f0ae221edd1996ad481c.jpg,v4,0,0,30,145
img_004049.jpg,ROBOFLOW_13-06-2023_15-22-45_REC_png_jpg.rf.45c6359b5d01f0ae221edd1996ad481c.jpg,v4,1,0,30,145
img_004050.jpg,ROBOFLOW_13-06-2023_15-22-45_REC_png_jpg.rf.45c6359b5d01f0ae221edd1996ad481c.jpg,v4,2,0,26,145
img_004051.jpg,ROBOFLOW_13-06-2023_15-23-05_REC_png_jpg.rf.8d54573fac26154d10c604196d289066.jpg,v4,0,0,25,0
img_004052.jpg,ROBOFLOW_13-06-2023_15-23-05_REC_png_jpg.rf.8d54573fac26154d10c604196d289066.jpg,v4,1,0,30,0
img_004053.jpg,ROBOFLOW_13-06-2023_15-23-05_REC_png_jpg.rf.8d54573fac26154d10c604196d289066.jpg,v4,2,0,30,0
img_004054.jpg,ROBOFLOW_13-06-2023_15-26-43_REC_png_jpg.rf.c6f271081eb2407719d8e6ea91901d18.jpg,v4,0,0,30,41
img_004055.jpg,ROBOFLOW_13-06-2023_15-26-43_REC_png_jpg.rf.c6f271081eb2407719d8e6ea91901d18.jpg,v4,1,0,30,41
img_004056.jpg,ROBOFLOW_13-06-2023_15-26-43_REC_png_jpg.rf.c6f271081eb2407719d8e6ea91901d18.jpg,v4,2,0,30,41
img_004057.jpg,ROBOFLOW_13-06-2023_15-27-15_REC_png_jpg.rf.4c0d4c450c7d07a285428a3fdaa7cb8f.jpg,v4,0,1,24,0
img_004058.jpg,ROBOFLOW_13-06-2023_15-27-15_REC_png_jpg.rf.4c0d4c450c7d07a285428a3fdaa7cb8f.jpg,v4,1,1,30,0
img_004059.jpg,ROBOFLOW_13-06-2023_15-27-15_REC_png_jpg.rf.4c0d4c450c7d07a285428a3fdaa7cb8f.jpg,v4,2,1,19,0
img_004060.jpg,ROBOFLOW_13-06-2023_15-28-22_REC_png_jpg.rf.5538d98248f10f0f64a6876aeb15c636.jpg,v4,0,0,25,0
img_004061.jpg,ROBOFLOW_13-06-2023_15-28-22_REC_png_jpg.rf.5538d98248f10f0f64a6876aeb15c636.jpg,v4,1,0,28,0
img_004062.jpg,ROBOFLOW_13-06-2023_15-28-22_REC_png_jpg.rf.5538d98248f10f0f64a6876aeb15c636.jpg,v4,2,0,30,0
img_004063.jpg,ROBOFLOW_26451509_jpg.rf.ff548b258139ad471d2778bb11b5a988.jpg,v4,0,0,30,138
img_004064.jpg,ROBOFLOW_26451509_jpg.rf.ff548b258139ad471d2778bb11b5a988.jpg,v4,1,0,27,138
img_004065.jpg,ROBOFLOW_26451509_jpg.rf.ff548b258139ad471d2778bb11b5a988.jpg,v4,2,0,30,138
img_004066.jpg,ROBOFLOW_26451513_jpg.rf.8249d0a36f9d0922486ef75dbd6da3af.jpg,v4,0,0,30,48
img_004067.jpg,ROBOFLOW_26451513_jpg.rf.8249d0a36f9d0922486ef75dbd6da3af.jpg,v4,1,0,25,48
img_004068.jpg,ROBOFLOW_26451513_jpg.rf.8249d0a36f9d0922486ef75dbd6da3af.jpg,v4,2,0,30,48
img_004069.jpg,ROBOFLOW_26454805_jpg.rf.cb161fdcb750ace4eb162c16e82a8025.jpg,v4,0,0,30,0
img_004070.jpg,ROBOFLOW_26454805_jpg.rf.cb161fdcb750ace4eb162c16e82a8025.jpg,v4,1,0,30,0
img_004071.jpg,ROBOFLOW_26454805_jpg.rf.cb161fdcb750ace4eb162c16e82a8025.jpg,v4,2,0,30,0
img_004072.jpg,ROBOFLOW_26455230_jpg.rf.10d82fa85aa69a25c79f1dfd0584f10a.jpg,v4,0,0,30,0
img_004073.jpg,ROBOFLOW_26455230_jpg.rf.10d82fa85aa69a25c79f1dfd0584f10a.jpg,v4,1,0,30,0
img_004074.jpg,ROBOFLOW_26455230_jpg.rf.10d82fa85aa69a25c79f1dfd0584f10a.jpg,v4,2,0,30,0
img_004075.jpg,ROBOFLOW_26455618_jpg.rf.890ed309af8b5bd1e7885de860498605.jpg,v4,0,1,30,0
img_004076.jpg,ROBOFLOW_26455618_jpg.rf.890ed309af8b5bd1e7885de860498605.jpg,v4,1,1,24,0
img_004077.jpg,ROBOFLOW_26455618_jpg.rf.890ed309af8b5bd1e7885de860498605.jpg,v4,2,1,30,0
img_004078.jpg,ROBOFLOW_26457961_jpg.rf.6a6eef94186294862052bda752e8bede.jpg,v4,0,0,30,106
img_004079.jpg,ROBOFLOW_26457961_jpg.rf.6a6eef94186294862052bda752e8bede.jpg,v4,1,0,30,106
img_004080.jpg,ROBOFLOW_26457961_jpg.rf.6a6eef94186294862052bda752e8bede.jpg,v4,2,0,20,106
img_004081.jpg,ROBOFLOW_26458000_jpg.rf.97a98a0861869a5f5f804204a201b314.jpg,v4,0,0,30,102
img_004082.jpg,ROBOFLOW_26458000_jpg.rf.97a98a0861869a5f5f804204a201b314.jpg,v4,1,0,30,102
img_004083.jpg,ROBOFLOW_26458000_jpg.rf.97a98a0861869a5f5f804204a201b314.jpg,v4,2,0,30,102
img_004084.jpg,ROBOFLOW_26459097_jpg.rf.80be962c178e2ebb199957e1475af737.jpg,v4,0,0,30,171
img_004085.jpg,ROBOFLOW_26459097_jpg.rf.80be962c178e2ebb199957e1475af737.jpg,v4,1,0,30,171
img_004086.jpg,ROBOFLOW_26459097_jpg.rf.80be962c178e2ebb199957e1475af737.jpg,v4,2,0,30,171
img_004087.jpg,ROBOFLOW_26460731_jpg.rf.20f92e585926de3cd7c930ef1a9e6e8b.jpg,v4,0,0,30,0
img_004088.jpg,ROBOFLOW_26460731_jpg.rf.20f92e585926de3cd7c930ef1a9e6e8b.jpg,v4,1,0,30,0
img_004089.jpg,ROBOFLOW_26460731_jpg.rf.20f92e585926de3cd7c930ef1a9e6e8b.jpg,v4,2,0,23,0
img_004090.jpg,ROBOFLOW_26461774_jpg.rf.27e56fe517b12b10431949aacebaae1e.jpg,v4,0,0,30,0
img_004091.jpg,ROBOFLOW_26461774_jpg.rf.27e56fe517b12b10431949aacebaae1e.jpg,v4,1,0,30,0
img_004092.jpg,ROBOFLOW_26461774_jpg.rf.27e56fe517b12b10431949aacebaae1e.jpg,v4,2,0,30,0
img_004093.jpg,ROBOFLOW_26471387_jpg.rf.a14b13bea5f1235960d27f3b624fc233.jpg,v4,0,0,30,146
img_004094.jpg,ROBOFLOW_26471387_jpg.rf.a14b13bea5f1235960d27f3b624fc233.jpg,v4,1,0,30,146
img_004095.jpg,ROBOFLOW_26471387_jpg.rf.a14b13bea5f1235960d27f3b624fc233.jpg,v4,2,0,30,146
img_004096.jpg,ROBOFLOW_26472481_jpg.rf.eb365f5016fe6b5d28a04765b6ac8baf.jpg,v4,0,0,30,141
img_004097.jpg,ROBOFLOW_26472481_jpg.rf.eb365f5016fe6b5d28a04765b6ac8baf.jpg,v4,1,0,30,141
img_004098.jpg,ROBOFLOW_26472481_jpg.rf.eb365f5016fe6b5d28a04765b6ac8baf.jpg,v4,2,0,30,141
img_004099.jpg,ROBOFLOW_26476455_jpg.rf.66ce5038e28fd0c5ff1545a2e56b38b2.jpg,v4,0,0,30,211
img_004100.jpg,ROBOFLOW_26476455_jpg.rf.66ce5038e28fd0c5ff1545a2e56b38b2.jpg,v4,1,0,30,211
img_004101.jpg,ROBOFLOW_26476455_jpg.rf.66ce5038e28fd0c5ff1545a2e56b38b2.jpg,v4,2,0,30,211
img_004102.jpg,ROBOFLOW_26476461_jpg.rf.319ce6ba03378f49bd6c174f2d6b2852.jpg,v4,0,0,30,110
img_004103.jpg,ROBOFLOW_26476461_jpg.rf.319ce6ba03378f49bd6c174f2d6b2852.jpg,v4,1,0,30,110
img_004104.jpg,ROBOFLOW_26476461_jpg.rf.319ce6ba03378f49bd6c174f2d6b2852.jpg,v4,2,0,30,110
img_004105.jpg,ROBOFLOW_26476463_jpg.rf.6b072b30b12e47256d71e6db82f90456.jpg,v4,0,0,30,176
img_004106.jpg,ROBOFLOW_26476463_jpg.rf.6b072b30b12e47256d71e6db82f90456.jpg,v4,1,0,30,176
img_004107.jpg,ROBOFLOW_26476463_jpg.rf.6b072b30b12e47256d71e6db82f90456.jpg,v4,2,0,30,176
img_004108.jpg,ROBOFLOW_26476464_jpg.rf.5462814de6891be965e663ca888e1dd0.jpg,v4,0,0,30,232
img_004109.jpg,ROBOFLOW_26476464_jpg.rf.5462814de6891be965e663ca888e1dd0.jpg,v4,1,0,30,232
img_004110.jpg,ROBOFLOW_26476464_jpg.rf.5462814de6891be965e663ca888e1dd0.jpg,v4,2,0,30,232
img_004111.jpg,ROBOFLOW_26476472_jpg.rf.fad4799c0a0fb65ef644511193531187.jpg,v4,0,0,30,165
img_004112.jpg,ROBOFLOW_26476472_jpg.rf.fad4799c0a0fb65ef644511193531187.jpg,v4,1,0,30,165
img_004113.jpg,ROBOFLOW_26476472_jpg.rf.fad4799c0a0fb65ef644511193531187.jpg,v4,2,0,30,165
img_004114.jpg,ROBOFLOW_26489994_jpg.rf.58b0f3c7adc86ecbd8d25e40389bedd6.jpg,v4,0,0,30,231
img_004115.jpg,ROBOFLOW_26489994_jpg.rf.58b0f3c7adc86ecbd8d25e40389bedd6.jpg,v4,1,0,30,231
img_004116.jpg,ROBOFLOW_26489994_jpg.rf.58b0f3c7adc86ecbd8d25e40389bedd6.jpg,v4,2,0,30,231
img_004117.jpg,ROBOFLOW_26489998_jpg.rf.87de58c47eab1325a8fa55b99a951ad8.jpg,v4,0,0,30,145
img_004118.jpg,ROBOFLOW_26489998_jpg.rf.87de58c47eab1325a8fa55b99a951ad8.jpg,v4,1,0,22,145
img_004119.jpg,ROBOFLOW_26489998_jpg.rf.87de58c47eab1325a8fa55b99a951ad8.jpg,v4,2,0,24,145
img_004120.jpg,ROBOFLOW_26490003_jpg.rf.0217a4ceae6768226573cd8e3897316f.jpg,v4,0,0,30,168
img_004121.jpg,ROBOFLOW_26490003_jpg.rf.0217a4ceae6768226573cd8e3897316f.jpg,v4,1,0,30,168
img_004122.jpg,ROBOFLOW_26490003_jpg.rf.0217a4ceae6768226573cd8e3897316f.jpg,v4,2,0,30,168
img_004123.jpg,ROBOFLOW_26490008_jpg.rf.d6860ed33dbca4910f82a7c9f92bd484.jpg,v4,0,1,30,95
img_004124.jpg,ROBOFLOW_26490008_jpg.rf.d6860ed33dbca4910f82a7c9f92bd484.jpg,v4,1,1,30,95
img_004125.jpg,ROBOFLOW_26490008_jpg.rf.d6860ed33dbca4910f82a7c9f92bd484.jpg,v4,2,1,30,95
img_004126.jpg,ROBOFLOW_26490012_jpg.rf.29c7d1f5cc6e2031c7c3323c936e1514.jpg,v4,0,0,30,266
img_004127.jpg,ROBOFLOW_26490012_jpg.rf.29c7d1f5cc6e2031c7c3323c936e1514.jpg,v4,1,0,30,266
img_004128.jpg,ROBOFLOW_26490012_jpg.rf.29c7d1f5cc6e2031c7c3323c936e1514.jpg,v4,2,0,30,266
img_004129.jpg,ROBOFLOW_26490141_jpg.rf.3952315981bf25a3ee278302abf6215c.jpg,v4,0,10,30,54
img_004130.jpg,ROBOFLOW_26490141_jpg.rf.3952315981bf25a3ee278302abf6215c.jpg,v4,1,10,30,54
img_004131.jpg,ROBOFLOW_26490141_jpg.rf.3952315981bf25a3ee278302abf6215c.jpg,v4,2,10,30,54
img_004132.jpg,ROBOFLOW_26490197_jpg.rf.9c15a33b7a7669cc0c7cd6630d86d89e.jpg,v4,0,1,30,159
img_004133.jpg,ROBOFLOW_26490197_jpg.rf.9c15a33b7a7669cc0c7cd6630d86d89e.jpg,v4,1,1,23,159
img_004134.jpg,ROBOFLOW_26490197_jpg.rf.9c15a33b7a7669cc0c7cd6630d86d89e.jpg,v4,2,1,30,159
img_004135.jpg,ROBOFLOW_26490427_jpg.rf.e51c50fa1bce895172e6229b0cad656f.jpg,v4,0,2,30,123
img_004136.jpg,ROBOFLOW_26490427_jpg.rf.e51c50fa1bce895172e6229b0cad656f.jpg,v4,1,2,30,123
img_004137.jpg,ROBOFLOW_26490427_jpg.rf.e51c50fa1bce895172e6229b0cad656f.jpg,v4,2,2,30,123
img_004138.jpg,ROBOFLOW_26492221_jpg.rf.e593a8f49a15e7e061472969905ea1bf.jpg,v4,0,0,30,139
img_004139.jpg,ROBOFLOW_26492221_jpg.rf.e593a8f49a15e7e061472969905ea1bf.jpg,v4,1,0,30,139
img_004140.jpg,ROBOFLOW_26492221_jpg.rf.e593a8f49a15e7e061472969905ea1bf.jpg,v4,2,0,30,139
img_004141.jpg,ROBOFLOW_26493955_jpg.rf.b4621f992e0ea963e47fdd8b08d54cc6.jpg,v4,0,0,25,187
img_004142.jpg,ROBOFLOW_26493955_jpg.rf.b4621f992e0ea963e47fdd8b08d54cc6.jpg,v4,1,0,30,187
img_004143.jpg,ROBOFLOW_26493955_jpg.rf.b4621f992e0ea963e47fdd8b08d54cc6.jpg,v4,2,0,30,187
img_004144.jpg,ROBOFLOW_26499290_jpg.rf.439893689fc1f39f382eaf6d94205005.jpg,v4,0,1,30,200
img_004145.jpg,ROBOFLOW_26499290_jpg.rf.439893689fc1f39f382eaf6d94205005.jpg,v4,1,1,30,200
img_004146.jpg,ROBOFLOW_26499290_jpg.rf.439893689fc1f39f382eaf6d94205005.jpg,v4,2,1,30,200
img_004147.jpg,ROBOFLOW_26499294_jpg.rf.92c96847ab995b6498cae8e99a213c59.jpg,v4,0,1,30,178
img_004148.jpg,ROBOFLOW_26499294_jpg.rf.92c96847ab995b6498cae8e99a213c59.jpg,v4,1,1,30,178
img_004149.jpg,ROBOFLOW_26499294_jpg.rf.92c96847ab995b6498cae8e99a213c59.jpg,v4,2,1,19,178
img_004150.jpg,ROBOFLOW_26499299_jpg.rf.4654de7995edeeede8c72b88be264cf6.jpg,v4,0,0,30,209
img_004151.jpg,ROBOFLOW_26499299_jpg.rf.4654de7995edeeede8c72b88be264cf6.jpg,v4,1,0,30,209
img_004152.jpg,ROBOFLOW_26499299_jpg.rf.4654de7995edeeede8c72b88be264cf6.jpg,v4,2,0,30,209
img_004153.jpg,ROBOFLOW_26499301_jpg.rf.25e6768b617c1246395747b5773c6694.jpg,v4,0,0,30,221
img_004154.jpg,ROBOFLOW_26499301_jpg.rf.25e6768b617c1246395747b5773c6694.jpg,v4,1,0,30,221
img_004155.jpg,ROBOFLOW_26499301_jpg.rf.25e6768b617c1246395747b5773c6694.jpg,v4,2,0,30,221
img_004156.jpg,ROBOFLOW_26499307_jpg.rf.67ff977fcf140fec584a6c564fa4a2c8.jpg,v4,0,0,30,148
img_004157.jpg,ROBOFLOW_26499307_jpg.rf.67ff977fcf140fec584a6c564fa4a2c8.jpg,v4,1,0,30,148
img_004158.jpg,ROBOFLOW_26499307_jpg.rf.67ff977fcf140fec584a6c564fa4a2c8.jpg,v4,2,0,26,148
img_004159.jpg,ROBOFLOW_26499319_jpg.rf.b428a5b4a8432a7ab36bcaef314a46a1.jpg,v4,0,0,30,168
img_004160.jpg,ROBOFLOW_26499319_jpg.rf.b428a5b4a8432a7ab36bcaef314a46a1.jpg,v4,1,0,20,168
img_004161.jpg,ROBOFLOW_26499319_jpg.rf.b428a5b4a8432a7ab36bcaef314a46a1.jpg,v4,2,0,30,168
img_004162.jpg,ROBOFLOW_26499325_jpg.rf.ec9f4fcd05c57b68784b166a337d3740.jpg,v4,0,0,23,186
img_004163.jpg,ROBOFLOW_26499325_jpg.rf.ec9f4fcd05c57b68784b166a337d3740.jpg,v4,1,0,21,186
img_004164.jpg,ROBOFLOW_26499325_jpg.rf.ec9f4fcd05c57b68784b166a337d3740.jpg,v4,2,0,30,186
img_004165.jpg,ROBOFLOW_26499326_jpg.rf.020a5f2c71655d880ff655baf763bcc6.jpg,v4,0,0,30,159
img_004166.jpg,ROBOFLOW_26499326_jpg.rf.020a5f2c71655d880ff655baf763bcc6.jpg,v4,1,0,30,159
img_004167.jpg,ROBOFLOW_26499326_jpg.rf.020a5f2c71655d880ff655baf763bcc6.jpg,v4,2,0,19,159
img_004168.jpg,ROBOFLOW_26501757_jpg.rf.d38c358884e7fcb3a93e903f56416dbb.jpg,v4,0,0,21,122
img_004169.jpg,ROBOFLOW_26501757_jpg.rf.d38c358884e7fcb3a93e903f56416dbb.jpg,v4,1,0,30,122
img_004170.jpg,ROBOFLOW_26501757_jpg.rf.d38c358884e7fcb3a93e903f56416dbb.jpg,v4,2,0,30,122
img_004171.jpg,ROBOFLOW_26503072_jpg.rf.10f9b24e879c55bb2201d6b0a048cbed.jpg,v4,0,0,30,0
img_004172.jpg,ROBOFLOW_26503072_jpg.rf.10f9b24e879c55bb2201d6b0a048cbed.jpg,v4,1,0,30,0
img_004173.jpg,ROBOFLOW_26503072_jpg.rf.10f9b24e879c55bb2201d6b0a048cbed.jpg,v4,2,0,30,0
img_004174.jpg,ROBOFLOW_26503074_jpg.rf.305d299890ecdc121e85301324003dbf.jpg,v4,0,0,30,0
img_004175.jpg,ROBOFLOW_26503074_jpg.rf.305d299890ecdc121e85301324003dbf.jpg,v4,1,0,30,0
img_004176.jpg,ROBOFLOW_26503074_jpg.rf.305d299890ecdc121e85301324003dbf.jpg,v4,2,0,30,0
img_004177.jpg,ROBOFLOW_26503079_jpg.rf.f82878f60cbbe9f4f4812f5339406119.jpg,v4,0,0,30,0
img_004178.jpg,ROBOFLOW_26503079_jpg.rf.f82878f60cbbe9f4f4812f5339406119.jpg,v4,1,0,30,0
img_004179.jpg,ROBOFLOW_26503079_jpg.rf.f82878f60cbbe9f4f4812f5339406119.jpg,v4,2,0,30,0
img_004180.jpg,ROBOFLOW_26503080_jpg.rf.4c9d9ec33bac28b0087d15c2fd08f140.jpg,v4,0,0,30,0
img_004181.jpg,ROBOFLOW_26503080_jpg.rf.4c9d9ec33bac28b0087d15c2fd08f140.jpg,v4,1,0,30,0
img_004182.jpg,ROBOFLOW_26503080_jpg.rf.4c9d9ec33bac28b0087d15c2fd08f140.jpg,v4,2,0,25,0
img_004183.jpg,ROBOFLOW_26503081_jpg.rf.049897c155d16dc37e9638b8252db0e8.jpg,v4,0,0,20,0
img_004184.jpg,ROBOFLOW_26503081_jpg.rf.049897c155d16dc37e9638b8252db0e8.jpg,v4,1,0,30,0
img_004185.jpg,ROBOFLOW_26503081_jpg.rf.049897c155d16dc37e9638b8252db0e8.jpg,v4,2,0,30,0
img_004186.jpg,ROBOFLOW_26503084_jpg.rf.f71d412de2c3813bb4345b72e8a8d43d.jpg,v4,0,0,30,39
img_004187.jpg,ROBOFLOW_26503084_jpg.rf.f71d412de2c3813bb4345b72e8a8d43d.jpg,v4,1,0,30,39
img_004188.jpg,ROBOFLOW_26503084_jpg.rf.f71d412de2c3813bb4345b72e8a8d43d.jpg,v4,2,0,30,39
img_004189.jpg,ROBOFLOW_26503085_jpg.rf.3aed7febdd8691c255074ea1c51d446a.jpg,v4,0,0,30,0
img_004190.jpg,ROBOFLOW_26503085_jpg.rf.3aed7febdd8691c255074ea1c51d446a.jpg,v4,1,0,27,0
img_004191.jpg,ROBOFLOW_26503085_jpg.rf.3aed7febdd8691c255074ea1c51d446a.jpg,v4,2,0,30,0
img_004192.jpg,ROBOFLOW_26503086_jpg.rf.8b2e429d2b74cd9209f27efbbb590338.jpg,v4,0,0,23,0
img_004193.jpg,ROBOFLOW_26503086_jpg.rf.8b2e429d2b74cd9209f27efbbb590338.jpg,v4,1,0,30,0
img_004194.jpg,ROBOFLOW_26503086_jpg.rf.8b2e429d2b74cd9209f27efbbb590338.jpg,v4,2,0,30,0
img_004195.jpg,ROBOFLOW_26503367_jpg.rf.fb26bdd5e5f64a0c3871a0616ac3c549.jpg,v4,0,0,30,209
img_004196.jpg,ROBOFLOW_26503367_jpg.rf.fb26bdd5e5f64a0c3871a0616ac3c549.jpg,v4,1,0,30,209
img_004197.jpg,ROBOFLOW_26503367_jpg.rf.fb26bdd5e5f64a0c3871a0616ac3c549.jpg,v4,2,0,30,209
img_004198.jpg,ROBOFLOW_26504205_jpg.rf.f94f33f32f146ff82ac37c15248f4016.jpg,v4,0,0,30,0
img_004199.jpg,ROBOFLOW_26504205_jpg.rf.f94f33f32f146ff82ac37c15248f4016.jpg,v4,1,0,30,0
img_004200.jpg,ROBOFLOW_26504205_jpg.rf.f94f33f32f146ff82ac37c15248f4016.jpg,v4,2,0,30,0
img_004201.jpg,ROBOFLOW_26504206_jpg.rf.b6c7e89e6d4d10b2e049b565dd52bb9b.jpg,v4,0,1,30,0
img_004202.jpg,ROBOFLOW_26504206_jpg.rf.b6c7e89e6d4d10b2e049b565dd52bb9b.jpg,v4,1,1,30,0
img_004203.jpg,ROBOFLOW_26504206_jpg.rf.b6c7e89e6d4d10b2e049b565dd52bb9b.jpg,v4,2,1,30,0
img_004204.jpg,ROBOFLOW_26504208_jpg.rf.06cd99cd5a47e71b8662a8d0fec2ba1f.jpg,v4,0,0,30,0
img_004205.jpg,ROBOFLOW_26504208_jpg.rf.06cd99cd5a47e71b8662a8d0fec2ba1f.jpg,v4,1,0,30,0
img_004206.jpg,ROBOFLOW_26504208_jpg.rf.06cd99cd5a47e71b8662a8d0fec2ba1f.jpg,v4,2,0,30,0
img_004207.jpg,ROBOFLOW_26504211_jpg.rf.7d203c852e2cfe1b00f15a91978511c3.jpg,v4,0,0,30,0
img_004208.jpg,ROBOFLOW_26504211_jpg.rf.7d203c852e2cfe1b00f15a91978511c3.jpg,v4,1,0,30,0
img_004209.jpg,ROBOFLOW_26504211_jpg.rf.7d203c852e2cfe1b00f15a91978511c3.jpg,v4,2,0,30,0
img_004210.jpg,ROBOFLOW_26504218_jpg.rf.987968b8616ae83aeb7737801040e425.jpg,v4,0,0,30,277
img_004211.jpg,ROBOFLOW_26504218_jpg.rf.987968b8616ae83aeb7737801040e425.jpg,v4,1,0,30,277
img_004212.jpg,ROBOFLOW_26504218_jpg.rf.987968b8616ae83aeb7737801040e425.jpg,v4,2,0,30,277
img_004213.jpg,ROBOFLOW_26504224_jpg.rf.12c91c5036552d8aeb6d5f4e2538fe24.jpg,v4,0,0,24,0
img_004214.jpg,ROBOFLOW_26504224_jpg.rf.12c91c5036552d8aeb6d5f4e2538fe24.jpg,v4,1,0,30,0
img_004215.jpg,ROBOFLOW_26504224_jpg.rf.12c91c5036552d8aeb6d5f4e2538fe24.jpg,v4,2,0,30,0
img_004216.jpg,ROBOFLOW_26504225_jpg.rf.4a9c1e106fb030b0c50d29ee667810a6.jpg,v4,0,0,30,141
img_004217.jpg,ROBOFLOW_26504225_jpg.rf.4a9c1e106fb030b0c50d29ee667810a6.jpg,v4,1,0,30,141
img_004218.jpg,ROBOFLOW_26504225_jpg.rf.4a9c1e106fb030b0c50d29ee667810a6.jpg,v4,2,0,22,141
img_004219.jpg,ROBOFLOW_26504226_jpg.rf.0fc302a40b0b7f60d23ffc54556741df.jpg,v4,0,0,26,164
img_004220.jpg,ROBOFLOW_26504226_jpg.rf.0fc302a40b0b7f60d23ffc54556741df.jpg,v4,1,0,30,164
img_004221.jpg,ROBOFLOW_26504226_jpg.rf.0fc302a40b0b7f60d23ffc54556741df.jpg,v4,2,0,17,164
img_004222.jpg,ROBOFLOW_26504231_jpg.rf.c7cf5d0b1c0de02c925e4d9eb4420ceb.jpg,v4,0,0,30,0
img_004223.jpg,ROBOFLOW_26504231_jpg.rf.c7cf5d0b1c0de02c925e4d9eb4420ceb.jpg,v4,1,0,22,0
img_004224.jpg,ROBOFLOW_26504231_jpg.rf.c7cf5d0b1c0de02c925e4d9eb4420ceb.jpg,v4,2,0,30,0
img_004225.jpg,ROBOFLOW_26504232_jpg.rf.d8142ba32bd26e21273e6e5ea02b7d38.jpg,v4,0,0,30,0
img_004226.jpg,ROBOFLOW_26504232_jpg.rf.d8142ba32bd26e21273e6e5ea02b7d38.jpg,v4,1,0,30,0
img_004227.jpg,ROBOFLOW_26504232_jpg.rf.d8142ba32bd26e21273e6e5ea02b7d38.jpg,v4,2,0,30,0
img_004228.jpg,ROBOFLOW_26504233_jpg.rf.beec3eb9fd0fcd375f1ebf28c8a42c56.jpg,v4,0,1,30,0
img_004229.jpg,ROBOFLOW_26504233_jpg.rf.beec3eb9fd0fcd375f1ebf28c8a42c56.jpg,v4,1,1,22,0
img_004230.jpg,ROBOFLOW_26504233_jpg.rf.beec3eb9fd0fcd375f1ebf28c8a42c56.jpg,v4,2,1,30,0
img_004231.jpg,ROBOFLOW_26504236_jpg.rf.cf303a34d951e0d46c05128b229491a8.jpg,v4,0,0,30,0
img_004232.jpg,ROBOFLOW_26504236_jpg.rf.cf303a34d951e0d46c05128b229491a8.jpg,v4,1,0,30,0
img_004233.jpg,ROBOFLOW_26504236_jpg.rf.cf303a34d951e0d46c05128b229491a8.jpg,v4,2,0,30,0
img_004234.jpg,ROBOFLOW_26504237_jpg.rf.18d6feeef2eda66b9f26f72f46bc4975.jpg,v4,0,0,30,0
img_004235.jpg,ROBOFLOW_26504237_jpg.rf.18d6feeef2eda66b9f26f72f46bc4975.jpg,v4,1,0,30,0
img_004236.jpg,ROBOFLOW_26504237_jpg.rf.18d6feeef2eda66b9f26f72f46bc4975.jpg,v4,2,0,21,0
img_004237.jpg,ROBOFLOW_26504240_jpg.rf.c7f249b0eb0e6740af31d3934f435e09.jpg,v4,0,0,27,36
img_004238.jpg,ROBOFLOW_26504240_jpg.rf.c7f249b0eb0e6740af31d3934f435e09.jpg,v4,1,0,30,36
img_004239.jpg,ROBOFLOW_26504240_jpg.rf.c7f249b0eb0e6740af31d3934f435e09.jpg,v4,2,0,30,36
img_004240.jpg,ROBOFLOW_26504251_jpg.rf.f4f373e0cbc74ee5d10d569967c056e3.jpg,v4,0,0,30,0
img_004241.jpg,ROBOFLOW_26504251_jpg.rf.f4f373e0cbc74ee5d10d569967c056e3.jpg,v4,1,0,30,0
img_004242.jpg,ROBOFLOW_26504251_jpg.rf.f4f373e0cbc74ee5d10d569967c056e3.jpg,v4,2,0,30,0
img_004243.jpg,ROBOFLOW_26514441_jpg.rf.e4f958d94bd01216675c38a6e4207dd2.jpg,v4,0,0,22,0
img_004244.jpg,ROBOFLOW_26514441_jpg.rf.e4f958d94bd01216675c38a6e4207dd2.jpg,v4,1,0,30,0
img_004245.jpg,ROBOFLOW_26514441_jpg.rf.e4f958d94bd01216675c38a6e4207dd2.jpg,v4,2,0,30,0
img_004246.jpg,ROBOFLOW_26514497_jpg.rf.aacb8e9baa32a8e2fe857745905ee982.jpg,v4,0,0,30,0
img_004247.jpg,ROBOFLOW_26514497_jpg.rf.aacb8e9baa32a8e2fe857745905ee982.jpg,v4,1,0,30,0
img_004248.jpg,ROBOFLOW_26514497_jpg.rf.aacb8e9baa32a8e2fe857745905ee982.jpg,v4,2,0,21,0
img_004249.jpg,ROBOFLOW_26514499_jpg.rf.ff6e0b48f2f50427aa5b75a0beae4e12.jpg,v4,0,0,30,193
img_004250.jpg,ROBOFLOW_26514499_jpg.rf.ff6e0b48f2f50427aa5b75a0beae4e12.jpg,v4,1,0,26,193
img_004251.jpg,ROBOFLOW_26514499_jpg.rf.ff6e0b48f2f50427aa5b75a0beae4e12.jpg,v4,2,0,23,193
img_004252.jpg,ROBOFLOW_26514500_jpg.rf.3b2540cd28dc4ebdb806a906fc813d09.jpg,v4,0,0,23,0
img_004253.jpg,ROBOFLOW_26514500_jpg.rf.3b2540cd28dc4ebdb806a906fc813d09.jpg,v4,1,0,22,0
img_004254.jpg,ROBOFLOW_26514500_jpg.rf.3b2540cd28dc4ebdb806a906fc813d09.jpg,v4,2,0,27,0
img_004255.jpg,ROBOFLOW_26514597_jpg.rf.bef9f6b13e1c639dcdf87368315ec107.jpg,v4,0,1,30,62
img_004256.jpg,ROBOFLOW_26514597_jpg.rf.bef9f6b13e1c639dcdf87368315ec107.jpg,v4,1,1,30,62
img_004257.jpg,ROBOFLOW_26514597_jpg.rf.bef9f6b13e1c639dcdf87368315ec107.jpg,v4,2,1,30,62
img_004258.jpg,ROBOFLOW_26514601_jpg.rf.c710bb960c8df7c3071d997bc8a67a3a.jpg,v4,0,0,25,0
img_004259.jpg,ROBOFLOW_26514601_jpg.rf.c710bb960c8df7c3071d997bc8a67a3a.jpg,v4,1,0,30,0
img_004260.jpg,ROBOFLOW_26514601_jpg.rf.c710bb960c8df7c3071d997bc8a67a3a.jpg,v4,2,0,24,0
img_004261.jpg,ROBOFLOW_26514604_jpg.rf.8c6de344537f06fd120745364204aaa2.jpg,v4,0,0,22,271
img_004262.jpg,ROBOFLOW_26514604_jpg.rf.8c6de344537f06fd120745364204aaa2.jpg,v4,1,0,30,271
img_004263.jpg,ROBOFLOW_26514604_jpg.rf.8c6de344537f06fd120745364204aaa2.jpg,v4,2,0,30,271
img_004264.jpg,ROBOFLOW_26520187_jpg.rf.648774e65826245aa47f38c59342b5cc.jpg,v4,0,0,30,132
img_004265.jpg,ROBOFLOW_26520187_jpg.rf.648774e65826245aa47f38c59342b5cc.jpg,v4,1,0,23,132
img_004266.jpg,ROBOFLOW_26520187_jpg.rf.648774e65826245aa47f38c59342b5cc.jpg,v4,2,0,30,132
img_004267.jpg,ROBOFLOW_26520191_jpg.rf.4c79381112d8c49d08168de02609244b.jpg,v4,0,0,30,103
img_004268.jpg,ROBOFLOW_26520191_jpg.rf.4c79381112d8c49d08168de02609244b.jpg,v4,1,0,30,103
img_004269.jpg,ROBOFLOW_26520191_jpg.rf.4c79381112d8c49d08168de02609244b.jpg,v4,2,0,30,103
img_004270.jpg,ROBOFLOW_26520310_jpg.rf.c3bb13522abf09253bd35ce8e66dd4b2.jpg,v4,0,2,30,103
img_004271.jpg,ROBOFLOW_26520310_jpg.rf.c3bb13522abf09253bd35ce8e66dd4b2.jpg,v4,1,2,30,103
img_004272.jpg,ROBOFLOW_26520310_jpg.rf.c3bb13522abf09253bd35ce8e66dd4b2.jpg,v4,2,2,30,103
img_004273.jpg,ROBOFLOW_26536560_jpg.rf.77881c2f1d225aab92e1bd6a2b32ac33.jpg,v4,0,0,30,343
img_004274.jpg,ROBOFLOW_26536560_jpg.rf.77881c2f1d225aab92e1bd6a2b32ac33.jpg,v4,1,0,30,343
img_004275.jpg,ROBOFLOW_26536560_jpg.rf.77881c2f1d225aab92e1bd6a2b32ac33.jpg,v4,2,0,30,343
img_004276.jpg,ROBOFLOW_26536564_jpg.rf.486c0d36b2d6f42ad89dda0dd6805a82.jpg,v4,0,0,30,152
img_004277.jpg,ROBOFLOW_26536564_jpg.rf.486c0d36b2d6f42ad89dda0dd6805a82.jpg,v4,1,0,30,152
img_004278.jpg,ROBOFLOW_26536564_jpg.rf.486c0d36b2d6f42ad89dda0dd6805a82.jpg,v4,2,0,20,152
img_004279.jpg,ROBOFLOW_26536565_jpg.rf.a4f24098345043d3347d5bc0d4730521.jpg,v4,0,0,30,158
img_004280.jpg,ROBOFLOW_26536565_jpg.rf.a4f24098345043d3347d5bc0d4730521.jpg,v4,1,0,23,158
img_004281.jpg,ROBOFLOW_26536565_jpg.rf.a4f24098345043d3347d5bc0d4730521.jpg,v4,2,0,30,158
img_004282.jpg,ROBOFLOW_26536566_jpg.rf.5bdfd48d982494d227c19930d9eb9460.jpg,v4,0,0,30,67
img_004283.jpg,ROBOFLOW_26536566_jpg.rf.5bdfd48d982494d227c19930d9eb9460.jpg,v4,1,0,30,67
img_004284.jpg,ROBOFLOW_26536566_jpg.rf.5bdfd48d982494d227c19930d9eb9460.jpg,v4,2,0,30,67
img_004285.jpg,ROBOFLOW_26536567_jpg.rf.02114ec161e885ae62f270d1d49e98ab.jpg,v4,0,0,30,0
img_004286.jpg,ROBOFLOW_26536567_jpg.rf.02114ec161e885ae62f270d1d49e98ab.jpg,v4,1,0,30,0
img_004287.jpg,ROBOFLOW_26536567_jpg.rf.02114ec161e885ae62f270d1d49e98ab.jpg,v4,2,0,30,0
img_004288.jpg,ROBOFLOW_26536575_jpg.rf.bf59c32144f27fe0256f312c4b98d25a.jpg,v4,0,0,23,130
img_004289.jpg,ROBOFLOW_26536575_jpg.rf.bf59c32144f27fe0256f312c4b98d25a.jpg,v4,1,0,30,130
img_004290.jpg,ROBOFLOW_26536575_jpg.rf.bf59c32144f27fe0256f312c4b98d25a.jpg,v4,2,0,30,130
img_004291.jpg,ROBOFLOW_26536580_jpg.rf.ea1a5e826cebd5f5b907446197679349.jpg,v4,0,0,30,101
img_004292.jpg,ROBOFLOW_26536580_jpg.rf.ea1a5e826cebd5f5b907446197679349.jpg,v4,1,0,30,101
img_004293.jpg,ROBOFLOW_26536580_jpg.rf.ea1a5e826cebd5f5b907446197679349.jpg,v4,2,0,21,101
img_004294.jpg,ROBOFLOW_26536587_jpg.rf.962a49e1f41c34651d2d2a78103bec24.jpg,v4,0,0,0,504
img_004295.jpg,ROBOFLOW_26536587_jpg.rf.962a49e1f41c34651d2d2a78103bec24.jpg,v4,1,0,0,504
img_004296.jpg,ROBOFLOW_26536587_jpg.rf.962a49e1f41c34651d2d2a78103bec24.jpg,v4,2,0,0,504
img_004297.jpg,ROBOFLOW_26538956_jpg.rf.6e0b4a5f2f84d0a7c4806f8a6ecc3fed.jpg,v4,0,0,30,110
img_004298.jpg,ROBOFLOW_26538956_jpg.rf.6e0b4a5f2f84d0a7c4806f8a6ecc3fed.jpg,v4,1,0,30,110
img_004299.jpg,ROBOFLOW_26538956_jpg.rf.6e0b4a5f2f84d0a7c4806f8a6ecc3fed.jpg,v4,2,0,30,110
img_004300.jpg,ROBOFLOW_26539265_jpg.rf.0e028888f6b6e5d863db528d3ef959de.jpg,v4,0,0,24,134
img_004301.jpg,ROBOFLOW_26539265_jpg.rf.0e028888f6b6e5d863db528d3ef959de.jpg,v4,1,0,30,134
img_004302.jpg,ROBOFLOW_26539265_jpg.rf.0e028888f6b6e5d863db528d3ef959de.jpg,v4,2,0,20,134
img_004303.jpg,ROBOFLOW_26539336_jpg.rf.b6c0e0248a3651db6a9cdfd921230f65.jpg,v4,0,0,16,215
img_004304.jpg,ROBOFLOW_26539336_jpg.rf.b6c0e0248a3651db6a9cdfd921230f65.jpg,v4,1,0,30,215
img_004305.jpg,ROBOFLOW_26539336_jpg.rf.b6c0e0248a3651db6a9cdfd921230f65.jpg,v4,2,0,18,215
img_004306.jpg,ROBOFLOW_26544497_jpg.rf.7aa8f40a180db769c61b47db64c08731.jpg,v4,0,0,30,94
img_004307.jpg,ROBOFLOW_26544497_jpg.rf.7aa8f40a180db769c61b47db64c08731.jpg,v4,1,0,30,94
img_004308.jpg,ROBOFLOW_26544497_jpg.rf.7aa8f40a180db769c61b47db64c08731.jpg,v4,2,0,30,94
img_004309.jpg,ROBOFLOW_26544501_jpg.rf.582558b93139e79416336a58e0fcca22.jpg,v4,0,0,30,0
img_004310.jpg,ROBOFLOW_26544501_jpg.rf.582558b93139e79416336a58e0fcca22.jpg,v4,1,0,30,0
img_004311.jpg,ROBOFLOW_26544501_jpg.rf.582558b93139e79416336a58e0fcca22.jpg,v4,2,0,30,0
img_004312.jpg,ROBOFLOW_26544504_jpg.rf.95b050c635ccae9cf100fd1849da2e7c.jpg,v4,0,0,30,0
img_004313.jpg,ROBOFLOW_26544504_jpg.rf.95b050c635ccae9cf100fd1849da2e7c.jpg,v4,1,0,30,0
img_004314.jpg,ROBOFLOW_26544504_jpg.rf.95b050c635ccae9cf100fd1849da2e7c.jpg,v4,2,0,30,0
img_004315.jpg,ROBOFLOW_26546060_jpg.rf.430f690d41a7454b12abf8973b9d1f4d.jpg,v4,0,0,30,0
img_004316.jpg,ROBOFLOW_26546060_jpg.rf.430f690d41a7454b12abf8973b9d1f4d.jpg,v4,1,0,30,0
img_004317.jpg,ROBOFLOW_26546060_jpg.rf.430f690d41a7454b12abf8973b9d1f4d.jpg,v4,2,0,30,0
img_004318.jpg,ROBOFLOW_26548293_jpg.rf.6554afc3c9971310616a68ed083f9049.jpg,v4,0,0,30,0
img_004319.jpg,ROBOFLOW_26548293_jpg.rf.6554afc3c9971310616a68ed083f9049.jpg,v4,1,0,30,0
img_004320.jpg,ROBOFLOW_26548293_jpg.rf.6554afc3c9971310616a68ed083f9049.jpg,v4,2,0,22,0
img_004321.jpg,ROBOFLOW_26548314_jpg.rf.f7689c51f1f4206026e70d3a3ba3e038.jpg,v4,0,0,30,0
img_004322.jpg,ROBOFLOW_26548314_jpg.rf.f7689c51f1f4206026e70d3a3ba3e038.jpg,v4,1,0,30,0
img_004323.jpg,ROBOFLOW_26548314_jpg.rf.f7689c51f1f4206026e70d3a3ba3e038.jpg,v4,2,0,26,0
img_004324.jpg,ROBOFLOW_26551313_jpg.rf.f530183b51014a89db1613d4210a67b9.jpg,v4,0,0,23,99
img_004325.jpg,ROBOFLOW_26551313_jpg.rf.f530183b51014a89db1613d4210a67b9.jpg,v4,1,0,30,99
img_004326.jpg,ROBOFLOW_26551313_jpg.rf.f530183b51014a89db1613d4210a67b9.jpg,v4,2,0,30,99
img_004327.jpg,ROBOFLOW_26554674_jpg.rf.0142b3f7bb281688da28b2ab929040db.jpg,v4,0,0,30,69
img_004328.jpg,ROBOFLOW_26554674_jpg.rf.0142b3f7bb281688da28b2ab929040db.jpg,v4,1,0,21,69
img_004329.jpg,ROBOFLOW_26554674_jpg.rf.0142b3f7bb281688da28b2ab929040db.jpg,v4,2,0,30,69
img_004330.jpg,ROBOFLOW_26556178_jpg.rf.1bf16947f0a2a88846f81705a01741e7.jpg,v4,0,0,30,15
img_004331.jpg,ROBOFLOW_26556178_jpg.rf.1bf16947f0a2a88846f81705a01741e7.jpg,v4,1,0,20,15
img_004332.jpg,ROBOFLOW_26556178_jpg.rf.1bf16947f0a2a88846f81705a01741e7.jpg,v4,2,0,22,15
img_004333.jpg,ROBOFLOW_26556179_jpg.rf.a5a8ee6a8beac9023416ffe34c4ba69d.jpg,v4,0,0,26,92
img_004334.jpg,ROBOFLOW_26556179_jpg.rf.a5a8ee6a8beac9023416ffe34c4ba69d.jpg,v4,1,0,30,92
img_004335.jpg,ROBOFLOW_26556179_jpg.rf.a5a8ee6a8beac9023416ffe34c4ba69d.jpg,v4,2,0,30,92
img_004336.jpg,ROBOFLOW_26556180_jpg.rf.c65ce4c2e102bf2b2ba7ccca1be40084.jpg,v4,0,0,30,18
img_004337.jpg,ROBOFLOW_26556180_jpg.rf.c65ce4c2e102bf2b2ba7ccca1be40084.jpg,v4,1,0,26,18
img_004338.jpg,ROBOFLOW_26556180_jpg.rf.c65ce4c2e102bf2b2ba7ccca1be40084.jpg,v4,2,0,26,18
img_004339.jpg,ROBOFLOW_26556182_jpg.rf.8c209d5dc272f2de2626e91c1d342b8e.jpg,v4,0,0,26,0
img_004340.jpg,ROBOFLOW_26556182_jpg.rf.8c209d5dc272f2de2626e91c1d342b8e.jpg,v4,1,0,30,0
img_004341.jpg,ROBOFLOW_26556182_jpg.rf.8c209d5dc272f2de2626e91c1d342b8e.jpg,v4,2,0,30,0
img_004342.jpg,ROBOFLOW_26556190_jpg.rf.67e6c0051780eca4476150fd7ba7505d.jpg,v4,0,0,30,26
img_004343.jpg,ROBOFLOW_26556190_jpg.rf.67e6c0051780eca4476150fd7ba7505d.jpg,v4,1,0,30,26
img_004344.jpg,ROBOFLOW_26556190_jpg.rf.67e6c0051780eca4476150fd7ba7505d.jpg,v4,2,0,21,26
img_004345.jpg,ROBOFLOW_26570667_jpg.rf.1d18dd39208a747de749fd703ae8c252.jpg,v4,0,0,30,130
img_004346.jpg,ROBOFLOW_26570667_jpg.rf.1d18dd39208a747de749fd703ae8c252.jpg,v4,1,0,30,130
img_004347.jpg,ROBOFLOW_26570667_jpg.rf.1d18dd39208a747de749fd703ae8c252.jpg,v4,2,0,30,130
img_004348.jpg,ROBOFLOW_26570702_jpg.rf.5ca11b56a9bb4ddddbf1e81e2837ccc4.jpg,v4,0,0,19,207
img_004349.jpg,ROBOFLOW_26570702_jpg.rf.5ca11b56a9bb4ddddbf1e81e2837ccc4.jpg,v4,1,0,30,207
img_004350.jpg,ROBOFLOW_26570702_jpg.rf.5ca11b56a9bb4ddddbf1e81e2837ccc4.jpg,v4,2,0,20,207
img_004351.jpg,ROBOFLOW_26574431_jpg.rf.8c4d4631a04b5a2fcd53ea9342df7137.jpg,v4,0,0,30,150
img_004352.jpg,ROBOFLOW_26574431_jpg.rf.8c4d4631a04b5a2fcd53ea9342df7137.jpg,v4,1,0,30,150
img_004353.jpg,ROBOFLOW_26574431_jpg.rf.8c4d4631a04b5a2fcd53ea9342df7137.jpg,v4,2,0,30,150
img_004354.jpg,ROBOFLOW_26574502_jpg.rf.a6a9bb5faf3d9bc4545d9c59bb8d85a8.jpg,v4,0,2,18,127
img_004355.jpg,ROBOFLOW_26574502_jpg.rf.a6a9bb5faf3d9bc4545d9c59bb8d85a8.jpg,v4,1,2,30,127
img_004356.jpg,ROBOFLOW_26574502_jpg.rf.a6a9bb5faf3d9bc4545d9c59bb8d85a8.jpg,v4,2,2,24,127
img_004357.jpg,ROBOFLOW_26592959_jpg.rf.d38d70159cc5987505d2a1adbdf0b151.jpg,v4,0,0,24,123
img_004358.jpg,ROBOFLOW_26592959_jpg.rf.d38d70159cc5987505d2a1adbdf0b151.jpg,v4,1,0,30,123
img_004359.jpg,ROBOFLOW_26592959_jpg.rf.d38d70159cc5987505d2a1adbdf0b151.jpg,v4,2,0,20,123
img_004360.jpg,ROBOFLOW_26594016_jpg.rf.fa978b0d60182e75e89e7e2956d37fa7.jpg,v4,0,0,18,96
img_004361.jpg,ROBOFLOW_26594016_jpg.rf.fa978b0d60182e75e89e7e2956d37fa7.jpg,v4,1,0,30,96
img_004362.jpg,ROBOFLOW_26594016_jpg.rf.fa978b0d60182e75e89e7e2956d37fa7.jpg,v4,2,0,30,96
img_004363.jpg,ROBOFLOW_26817270_jpg.rf.d982a52ad58ade9815e3563de8d62776.jpg,v4,0,0,30,231
img_004364.jpg,ROBOFLOW_26817270_jpg.rf.d982a52ad58ade9815e3563de8d62776.jpg,v4,1,0,23,231
img_004365.jpg,ROBOFLOW_26817270_jpg.rf.d982a52ad58ade9815e3563de8d62776.jpg,v4,2,0,30,231
img_004366.jpg,ROBOFLOW_26818061_jpg.rf.b8fba0ab9b5835de96acf7774d01bd84.jpg,v4,0,0,30,0
img_004367.jpg,ROBOFLOW_26818061_jpg.rf.b8fba0ab9b5835de96acf7774d01bd84.jpg,v4,1,0,30,0
img_004368.jpg,ROBOFLOW_26818061_jpg.rf.b8fba0ab9b5835de96acf7774d01bd84.jpg,v4,2,0,30,0
img_004369.jpg,ROBOFLOW_26818062_jpg.rf.6313af1ddaa9f6f72f13bccf84fd3a62.jpg,v4,0,0,30,0
img_004370.jpg,ROBOFLOW_26818062_jpg.rf.6313af1ddaa9f6f72f13bccf84fd3a62.jpg,v4,1,0,21,0
img_004371.jpg,ROBOFLOW_26818062_jpg.rf.6313af1ddaa9f6f72f13bccf84fd3a62.jpg,v4,2,0,30,0
img_004372.jpg,ROBOFLOW_26818063_jpg.rf.72941410b193964f37fc570ac9ffa550.jpg,v4,0,0,30,0
img_004373.jpg,ROBOFLOW_26818063_jpg.rf.72941410b193964f37fc570ac9ffa550.jpg,v4,1,0,30,0
img_004374.jpg,ROBOFLOW_26818063_jpg.rf.72941410b193964f37fc570ac9ffa550.jpg,v4,2,0,27,0
img_004375.jpg,ROBOFLOW_26818065_jpg.rf.9151e32770dd9faccc2a19293e341e7c.jpg,v4,0,0,30,0
img_004376.jpg,ROBOFLOW_26818065_jpg.rf.9151e32770dd9faccc2a19293e341e7c.jpg,v4,1,0,30,0
img_004377.jpg,ROBOFLOW_26818065_jpg.rf.9151e32770dd9faccc2a19293e341e7c.jpg,v4,2,0,30,0
img_004378.jpg,ROBOFLOW_26818066_jpg.rf.795ad89741cf0c9d73b36af0db9ce48d.jpg,v4,0,0,30,0
img_004379.jpg,ROBOFLOW_26818066_jpg.rf.795ad89741cf0c9d73b36af0db9ce48d.jpg,v4,1,0,30,0
img_004380.jpg,ROBOFLOW_26818066_jpg.rf.795ad89741cf0c9d73b36af0db9ce48d.jpg,v4,2,0,30,0
img_004381.jpg,ROBOFLOW_26994966_jpg.rf.49fa9c46fa14e48aa3f8d0c5bc5dc2cf.jpg,v4,0,0,30,68
img_004382.jpg,ROBOFLOW_26994966_jpg.rf.49fa9c46fa14e48aa3f8d0c5bc5dc2cf.jpg,v4,1,0,30,68
img_004383.jpg,ROBOFLOW_26994966_jpg.rf.49fa9c46fa14e48aa3f8d0c5bc5dc2cf.jpg,v4,2,0,30,68
img_004384.jpg,ROBOFLOW_27612032_jpg.rf.5b9529b0e1364c103144e02a3c18e00a.jpg,v4,0,0,30,0
img_004385.jpg,ROBOFLOW_27612032_jpg.rf.5b9529b0e1364c103144e02a3c18e00a.jpg,v4,1,0,25,0
img_004386.jpg,ROBOFLOW_27612032_jpg.rf.5b9529b0e1364c103144e02a3c18e00a.jpg,v4,2,0,30,0
img_004387.jpg,ROBOFLOW_28595123_jpg.rf.92e3e938bcc99b698cc46185867880fd.jpg,v4,0,4,30,0
img_004388.jpg,ROBOFLOW_28595123_jpg.rf.92e3e938bcc99b698cc46185867880fd.jpg,v4,1,4,30,0
img_004389.jpg,ROBOFLOW_28595123_jpg.rf.92e3e938bcc99b698cc46185867880fd.jpg,v4,2,4,26,0
img_004390.jpg,ROBOFLOW_30564130_jpg.rf.6ca383862441b39b0ad9b3410d80f97a.jpg,v4,0,0,30,88
img_004391.jpg,ROBOFLOW_30564130_jpg.rf.6ca383862441b39b0ad9b3410d80f97a.jpg,v4,1,0,30,88
img_004392.jpg,ROBOFLOW_30564130_jpg.rf.6ca383862441b39b0ad9b3410d80f97a.jpg,v4,2,0,30,88
img_004393.jpg,ROBOFLOW_30580789_jpg.rf.174dcbe1290b1ee82c0559efe3707a22.jpg,v4,0,0,30,67
img_004394.jpg,ROBOFLOW_30580789_jpg.rf.174dcbe1290b1ee82c0559efe3707a22.jpg,v4,1,0,24,67
img_004395.jpg,ROBOFLOW_30580789_jpg.rf.174dcbe1290b1ee82c0559efe3707a22.jpg,v4,2,0,30,67
img_004396.jpg,ROBOFLOW_55491649_jpg.rf.1f659639494bc4ae1ceabe4e2e94806a.jpg,v4,0,0,30,191
img_004397.jpg,ROBOFLOW_55491649_jpg.rf.1f659639494bc4ae1ceabe4e2e94806a.jpg,v4,1,0,30,191
img_004398.jpg,ROBOFLOW_55491649_jpg.rf.1f659639494bc4ae1ceabe4e2e94806a.jpg,v4,2,0,30,191
img_004399.jpg,ROBOFLOW_57239635_jpg.rf.d0630632dac6f3a0feca8fa03da59e6f.jpg,v4,0,0,30,120
img_004400.jpg,ROBOFLOW_57239635_jpg.rf.d0630632dac6f3a0feca8fa03da59e6f.jpg,v4,1,0,30,120
img_004401.jpg,ROBOFLOW_57239635_jpg.rf.d0630632dac6f3a0feca8fa03da59e6f.jpg,v4,2,0,30,120
img_004402.jpg,ROBOFLOW_57239653_jpg.rf.020b34a76b8aa2e0abaf706cbcc00013.jpg,v4,0,0,30,213
img_004403.jpg,ROBOFLOW_57239653_jpg.rf.020b34a76b8aa2e0abaf706cbcc00013.jpg,v4,1,0,30,213
img_004404.jpg,ROBOFLOW_57239653_jpg.rf.020b34a76b8aa2e0abaf706cbcc00013.jpg,v4,2,0,30,213
img_004405.jpg,ROBOFLOW_6279_jpg.rf.3b0370dbb5ce4b90652c045d06ee8039.jpg,v4,0,0,30,61
img_004406.jpg,ROBOFLOW_6279_jpg.rf.3b0370dbb5ce4b90652c045d06ee8039.jpg,v4,1,0,30,61
img_004407.jpg,ROBOFLOW_6279_jpg.rf.3b0370dbb5ce4b90652c045d06ee8039.jpg,v4,2,0,30,61
img_004408.jpg,ROBOFLOW_6614_jpg.rf.9bafe2851f32e845c6337f4142027fc7.jpg,v4,0,0,30,298
img_004409.jpg,ROBOFLOW_6614_jpg.rf.9bafe2851f32e845c6337f4142027fc7.jpg,v4,1,0,22,298
img_004410.jpg,ROBOFLOW_6614_jpg.rf.9bafe2851f32e845c6337f4142027fc7.jpg,v4,2,0,30,298
img_004411.jpg,ROBOFLOW_6615_jpg.rf.94f969ae5aaa6cdc4e0af433794e8474.jpg,v4,0,0,19,0
img_004412.jpg,ROBOFLOW_6615_jpg.rf.94f969ae5aaa6cdc4e0af433794e8474.jpg,v4,1,0,30,0
img_004413.jpg,ROBOFLOW_6615_jpg.rf.94f969ae5aaa6cdc4e0af433794e8474.jpg,v4,2,0,30,0
img_004414.jpg,ROBOFLOW_6618_jpg.rf.d479ae714c2bb09e5080db1974c44d34.jpg,v4,0,0,30,0
img_004415.jpg,ROBOFLOW_6618_jpg.rf.d479ae714c2bb09e5080db1974c44d34.jpg,v4,1,0,20,0
img_004416.jpg,ROBOFLOW_6618_jpg.rf.d479ae714c2bb09e5080db1974c44d34.jpg,v4,2,0,30,0
img_004417.jpg,ROBOFLOW_6703_jpg.rf.e314b5de418e71e5efb894d6ba3ff275.jpg,v4,0,0,30,0
img_004418.jpg,ROBOFLOW_6703_jpg.rf.e314b5de418e71e5efb894d6ba3ff275.jpg,v4,1,0,30,0
img_004419.jpg,ROBOFLOW_6703_jpg.rf.e314b5de418e71e5efb894d6ba3ff275.jpg,v4,2,0,23,0
img_004420.jpg,ROBOFLOW_6704_jpg.rf.1bcd4349805e34cbbcb689bfa40c3805.jpg,v4,0,0,30,73
img_004421.jpg,ROBOFLOW_6704_jpg.rf.1bcd4349805e34cbbcb689bfa40c3805.jpg,v4,1,0,30,73
img_004422.jpg,ROBOFLOW_6704_jpg.rf.1bcd4349805e34cbbcb689bfa40c3805.jpg,v4,2,0,30,73
img_004423.jpg,ROBOFLOW_6706_jpg.rf.d5da694025a2b9bbc09a6acc616f6606.jpg,v4,0,0,23,0
img_004424.jpg,ROBOFLOW_6706_jpg.rf.d5da694025a2b9bbc09a6acc616f6606.jpg,v4,1,0,30,0
img_004425.jpg,ROBOFLOW_6706_jpg.rf.d5da694025a2b9bbc09a6acc616f6606.jpg,v4,2,0,30,0
img_004426.jpg,ROBOFLOW_6707_jpg.rf.f569bc7aecd4a122726c3e3ee277287a.jpg,v4,0,0,30,0
img_004427.jpg,ROBOFLOW_6707_jpg.rf.f569bc7aecd4a122726c3e3ee277287a.jpg,v4,1,0,30,0
img_004428.jpg,ROBOFLOW_6707_jpg.rf.f569bc7aecd4a122726c3e3ee277287a.jpg,v4,2,0,30,0
img_004429.jpg,ROBOFLOW_6716_jpg.rf.a3a57ecc709f72aa4d225cb4d0f65709.jpg,v4,0,0,30,84
img_004430.jpg,ROBOFLOW_6716_jpg.rf.a3a57ecc709f72aa4d225cb4d0f65709.jpg,v4,1,0,30,84
img_004431.jpg,ROBOFLOW_6716_jpg.rf.a3a57ecc709f72aa4d225cb4d0f65709.jpg,v4,2,0,30,84
img_004432.jpg,ROBOFLOW_7199_jpg.rf.f4df9715b49f10d0cf507eada5bb2bf0.jpg,v4,0,0,30,0
img_004433.jpg,ROBOFLOW_7199_jpg.rf.f4df9715b49f10d0cf507eada5bb2bf0.jpg,v4,1,0,30,0
img_004434.jpg,ROBOFLOW_7199_jpg.rf.f4df9715b49f10d0cf507eada5bb2bf0.jpg,v4,2,0,30,0
img_004435.jpg,ROBOFLOW_7240_jpg.rf.7d1af7c286c0fb2c41f720fe4a845fae.jpg,v4,0,0,30,0
img_004436.jpg,ROBOFLOW_7240_jpg.rf.7d1af7c286c0fb2c41f720fe4a845fae.jpg,v4,1,0,30,0
img_004437.jpg,ROBOFLOW_7240_jpg.rf.7d1af7c286c0fb2c41f720fe4a845fae.jpg,v4,2,0,30,0
img_004438.jpg,ROBOFLOW_7243_jpg.rf.4fd322b535724fa325bc1c650051f285.jpg,v4,0,0,30,16
img_004439.jpg,ROBOFLOW_7243_jpg.rf.4fd322b535724fa325bc1c650051f285.jpg,v4,1,0,25,16
img_004440.jpg,ROBOFLOW_7243_jpg.rf.4fd322b535724fa325bc1c650051f285.jpg,v4,2,0,23,16
img_004441.jpg,ROBOFLOW_7261_jpg.rf.2120043310f8cc4ae9241ab215a69463.jpg,v4,0,0,0,640
img_004442.jpg,ROBOFLOW_7261_jpg.rf.2120043310f8cc4ae9241ab215a69463.jpg,v4,1,0,0,640
img_004443.jpg,ROBOFLOW_7261_jpg.rf.2120043310f8cc4ae9241ab215a69463.jpg,v4,2,0,0,640
img_004444.jpg,ROBOFLOW_7266_jpg.rf.6d4a823d9326a82f111522d6a69fe31b.jpg,v4,0,0,30,317
img_004445.jpg,ROBOFLOW_7266_jpg.rf.6d4a823d9326a82f111522d6a69fe31b.jpg,v4,1,0,30,317
img_004446.jpg,ROBOFLOW_7266_jpg.rf.6d4a823d9326a82f111522d6a69fe31b.jpg,v4,2,0,30,317
img_004447.jpg,ROBOFLOW_7267_jpg.rf.59219376518159c1254f9e6336f1bbc6.jpg,v4,0,0,30,0
img_004448.jpg,ROBOFLOW_7267_jpg.rf.59219376518159c1254f9e6336f1bbc6.jpg,v4,1,0,30,0
img_004449.jpg,ROBOFLOW_7267_jpg.rf.59219376518159c1254f9e6336f1bbc6.jpg,v4,2,0,30,0
img_004450.jpg,ROBOFLOW_7273_jpg.rf.3f15ccbc0b51345d661ded4e746bc163.jpg,v4,0,0,30,0
img_004451.jpg,ROBOFLOW_7273_jpg.rf.3f15ccbc0b51345d661ded4e746bc163.jpg,v4,1,0,30,0
img_004452.jpg,ROBOFLOW_7273_jpg.rf.3f15ccbc0b51345d661ded4e746bc163.jpg,v4,2,0,30,0
img_004453.jpg,ROBOFLOW_7289_jpg.rf.6fd18f2d78b82fab116de641ee834e4e.jpg,v4,0,0,30,0
img_004454.jpg,ROBOFLOW_7289_jpg.rf.6fd18f2d78b82fab116de641ee834e4e.jpg,v4,1,0,30,0
img_004455.jpg,ROBOFLOW_7289_jpg.rf.6fd18f2d78b82fab116de641ee834e4e.jpg,v4,2,0,30,0
img_004456.jpg,ROBOFLOW_7298_jpg.rf.c6a2b93dd98014e83793b2d80c508c7d.jpg,v4,0,0,25,14
img_004457.jpg,ROBOFLOW_7298_jpg.rf.c6a2b93dd98014e83793b2d80c508c7d.jpg,v4,1,0,30,14
img_004458.jpg,ROBOFLOW_7298_jpg.rf.c6a2b93dd98014e83793b2d80c508c7d.jpg,v4,2,0,21,14
img_004459.jpg,ROBOFLOW_7317_jpg.rf.d65ba6323cd0fd5cf9c6c632a3a11196.jpg,v4,0,0,30,0
img_004460.jpg,ROBOFLOW_7317_jpg.rf.d65ba6323cd0fd5cf9c6c632a3a11196.jpg,v4,1,0,22,0
img_004461.jpg,ROBOFLOW_7317_jpg.rf.d65ba6323cd0fd5cf9c6c632a3a11196.jpg,v4,2,0,30,0
img_004462.jpg,ROBOFLOW_7321_jpg.rf.cf5f52826ccbc9100f4268b13157d0a6.jpg,v4,0,0,30,0
img_004463.jpg,ROBOFLOW_7321_jpg.rf.cf5f52826ccbc9100f4268b13157d0a6.jpg,v4,1,0,25,0
img_004464.jpg,ROBOFLOW_7321_jpg.rf.cf5f52826ccbc9100f4268b13157d0a6.jpg,v4,2,0,23,0
img_004465.jpg,ROBOFLOW_7325_jpg.rf.9d8487fcf676987205d1b79560b098e6.jpg,v4,0,0,30,0
img_004466.jpg,ROBOFLOW_7325_jpg.rf.9d8487fcf676987205d1b79560b098e6.jpg,v4,1,0,21,0
img_004467.jpg,ROBOFLOW_7325_jpg.rf.9d8487fcf676987205d1b79560b098e6.jpg,v4,2,0,30,0
img_004468.jpg,ROBOFLOW_7330_jpg.rf.1b0e1e0462d029b4974ed794b4dab87d.jpg,v4,0,0,30,0
img_004469.jpg,ROBOFLOW_7330_jpg.rf.1b0e1e0462d029b4974ed794b4dab87d.jpg,v4,1,0,30,0
img_004470.jpg,ROBOFLOW_7330_jpg.rf.1b0e1e0462d029b4974ed794b4dab87d.jpg,v4,2,0,30,0
img_004471.jpg,ROBOFLOW_7331_jpg.rf.7c8191ebd70404256625fc00dd2b5469.jpg,v4,0,0,30,0
img_004472.jpg,ROBOFLOW_7331_jpg.rf.7c8191ebd70404256625fc00dd2b5469.jpg,v4,1,0,30,0
img_004473.jpg,ROBOFLOW_7331_jpg.rf.7c8191ebd70404256625fc00dd2b5469.jpg,v4,2,0,30,0
img_004474.jpg,ROBOFLOW_7332_jpg.rf.8c7757c2c03239efbe18a665eab45225.jpg,v4,0,0,30,0
img_004475.jpg,ROBOFLOW_7332_jpg.rf.8c7757c2c03239efbe18a665eab45225.jpg,v4,1,0,30,0
img_004476.jpg,ROBOFLOW_7332_jpg.rf.8c7757c2c03239efbe18a665eab45225.jpg,v4,2,0,30,0
img_004477.jpg,ROBOFLOW_7357_jpg.rf.1f53b88783dc9aff5455896ff796407b.jpg,v4,0,0,30,0
img_004478.jpg,ROBOFLOW_7357_jpg.rf.1f53b88783dc9aff5455896ff796407b.jpg,v4,1,0,30,0
img_004479.jpg,ROBOFLOW_7357_jpg.rf.1f53b88783dc9aff5455896ff796407b.jpg,v4,2,0,26,0
img_004480.jpg,ROBOFLOW_7362_jpg.rf.cb0e02fea9cba79c990f0409450d0441.jpg,v4,0,0,30,0
img_004481.jpg,ROBOFLOW_7362_jpg.rf.cb0e02fea9cba79c990f0409450d0441.jpg,v4,1,0,30,0
img_004482.jpg,ROBOFLOW_7362_jpg.rf.cb0e02fea9cba79c990f0409450d0441.jpg,v4,2,0,30,0
img_004483.jpg,ROBOFLOW_7364_jpg.rf.3d985a01aeb63792b5440c1c3c6421bf.jpg,v4,0,0,30,0
img_004484.jpg,ROBOFLOW_7364_jpg.rf.3d985a01aeb63792b5440c1c3c6421bf.jpg,v4,1,0,30,0
img_004485.jpg,ROBOFLOW_7364_jpg.rf.3d985a01aeb63792b5440c1c3c6421bf.jpg,v4,2,0,25,0
img_004486.jpg,ROBOFLOW_7372_jpg.rf.fbe4ea890abc67fc16e69abf90881ece.jpg,v4,0,1,30,0
img_004487.jpg,ROBOFLOW_7372_jpg.rf.fbe4ea890abc67fc16e69abf90881ece.jpg,v4,1,1,30,0
img_004488.jpg,ROBOFLOW_7372_jpg.rf.fbe4ea890abc67fc16e69abf90881ece.jpg,v4,2,1,30,0
img_004489.jpg,ROBOFLOW_7405_jpg.rf.40c7257b776d46167c21329df21a1926.jpg,v4,0,0,21,0
img_004490.jpg,ROBOFLOW_7405_jpg.rf.40c7257b776d46167c21329df21a1926.jpg,v4,1,0,30,0
img_004491.jpg,ROBOFLOW_7405_jpg.rf.40c7257b776d46167c21329df21a1926.jpg,v4,2,0,24,0
img_004492.jpg,ROBOFLOW_7414_jpg.rf.4718fd43da8495eca2dfe58d531fa37a.jpg,v4,0,0,30,0
img_004493.jpg,ROBOFLOW_7414_jpg.rf.4718fd43da8495eca2dfe58d531fa37a.jpg,v4,1,0,30,0
img_004494.jpg,ROBOFLOW_7414_jpg.rf.4718fd43da8495eca2dfe58d531fa37a.jpg,v4,2,0,30,0
img_004495.jpg,ROBOFLOW_7418_jpg.rf.d61141ccd380bfec2ab724d924cff9be.jpg,v4,0,0,24,0
img_004496.jpg,ROBOFLOW_7418_jpg.rf.d61141ccd380bfec2ab724d924cff9be.jpg,v4,1,0,30,0
img_004497.jpg,ROBOFLOW_7418_jpg.rf.d61141ccd380bfec2ab724d924cff9be.jpg,v4,2,0,30,0
img_004498.jpg,ROBOFLOW_7428_jpg.rf.8ddd91b64b42b8ac0fe51df3bea6eb4a.jpg,v4,0,0,30,0
img_004499.jpg,ROBOFLOW_7428_jpg.rf.8ddd91b64b42b8ac0fe51df3bea6eb4a.jpg,v4,1,0,30,0
img_004500.jpg,ROBOFLOW_7428_jpg.rf.8ddd91b64b42b8ac0fe51df3bea6eb4a.jpg,v4,2,0,22,0
img_004501.jpg,ROBOFLOW_7434_jpg.rf.5d9220b2dcb0311cc8d29f2f932bc913.jpg,v4,0,0,30,0
img_004502.jpg,ROBOFLOW_7434_jpg.rf.5d9220b2dcb0311cc8d29f2f932bc913.jpg,v4,1,0,30,0
img_004503.jpg,ROBOFLOW_7434_jpg.rf.5d9220b2dcb0311cc8d29f2f932bc913.jpg,v4,2,0,23,0
img_004504.jpg,ROBOFLOW_7463_jpg.rf.6938a55a9694dce5b2dac0f7aa597c8a.jpg,v4,0,0,25,0
img_004505.jpg,ROBOFLOW_7463_jpg.rf.6938a55a9694dce5b2dac0f7aa597c8a.jpg,v4,1,0,30,0
img_004506.jpg,ROBOFLOW_7463_jpg.rf.6938a55a9694dce5b2dac0f7aa597c8a.jpg,v4,2,0,30,0
img_004507.jpg,ROBOFLOW_7466_jpg.rf.2c1e11d6a0ddda92bbc6f1e39dd88183.jpg,v4,0,0,23,0
img_004508.jpg,ROBOFLOW_7466_jpg.rf.2c1e11d6a0ddda92bbc6f1e39dd88183.jpg,v4,1,0,30,0
img_004509.jpg,ROBOFLOW_7466_jpg.rf.2c1e11d6a0ddda92bbc6f1e39dd88183.jpg,v4,2,0,25,0
img_004510.jpg,ROBOFLOW_7473_jpg.rf.1c93abc6d555783ee0dd7c545d1b4694.jpg,v4,0,0,30,0
img_004511.jpg,ROBOFLOW_7473_jpg.rf.1c93abc6d555783ee0dd7c545d1b4694.jpg,v4,1,0,30,0
img_004512.jpg,ROBOFLOW_7473_jpg.rf.1c93abc6d555783ee0dd7c545d1b4694.jpg,v4,2,0,30,0
img_004513.jpg,ROBOFLOW_7485_jpg.rf.714833b510e97747852f79b075856006.jpg,v4,0,0,30,0
img_004514.jpg,ROBOFLOW_7485_jpg.rf.714833b510e97747852f79b075856006.jpg,v4,1,0,30,0
img_004515.jpg,ROBOFLOW_7485_jpg.rf.714833b510e97747852f79b075856006.jpg,v4,2,0,30,0
img_004516.jpg,ROBOFLOW_7488_jpg.rf.b2761d6bee43e6ffe631484ff1e359e2.jpg,v4,0,0,30,0
img_004517.jpg,ROBOFLOW_7488_jpg.rf.b2761d6bee43e6ffe631484ff1e359e2.jpg,v4,1,0,30,0
img_004518.jpg,ROBOFLOW_7488_jpg.rf.b2761d6bee43e6ffe631484ff1e359e2.jpg,v4,2,0,30,0
img_004519.jpg,ROBOFLOW_7523_jpg.rf.996e21a605435ebb0aac386dc069f0e0.jpg,v4,0,0,30,0
img_004520.jpg,ROBOFLOW_7523_jpg.rf.996e21a605435ebb0aac386dc069f0e0.jpg,v4,1,0,30,0
img_004521.jpg,ROBOFLOW_7523_jpg.rf.996e21a605435ebb0aac386dc069f0e0.jpg,v4,2,0,30,0
img_004522.jpg,ROBOFLOW_7524_jpg.rf.4b381e5743a5555fccca2e0c10867be1.jpg,v4,0,0,30,56
img_004523.jpg,ROBOFLOW_7524_jpg.rf.4b381e5743a5555fccca2e0c10867be1.jpg,v4,1,0,26,56
img_004524.jpg,ROBOFLOW_7524_jpg.rf.4b381e5743a5555fccca2e0c10867be1.jpg,v4,2,0,26,56
img_004525.jpg,ROBOFLOW_7556_jpg.rf.38c7dae6244190a53c50198ff8094d44.jpg,v4,0,0,30,0
img_004526.jpg,ROBOFLOW_7556_jpg.rf.38c7dae6244190a53c50198ff8094d44.jpg,v4,1,0,30,0
img_004527.jpg,ROBOFLOW_7556_jpg.rf.38c7dae6244190a53c50198ff8094d44.jpg,v4,2,0,30,0
img_004528.jpg,ROBOFLOW_7571_jpg.rf.536c6101f64afe82099293435a499ab7.jpg,v4,0,0,30,0
img_004529.jpg,ROBOFLOW_7571_jpg.rf.536c6101f64afe82099293435a499ab7.jpg,v4,1,0,30,0
img_004530.jpg,ROBOFLOW_7571_jpg.rf.536c6101f64afe82099293435a499ab7.jpg,v4,2,0,30,0
img_004531.jpg,ROBOFLOW_7587_jpg.rf.e26b6064d9c783153fa0610e91a37184.jpg,v4,0,0,26,0
img_004532.jpg,ROBOFLOW_7587_jpg.rf.e26b6064d9c783153fa0610e91a37184.jpg,v4,1,0,22,0
img_004533.jpg,ROBOFLOW_7587_jpg.rf.e26b6064d9c783153fa0610e91a37184.jpg,v4,2,0,25,0
img_004534.jpg,ROBOFLOW_7594_jpg.rf.61438b52ed5e8640361705145f966384.jpg,v4,0,0,30,0
img_004535.jpg,ROBOFLOW_7594_jpg.rf.61438b52ed5e8640361705145f966384.jpg,v4,1,0,30,0
img_004536.jpg,ROBOFLOW_7594_jpg.rf.61438b52ed5e8640361705145f966384.jpg,v4,2,0,24,0
img_004537.jpg,ROBOFLOW_8379_jpg.rf.c56e9a1840cef343fd27e500077d13fc.jpg,v4,0,0,30,0
img_004538.jpg,ROBOFLOW_8379_jpg.rf.c56e9a1840cef343fd27e500077d13fc.jpg,v4,1,0,30,0
img_004539.jpg,ROBOFLOW_8379_jpg.rf.c56e9a1840cef343fd27e500077d13fc.jpg,v4,2,0,30,0
img_004540.jpg,ROBOFLOW_8408_jpg.rf.b7abc4881d71c4909c51ba4eca7eb37f.jpg,v4,0,0,30,0
img_004541.jpg,ROBOFLOW_8408_jpg.rf.b7abc4881d71c4909c51ba4eca7eb37f.jpg,v4,1,0,30,0
img_004542.jpg,ROBOFLOW_8408_jpg.rf.b7abc4881d71c4909c51ba4eca7eb37f.jpg,v4,2,0,30,0
img_004543.jpg,ROBOFLOW_9000_jpg.rf.9dab77cfbb0138b94ce7348f0bb2fd23.jpg,v4,0,0,30,0
img_004544.jpg,ROBOFLOW_9000_jpg.rf.9dab77cfbb0138b94ce7348f0bb2fd23.jpg,v4,1,0,30,0
img_004545.jpg,ROBOFLOW_9000_jpg.rf.9dab77cfbb0138b94ce7348f0bb2fd23.jpg,v4,2,0,30,0
img_004546.jpg,ROBOFLOW_9003_jpg.rf.fdd57e6254a591c8a460826ab1588822.jpg,v4,0,0,30,0
img_004547.jpg,ROBOFLOW_9003_jpg.rf.fdd57e6254a591c8a460826ab1588822.jpg,v4,1,0,30,0
img_004548.jpg,ROBOFLOW_9003_jpg.rf.fdd57e6254a591c8a460826ab1588822.jpg,v4,2,0,22,0
img_004549.jpg,ROBOFLOW_DroneFootage-101_jpg.rf.aaf5fa20fec91a785da6a23c9daf8950.jpg,v4,0,0,30,87
img_004550.jpg,ROBOFLOW_DroneFootage-101_jpg.rf.aaf5fa20fec91a785da6a23c9daf8950.jpg,v4,1,0,30,87
img_004551.jpg,ROBOFLOW_DroneFootage-101_jpg.rf.aaf5fa20fec91a785da6a23c9daf8950.jpg,v4,2,0,30,87
img_004552.jpg,ROBOFLOW_DroneFootage-102_jpg.rf.deb431151d3f0835aa1d71622f54318e.jpg,v4,0,0,30,0
img_004553.jpg,ROBOFLOW_DroneFootage-102_jpg.rf.deb431151d3f0835aa1d71622f54318e.jpg,v4,1,0,22,0
img_004554.jpg,ROBOFLOW_DroneFootage-102_jpg.rf.deb431151d3f0835aa1d71622f54318e.jpg,v4,2,0,30,0
img_004555.jpg,ROBOFLOW_DroneFootage-103_jpg.rf.84f56f6829eb82be779c84d64eed9631.jpg,v4,0,0,30,0
img_004556.jpg,ROBOFLOW_DroneFootage-103_jpg.rf.84f56f6829eb82be779c84d64eed9631.jpg,v4,1,0,30,0
img_004557.jpg,ROBOFLOW_DroneFootage-103_jpg.rf.84f56f6829eb82be779c84d64eed9631.jpg,v4,2,0,30,0
img_004558.jpg,ROBOFLOW_DroneFootage-107_jpg.rf.096a9a285a510a81349b9174ce4741a9.jpg,v4,0,0,30,162
img_004559.jpg,ROBOFLOW_DroneFootage-107_jpg.rf.096a9a285a510a81349b9174ce4741a9.jpg,v4,1,0,30,162
img_004560.jpg,ROBOFLOW_DroneFootage-107_jpg.rf.096a9a285a510a81349b9174ce4741a9.jpg,v4,2,0,24,162
img_004561.jpg,ROBOFLOW_DroneFootage-108_jpg.rf.f2d0d54b84fa137a859c6341d3ca7f08.jpg,v4,0,0,30,0
img_004562.jpg,ROBOFLOW_DroneFootage-108_jpg.rf.f2d0d54b84fa137a859c6341d3ca7f08.jpg,v4,1,0,30,0
img_004563.jpg,ROBOFLOW_DroneFootage-108_jpg.rf.f2d0d54b84fa137a859c6341d3ca7f08.jpg,v4,2,0,30,0
img_004564.jpg,ROBOFLOW_DroneFootage-109_jpg.rf.58bb048e372c1d3cd0296e08fa5e46cc.jpg,v4,0,0,30,155
img_004565.jpg,ROBOFLOW_DroneFootage-109_jpg.rf.58bb048e372c1d3cd0296e08fa5e46cc.jpg,v4,1,0,30,155
img_004566.jpg,ROBOFLOW_DroneFootage-109_jpg.rf.58bb048e372c1d3cd0296e08fa5e46cc.jpg,v4,2,0,30,155
img_004567.jpg,ROBOFLOW_DroneFootage-110_jpg.rf.3bb475b7699c9b196a42d214590ff919.jpg,v4,0,4,30,0
img_004568.jpg,ROBOFLOW_DroneFootage-110_jpg.rf.3bb475b7699c9b196a42d214590ff919.jpg,v4,1,4,30,0
img_004569.jpg,ROBOFLOW_DroneFootage-110_jpg.rf.3bb475b7699c9b196a42d214590ff919.jpg,v4,2,4,30,0
img_004570.jpg,ROBOFLOW_DroneFootage-112_jpg.rf.3bea01069bbf3bee16f01bfc6831176e.jpg,v4,0,0,30,322
img_004571.jpg,ROBOFLOW_DroneFootage-112_jpg.rf.3bea01069bbf3bee16f01bfc6831176e.jpg,v4,1,0,30,322
img_004572.jpg,ROBOFLOW_DroneFootage-112_jpg.rf.3bea01069bbf3bee16f01bfc6831176e.jpg,v4,2,0,30,322
img_004573.jpg,ROBOFLOW_DroneFootage-113_jpg.rf.2a3742d654eda3dab113bcd95466ad99.jpg,v4,0,0,25,0
img_004574.jpg,ROBOFLOW_DroneFootage-113_jpg.rf.2a3742d654eda3dab113bcd95466ad99.jpg,v4,1,0,30,0
img_004575.jpg,ROBOFLOW_DroneFootage-113_jpg.rf.2a3742d654eda3dab113bcd95466ad99.jpg,v4,2,0,30,0
img_004576.jpg,ROBOFLOW_DroneFootage-116_jpg.rf.0a860e43b9d447975e52dfb7b1c5110a.jpg,v4,0,0,30,0
img_004577.jpg,ROBOFLOW_DroneFootage-116_jpg.rf.0a860e43b9d447975e52dfb7b1c5110a.jpg,v4,1,0,30,0
img_004578.jpg,ROBOFLOW_DroneFootage-116_jpg.rf.0a860e43b9d447975e52dfb7b1c5110a.jpg,v4,2,0,30,0
img_004579.jpg,ROBOFLOW_DroneFootage-117_jpg.rf.63935c3e7a8e18e426ff94073b0b457f.jpg,v4,0,0,30,0
img_004580.jpg,ROBOFLOW_DroneFootage-117_jpg.rf.63935c3e7a8e18e426ff94073b0b457f.jpg,v4,1,0,30,0
img_004581.jpg,ROBOFLOW_DroneFootage-117_jpg.rf.63935c3e7a8e18e426ff94073b0b457f.jpg,v4,2,0,30,0
img_004582.jpg,ROBOFLOW_DroneFootage-118_jpg.rf.147b1cb01808636abd728459782804d4.jpg,v4,0,0,30,0
img_004583.jpg,ROBOFLOW_DroneFootage-118_jpg.rf.147b1cb01808636abd728459782804d4.jpg,v4,1,0,15,0
img_004584.jpg,ROBOFLOW_DroneFootage-118_jpg.rf.147b1cb01808636abd728459782804d4.jpg,v4,2,0,30,0
img_004585.jpg,ROBOFLOW_DroneFootage-119_jpg.rf.a275489d0002aaad03b76559bfbeaa23.jpg,v4,0,1,30,16
img_004586.jpg,ROBOFLOW_DroneFootage-119_jpg.rf.a275489d0002aaad03b76559bfbeaa23.jpg,v4,1,1,20,16
img_004587.jpg,ROBOFLOW_DroneFootage-119_jpg.rf.a275489d0002aaad03b76559bfbeaa23.jpg,v4,2,1,30,16
img_004588.jpg,ROBOFLOW_DroneFootage-11_jpg.rf.214df08ef6592befc85c936ac88c8214.jpg,v4,0,0,30,0
img_004589.jpg,ROBOFLOW_DroneFootage-11_jpg.rf.214df08ef6592befc85c936ac88c8214.jpg,v4,1,0,30,0
img_004590.jpg,ROBOFLOW_DroneFootage-11_jpg.rf.214df08ef6592befc85c936ac88c8214.jpg,v4,2,0,30,0
img_004591.jpg,ROBOFLOW_DroneFootage-120_jpg.rf.51f04728602a6a7573a6f84f4bd65b29.jpg,v4,0,0,30,55
img_004592.jpg,ROBOFLOW_DroneFootage-120_jpg.rf.51f04728602a6a7573a6f84f4bd65b29.jpg,v4,1,0,30,55
img_004593.jpg,ROBOFLOW_DroneFootage-120_jpg.rf.51f04728602a6a7573a6f84f4bd65b29.jpg,v4,2,0,25,55
img_004594.jpg,ROBOFLOW_DroneFootage-122_jpg.rf.c475e3d9b03058674902b247e22b4d00.jpg,v4,0,0,30,132
img_004595.jpg,ROBOFLOW_DroneFootage-122_jpg.rf.c475e3d9b03058674902b247e22b4d00.jpg,v4,1,0,30,132
img_004596.jpg,ROBOFLOW_DroneFootage-122_jpg.rf.c475e3d9b03058674902b247e22b4d00.jpg,v4,2,0,22,132
img_004597.jpg,ROBOFLOW_DroneFootage-125_jpg.rf.0361e1e058d956f56d568ef0f78d2952.jpg,v4,0,0,20,0
img_004598.jpg,ROBOFLOW_DroneFootage-125_jpg.rf.0361e1e058d956f56d568ef0f78d2952.jpg,v4,1,0,30,0
img_004599.jpg,ROBOFLOW_DroneFootage-125_jpg.rf.0361e1e058d956f56d568ef0f78d2952.jpg,v4,2,0,30,0
img_004600.jpg,ROBOFLOW_DroneFootage-126_jpg.rf.7b46652f8df7525cc7d5f39b03fae695.jpg,v4,0,0,30,0
img_004601.jpg,ROBOFLOW_DroneFootage-126_jpg.rf.7b46652f8df7525cc7d5f39b03fae695.jpg,v4,1,0,23,0
img_004602.jpg,ROBOFLOW_DroneFootage-126_jpg.rf.7b46652f8df7525cc7d5f39b03fae695.jpg,v4,2,0,30,0
img_004603.jpg,ROBOFLOW_DroneFootage-127_jpg.rf.a5e67366e94eafabbe1cc882ba721ceb.jpg,v4,0,0,24,78
img_004604.jpg,ROBOFLOW_DroneFootage-127_jpg.rf.a5e67366e94eafabbe1cc882ba721ceb.jpg,v4,1,0,30,78
img_004605.jpg,ROBOFLOW_DroneFootage-127_jpg.rf.a5e67366e94eafabbe1cc882ba721ceb.jpg,v4,2,0,30,78
img_004606.jpg,ROBOFLOW_DroneFootage-129_jpg.rf.ac5acf0048ebfe970081d7ee661ad386.jpg,v4,0,0,30,99
img_004607.jpg,ROBOFLOW_DroneFootage-129_jpg.rf.ac5acf0048ebfe970081d7ee661ad386.jpg,v4,1,0,30,99
img_004608.jpg,ROBOFLOW_DroneFootage-129_jpg.rf.ac5acf0048ebfe970081d7ee661ad386.jpg,v4,2,0,30,99
img_004609.jpg,ROBOFLOW_DroneFootage-12_jpg.rf.8b1bffc88db3785341d5c8771ba2f526.jpg,v4,0,0,30,0
img_004610.jpg,ROBOFLOW_DroneFootage-12_jpg.rf.8b1bffc88db3785341d5c8771ba2f526.jpg,v4,1,0,30,0
img_004611.jpg,ROBOFLOW_DroneFootage-12_jpg.rf.8b1bffc88db3785341d5c8771ba2f526.jpg,v4,2,0,25,0
img_004612.jpg,ROBOFLOW_DroneFootage-130_jpg.rf.03d06d71686ffb5c7e1ed4d0cf9486c3.jpg,v4,0,0,30,0
img_004613.jpg,ROBOFLOW_DroneFootage-130_jpg.rf.03d06d71686ffb5c7e1ed4d0cf9486c3.jpg,v4,1,0,30,0
img_004614.jpg,ROBOFLOW_DroneFootage-130_jpg.rf.03d06d71686ffb5c7e1ed4d0cf9486c3.jpg,v4,2,0,30,0
img_004615.jpg,ROBOFLOW_DroneFootage-131_jpg.rf.16240a7131a71bfa262a94c9132671a0.jpg,v4,0,0,30,25
img_004616.jpg,ROBOFLOW_DroneFootage-131_jpg.rf.16240a7131a71bfa262a94c9132671a0.jpg,v4,1,0,30,25
img_004617.jpg,ROBOFLOW_DroneFootage-131_jpg.rf.16240a7131a71bfa262a94c9132671a0.jpg,v4,2,0,30,25
img_004618.jpg,ROBOFLOW_DroneFootage-132_jpg.rf.eba961c03cbd6587074c879042da8ba5.jpg,v4,0,0,21,14
img_004619.jpg,ROBOFLOW_DroneFootage-132_jpg.rf.eba961c03cbd6587074c879042da8ba5.jpg,v4,1,0,30,14
img_004620.jpg,ROBOFLOW_DroneFootage-132_jpg.rf.eba961c03cbd6587074c879042da8ba5.jpg,v4,2,0,30,14
img_004621.jpg,ROBOFLOW_DroneFootage-133_jpg.rf.439ac08bf15166ebbe3b9becb64dd744.jpg,v4,0,2,30,0
img_004622.jpg,ROBOFLOW_DroneFootage-133_jpg.rf.439ac08bf15166ebbe3b9becb64dd744.jpg,v4,1,2,30,0
img_004623.jpg,ROBOFLOW_DroneFootage-133_jpg.rf.439ac08bf15166ebbe3b9becb64dd744.jpg,v4,2,2,30,0
img_004624.jpg,ROBOFLOW_DroneFootage-134_jpg.rf.e2143d0fd76b03e386ca14d72e7de11d.jpg,v4,0,0,30,40
img_004625.jpg,ROBOFLOW_DroneFootage-134_jpg.rf.e2143d0fd76b03e386ca14d72e7de11d.jpg,v4,1,0,30,40
img_004626.jpg,ROBOFLOW_DroneFootage-134_jpg.rf.e2143d0fd76b03e386ca14d72e7de11d.jpg,v4,2,0,21,40
img_004627.jpg,ROBOFLOW_DroneFootage-137_jpg.rf.0364ec3f08170b6438ab878544615c3f.jpg,v4,0,0,30,0
img_004628.jpg,ROBOFLOW_DroneFootage-137_jpg.rf.0364ec3f08170b6438ab878544615c3f.jpg,v4,1,0,30,0
img_004629.jpg,ROBOFLOW_DroneFootage-137_jpg.rf.0364ec3f08170b6438ab878544615c3f.jpg,v4,2,0,30,0
img_004630.jpg,ROBOFLOW_DroneFootage-13_jpg.rf.448dfd87851f8aac4100fd46d11d430a.jpg,v4,0,0,30,0
img_004631.jpg,ROBOFLOW_DroneFootage-13_jpg.rf.448dfd87851f8aac4100fd46d11d430a.jpg,v4,1,0,30,0
img_004632.jpg,ROBOFLOW_DroneFootage-13_jpg.rf.448dfd87851f8aac4100fd46d11d430a.jpg,v4,2,0,30,0
img_004633.jpg,ROBOFLOW_DroneFootage-140_jpg.rf.538659180ba0e89f17f4d6331323c10b.jpg,v4,0,0,24,118
img_004634.jpg,ROBOFLOW_DroneFootage-140_jpg.rf.538659180ba0e89f17f4d6331323c10b.jpg,v4,1,0,30,118
img_004635.jpg,ROBOFLOW_DroneFootage-140_jpg.rf.538659180ba0e89f17f4d6331323c10b.jpg,v4,2,0,30,118
img_004636.jpg,ROBOFLOW_DroneFootage-141_jpg.rf.897d7aa9725277db369d3d797f4452fb.jpg,v4,0,0,30,0
img_004637.jpg,ROBOFLOW_DroneFootage-141_jpg.rf.897d7aa9725277db369d3d797f4452fb.jpg,v4,1,0,30,0
img_004638.jpg,ROBOFLOW_DroneFootage-141_jpg.rf.897d7aa9725277db369d3d797f4452fb.jpg,v4,2,0,30,0
img_004639.jpg,ROBOFLOW_DroneFootage-142_jpg.rf.02c246fe172ce2def549df3c360628e5.jpg,v4,0,0,30,0
img_004640.jpg,ROBOFLOW_DroneFootage-142_jpg.rf.02c246fe172ce2def549df3c360628e5.jpg,v4,1,0,30,0
img_004641.jpg,ROBOFLOW_DroneFootage-142_jpg.rf.02c246fe172ce2def549df3c360628e5.jpg,v4,2,0,30,0
img_004642.jpg,ROBOFLOW_DroneFootage-144_jpg.rf.5ddd6fa6312829c0aa423c0e55e7278b.jpg,v4,0,0,30,62
img_004643.jpg,ROBOFLOW_DroneFootage-144_jpg.rf.5ddd6fa6312829c0aa423c0e55e7278b.jpg,v4,1,0,30,62
img_004644.jpg,ROBOFLOW_DroneFootage-144_jpg.rf.5ddd6fa6312829c0aa423c0e55e7278b.jpg,v4,2,0,30,62
img_004645.jpg,ROBOFLOW_DroneFootage-145_jpg.rf.829b8210175dcb5c0635679733ba35d8.jpg,v4,0,0,27,0
img_004646.jpg,ROBOFLOW_DroneFootage-145_jpg.rf.829b8210175dcb5c0635679733ba35d8.jpg,v4,1,0,30,0
img_004647.jpg,ROBOFLOW_DroneFootage-145_jpg.rf.829b8210175dcb5c0635679733ba35d8.jpg,v4,2,0,30,0
img_004648.jpg,ROBOFLOW_DroneFootage-146_jpg.rf.f9553cf265b0425f8150f53b5bd3f52f.jpg,v4,0,0,25,306
img_004649.jpg,ROBOFLOW_DroneFootage-146_jpg.rf.f9553cf265b0425f8150f53b5bd3f52f.jpg,v4,1,0,10,306
img_004650.jpg,ROBOFLOW_DroneFootage-146_jpg.rf.f9553cf265b0425f8150f53b5bd3f52f.jpg,v4,2,0,16,306
img_004651.jpg,ROBOFLOW_DroneFootage-148_jpg.rf.bd7a7243155ba5de39b3dee435d7b0b2.jpg,v4,0,0,30,91
img_004652.jpg,ROBOFLOW_DroneFootage-148_jpg.rf.bd7a7243155ba5de39b3dee435d7b0b2.jpg,v4,1,0,30,91
img_004653.jpg,ROBOFLOW_DroneFootage-148_jpg.rf.bd7a7243155ba5de39b3dee435d7b0b2.jpg,v4,2,0,30,91
img_004654.jpg,ROBOFLOW_DroneFootage-149_jpg.rf.81af1e864e4a80524d34a3d6c47268cf.jpg,v4,0,11,30,66
img_004655.jpg,ROBOFLOW_DroneFootage-149_jpg.rf.81af1e864e4a80524d34a3d6c47268cf.jpg,v4,1,11,30,66
img_004656.jpg,ROBOFLOW_DroneFootage-149_jpg.rf.81af1e864e4a80524d34a3d6c47268cf.jpg,v4,2,11,21,66
img_004657.jpg,ROBOFLOW_DroneFootage-154_jpg.rf.99273c0f2dc3870d51b2debca8afebf5.jpg,v4,0,0,30,0
img_004658.jpg,ROBOFLOW_DroneFootage-154_jpg.rf.99273c0f2dc3870d51b2debca8afebf5.jpg,v4,1,0,30,0
img_004659.jpg,ROBOFLOW_DroneFootage-154_jpg.rf.99273c0f2dc3870d51b2debca8afebf5.jpg,v4,2,0,30,0
img_004660.jpg,ROBOFLOW_DroneFootage-155_jpg.rf.fa784b1360c6f10d25d516d8aa161252.jpg,v4,0,0,22,188
img_004661.jpg,ROBOFLOW_DroneFootage-155_jpg.rf.fa784b1360c6f10d25d516d8aa161252.jpg,v4,1,0,25,188
img_004662.jpg,ROBOFLOW_DroneFootage-155_jpg.rf.fa784b1360c6f10d25d516d8aa161252.jpg,v4,2,0,30,188
img_004663.jpg,ROBOFLOW_DroneFootage-159_jpg.rf.c11cc5cdd5c72eef34ef19441f893408.jpg,v4,0,0,30,0
img_004664.jpg,ROBOFLOW_DroneFootage-159_jpg.rf.c11cc5cdd5c72eef34ef19441f893408.jpg,v4,1,0,30,0
img_004665.jpg,ROBOFLOW_DroneFootage-159_jpg.rf.c11cc5cdd5c72eef34ef19441f893408.jpg,v4,2,0,30,0
img_004666.jpg,ROBOFLOW_DroneFootage-164_jpg.rf.c64443529b9baaf813e355d6e463ae59.jpg,v4,0,0,30,9
img_004667.jpg,ROBOFLOW_DroneFootage-164_jpg.rf.c64443529b9baaf813e355d6e463ae59.jpg,v4,1,0,22,9
img_004668.jpg,ROBOFLOW_DroneFootage-164_jpg.rf.c64443529b9baaf813e355d6e463ae59.jpg,v4,2,0,30,9
img_004669.jpg,ROBOFLOW_DroneFootage-166_jpg.rf.06fe1f2fcc9ee0bd69007044c1520dfe.jpg,v4,0,0,30,0
img_004670.jpg,ROBOFLOW_DroneFootage-166_jpg.rf.06fe1f2fcc9ee0bd69007044c1520dfe.jpg,v4,1,0,30,0
img_004671.jpg,ROBOFLOW_DroneFootage-166_jpg.rf.06fe1f2fcc9ee0bd69007044c1520dfe.jpg,v4,2,0,30,0
img_004672.jpg,ROBOFLOW_DroneFootage-167_jpg.rf.6445600838fb0898025a9cf3a62bef1e.jpg,v4,0,0,30,63
img_004673.jpg,ROBOFLOW_DroneFootage-167_jpg.rf.6445600838fb0898025a9cf3a62bef1e.jpg,v4,1,0,30,63
img_004674.jpg,ROBOFLOW_DroneFootage-167_jpg.rf.6445600838fb0898025a9cf3a62bef1e.jpg,v4,2,0,30,63
img_004675.jpg,ROBOFLOW_DroneFootage-168_jpg.rf.1ec88d44fb200631755408a50d339757.jpg,v4,0,0,30,0
img_004676.jpg,ROBOFLOW_DroneFootage-168_jpg.rf.1ec88d44fb200631755408a50d339757.jpg,v4,1,0,30,0
img_004677.jpg,ROBOFLOW_DroneFootage-168_jpg.rf.1ec88d44fb200631755408a50d339757.jpg,v4,2,0,25,0
img_004678.jpg,ROBOFLOW_DroneFootage-16_jpg.rf.b725e8af47296d52ead13201a269e4d0.jpg,v4,0,0,18,37
img_004679.jpg,ROBOFLOW_DroneFootage-16_jpg.rf.b725e8af47296d52ead13201a269e4d0.jpg,v4,1,0,30,37
img_004680.jpg,ROBOFLOW_DroneFootage-16_jpg.rf.b725e8af47296d52ead13201a269e4d0.jpg,v4,2,0,30,37
img_004681.jpg,ROBOFLOW_DroneFootage-171_jpg.rf.55d20bb4bce58b8be2c74e150e49c6be.jpg,v4,0,0,21,37
img_004682.jpg,ROBOFLOW_DroneFootage-171_jpg.rf.55d20bb4bce58b8be2c74e150e49c6be.jpg,v4,1,0,30,37
img_004683.jpg,ROBOFLOW_DroneFootage-171_jpg.rf.55d20bb4bce58b8be2c74e150e49c6be.jpg,v4,2,0,30,37
img_004684.jpg,ROBOFLOW_DroneFootage-172_jpg.rf.8a61c788586372892018079ec6cd5c9d.jpg,v4,0,0,18,0
img_004685.jpg,ROBOFLOW_DroneFootage-172_jpg.rf.8a61c788586372892018079ec6cd5c9d.jpg,v4,1,0,30,0
img_004686.jpg,ROBOFLOW_DroneFootage-172_jpg.rf.8a61c788586372892018079ec6cd5c9d.jpg,v4,2,0,30,0
img_004687.jpg,ROBOFLOW_DroneFootage-173_jpg.rf.d25a0363fb12007b66d44a056765cbbe.jpg,v4,0,0,30,30
img_004688.jpg,ROBOFLOW_DroneFootage-173_jpg.rf.d25a0363fb12007b66d44a056765cbbe.jpg,v4,1,0,30,30
img_004689.jpg,ROBOFLOW_DroneFootage-173_jpg.rf.d25a0363fb12007b66d44a056765cbbe.jpg,v4,2,0,30,30
img_004690.jpg,ROBOFLOW_DroneFootage-175_jpg.rf.7494c476ceed47bbda22be2d38578d48.jpg,v4,0,0,16,0
img_004691.jpg,ROBOFLOW_DroneFootage-175_jpg.rf.7494c476ceed47bbda22be2d38578d48.jpg,v4,1,0,30,0
img_004692.jpg,ROBOFLOW_DroneFootage-175_jpg.rf.7494c476ceed47bbda22be2d38578d48.jpg,v4,2,0,30,0
img_004693.jpg,ROBOFLOW_DroneFootage-177_jpg.rf.89b0e09a02c5521f2b489888b2cc9414.jpg,v4,0,0,30,103
img_004694.jpg,ROBOFLOW_DroneFootage-177_jpg.rf.89b0e09a02c5521f2b489888b2cc9414.jpg,v4,1,0,30,103
img_004695.jpg,ROBOFLOW_DroneFootage-177_jpg.rf.89b0e09a02c5521f2b489888b2cc9414.jpg,v4,2,0,30,103
img_004696.jpg,ROBOFLOW_DroneFootage-178_jpg.rf.214f1f3323b6281303c04f774464e382.jpg,v4,0,0,30,158
img_004697.jpg,ROBOFLOW_DroneFootage-178_jpg.rf.214f1f3323b6281303c04f774464e382.jpg,v4,1,0,30,158
img_004698.jpg,ROBOFLOW_DroneFootage-178_jpg.rf.214f1f3323b6281303c04f774464e382.jpg,v4,2,0,30,158
img_004699.jpg,ROBOFLOW_DroneFootage-17_jpg.rf.1615972f3596d7a3ed30e1183696d8d8.jpg,v4,0,0,30,204
img_004700.jpg,ROBOFLOW_DroneFootage-17_jpg.rf.1615972f3596d7a3ed30e1183696d8d8.jpg,v4,1,0,30,204
img_004701.jpg,ROBOFLOW_DroneFootage-17_jpg.rf.1615972f3596d7a3ed30e1183696d8d8.jpg,v4,2,0,20,204
img_004702.jpg,ROBOFLOW_DroneFootage-180_jpg.rf.1999b57eae6053551d01c329da3d2e1f.jpg,v4,0,1,30,0
img_004703.jpg,ROBOFLOW_DroneFootage-180_jpg.rf.1999b57eae6053551d01c329da3d2e1f.jpg,v4,1,1,30,0
img_004704.jpg,ROBOFLOW_DroneFootage-180_jpg.rf.1999b57eae6053551d01c329da3d2e1f.jpg,v4,2,1,30,0
img_004705.jpg,ROBOFLOW_DroneFootage-181_jpg.rf.ecf151e0ce3db74a6672770218848968.jpg,v4,0,0,30,180
img_004706.jpg,ROBOFLOW_DroneFootage-181_jpg.rf.ecf151e0ce3db74a6672770218848968.jpg,v4,1,0,22,180
img_004707.jpg,ROBOFLOW_DroneFootage-181_jpg.rf.ecf151e0ce3db74a6672770218848968.jpg,v4,2,0,25,180
img_004708.jpg,ROBOFLOW_DroneFootage-182_jpg.rf.502525bae2a459858b06a962486bcde1.jpg,v4,0,0,30,0
img_004709.jpg,ROBOFLOW_DroneFootage-182_jpg.rf.502525bae2a459858b06a962486bcde1.jpg,v4,1,0,30,0
img_004710.jpg,ROBOFLOW_DroneFootage-182_jpg.rf.502525bae2a459858b06a962486bcde1.jpg,v4,2,0,30,0
img_004711.jpg,ROBOFLOW_DroneFootage-183_jpg.rf.61f89851ae6f24630dd991f6e4a8511e.jpg,v4,0,0,30,67
img_004712.jpg,ROBOFLOW_DroneFootage-183_jpg.rf.61f89851ae6f24630dd991f6e4a8511e.jpg,v4,1,0,27,67
img_004713.jpg,ROBOFLOW_DroneFootage-183_jpg.rf.61f89851ae6f24630dd991f6e4a8511e.jpg,v4,2,0,30,67
img_004714.jpg,ROBOFLOW_DroneFootage-187_jpg.rf.444d0afaaad6bf41a9986a96dd1cc4a3.jpg,v4,0,0,30,0
img_004715.jpg,ROBOFLOW_DroneFootage-187_jpg.rf.444d0afaaad6bf41a9986a96dd1cc4a3.jpg,v4,1,0,30,0
img_004716.jpg,ROBOFLOW_DroneFootage-187_jpg.rf.444d0afaaad6bf41a9986a96dd1cc4a3.jpg,v4,2,0,30,0
img_004717.jpg,ROBOFLOW_DroneFootage-18_jpg.rf.3f14d41782010b59c64d61750c2c1a4a.jpg,v4,0,0,30,0
img_004718.jpg,ROBOFLOW_DroneFootage-18_jpg.rf.3f14d41782010b59c64d61750c2c1a4a.jpg,v4,1,0,26,0
img_004719.jpg,ROBOFLOW_DroneFootage-18_jpg.rf.3f14d41782010b59c64d61750c2c1a4a.jpg,v4,2,0,30,0
img_004720.jpg,ROBOFLOW_DroneFootage-19_jpg.rf.8513fbcc6ea56b9e813878d2452398a8.jpg,v4,0,0,30,0
img_004721.jpg,ROBOFLOW_DroneFootage-19_jpg.rf.8513fbcc6ea56b9e813878d2452398a8.jpg,v4,1,0,30,0
img_004722.jpg,ROBOFLOW_DroneFootage-19_jpg.rf.8513fbcc6ea56b9e813878d2452398a8.jpg,v4,2,0,30,0
img_004723.jpg,ROBOFLOW_DroneFootage-211_jpg.rf.fe066593f7718cb44f606d33542b4cc7.jpg,v4,0,0,30,129
img_004724.jpg,ROBOFLOW_DroneFootage-211_jpg.rf.fe066593f7718cb44f606d33542b4cc7.jpg,v4,1,0,30,129
img_004725.jpg,ROBOFLOW_DroneFootage-211_jpg.rf.fe066593f7718cb44f606d33542b4cc7.jpg,v4,2,0,30,129
img_004726.jpg,ROBOFLOW_DroneFootage-212_jpg.rf.883061a9477ba43fd9a7596b05407e20.jpg,v4,0,0,30,215
img_004727.jpg,ROBOFLOW_DroneFootage-212_jpg.rf.883061a9477ba43fd9a7596b05407e20.jpg,v4,1,0,30,215
img_004728.jpg,ROBOFLOW_DroneFootage-212_jpg.rf.883061a9477ba43fd9a7596b05407e20.jpg,v4,2,0,30,215
img_004729.jpg,ROBOFLOW_DroneFootage-213_jpg.rf.caac5098c0dc5dff7be6ba4ef17c8804.jpg,v4,0,0,30,0
img_004730.jpg,ROBOFLOW_DroneFootage-213_jpg.rf.caac5098c0dc5dff7be6ba4ef17c8804.jpg,v4,1,0,30,0
img_004731.jpg,ROBOFLOW_DroneFootage-213_jpg.rf.caac5098c0dc5dff7be6ba4ef17c8804.jpg,v4,2,0,30,0
img_004732.jpg,ROBOFLOW_DroneFootage-219_jpg.rf.0513db30aa76f12fa21adda5b46e084f.jpg,v4,0,0,30,0
img_004733.jpg,ROBOFLOW_DroneFootage-219_jpg.rf.0513db30aa76f12fa21adda5b46e084f.jpg,v4,1,0,16,0
img_004734.jpg,ROBOFLOW_DroneFootage-219_jpg.rf.0513db30aa76f12fa21adda5b46e084f.jpg,v4,2,0,26,0
img_004735.jpg,ROBOFLOW_DroneFootage-220_jpg.rf.b2e776f2d7b68b76b41065ee17be79cd.jpg,v4,0,0,30,14
img_004736.jpg,ROBOFLOW_DroneFootage-220_jpg.rf.b2e776f2d7b68b76b41065ee17be79cd.jpg,v4,1,0,24,14
img_004737.jpg,ROBOFLOW_DroneFootage-220_jpg.rf.b2e776f2d7b68b76b41065ee17be79cd.jpg,v4,2,0,25,14
img_004738.jpg,ROBOFLOW_DroneFootage-224_jpg.rf.fe58948f541ec7b87fa12c6a9481c199.jpg,v4,0,0,30,94
img_004739.jpg,ROBOFLOW_DroneFootage-224_jpg.rf.fe58948f541ec7b87fa12c6a9481c199.jpg,v4,1,0,30,94
img_004740.jpg,ROBOFLOW_DroneFootage-224_jpg.rf.fe58948f541ec7b87fa12c6a9481c199.jpg,v4,2,0,30,94
img_004741.jpg,ROBOFLOW_DroneFootage-229_jpg.rf.081ef10743f1e3ca56c7f5786a97ecd4.jpg,v4,0,0,21,0
img_004742.jpg,ROBOFLOW_DroneFootage-229_jpg.rf.081ef10743f1e3ca56c7f5786a97ecd4.jpg,v4,1,0,30,0
img_004743.jpg,ROBOFLOW_DroneFootage-229_jpg.rf.081ef10743f1e3ca56c7f5786a97ecd4.jpg,v4,2,0,30,0
img_004744.jpg,ROBOFLOW_DroneFootage-230_jpg.rf.f6be1a3248e21948a241b66a427328d1.jpg,v4,0,3,30,326
img_004745.jpg,ROBOFLOW_DroneFootage-230_jpg.rf.f6be1a3248e21948a241b66a427328d1.jpg,v4,1,3,30,326
img_004746.jpg,ROBOFLOW_DroneFootage-230_jpg.rf.f6be1a3248e21948a241b66a427328d1.jpg,v4,2,3,30,326
img_004747.jpg,ROBOFLOW_DroneFootage-233_jpg.rf.75af2155fa361c54142fe3f7819e8beb.jpg,v4,0,0,30,10
img_004748.jpg,ROBOFLOW_DroneFootage-233_jpg.rf.75af2155fa361c54142fe3f7819e8beb.jpg,v4,1,0,30,10
img_004749.jpg,ROBOFLOW_DroneFootage-233_jpg.rf.75af2155fa361c54142fe3f7819e8beb.jpg,v4,2,0,30,10
img_004750.jpg,ROBOFLOW_DroneFootage-236_jpg.rf.f0f7f7fae54d50f7dec62098a203d038.jpg,v4,0,3,24,96
img_004751.jpg,ROBOFLOW_DroneFootage-236_jpg.rf.f0f7f7fae54d50f7dec62098a203d038.jpg,v4,1,3,30,96
img_004752.jpg,ROBOFLOW_DroneFootage-236_jpg.rf.f0f7f7fae54d50f7dec62098a203d038.jpg,v4,2,3,30,96
img_004753.jpg,ROBOFLOW_DroneFootage-239_jpg.rf.f2c72fb43da54dacea8e02dd275399a0.jpg,v4,0,0,22,108
img_004754.jpg,ROBOFLOW_DroneFootage-239_jpg.rf.f2c72fb43da54dacea8e02dd275399a0.jpg,v4,1,0,30,108
img_004755.jpg,ROBOFLOW_DroneFootage-239_jpg.rf.f2c72fb43da54dacea8e02dd275399a0.jpg,v4,2,0,20,108
img_004756.jpg,ROBOFLOW_DroneFootage-23_jpg.rf.40c086ff74d785ba41d093c5c7434a0f.jpg,v4,0,0,30,318
img_004757.jpg,ROBOFLOW_DroneFootage-23_jpg.rf.40c086ff74d785ba41d093c5c7434a0f.jpg,v4,1,0,30,318
img_004758.jpg,ROBOFLOW_DroneFootage-23_jpg.rf.40c086ff74d785ba41d093c5c7434a0f.jpg,v4,2,0,30,318
img_004759.jpg,ROBOFLOW_DroneFootage-241_jpg.rf.56575484ccaf36f1318e01bc556b814b.jpg,v4,0,0,20,0
img_004760.jpg,ROBOFLOW_DroneFootage-241_jpg.rf.56575484ccaf36f1318e01bc556b814b.jpg,v4,1,0,30,0
img_004761.jpg,ROBOFLOW_DroneFootage-241_jpg.rf.56575484ccaf36f1318e01bc556b814b.jpg,v4,2,0,30,0
img_004762.jpg,ROBOFLOW_DroneFootage-242_jpg.rf.9e8f9a4495663d35ed1d85448045f6c4.jpg,v4,0,0,23,102
img_004763.jpg,ROBOFLOW_DroneFootage-242_jpg.rf.9e8f9a4495663d35ed1d85448045f6c4.jpg,v4,1,0,24,102
img_004764.jpg,ROBOFLOW_DroneFootage-242_jpg.rf.9e8f9a4495663d35ed1d85448045f6c4.jpg,v4,2,0,21,102
img_004765.jpg,ROBOFLOW_DroneFootage-245_jpg.rf.277ed23104c2942b02aa36de393cb4d3.jpg,v4,0,0,30,142
img_004766.jpg,ROBOFLOW_DroneFootage-245_jpg.rf.277ed23104c2942b02aa36de393cb4d3.jpg,v4,1,0,30,142
img_004767.jpg,ROBOFLOW_DroneFootage-245_jpg.rf.277ed23104c2942b02aa36de393cb4d3.jpg,v4,2,0,30,142
img_004768.jpg,ROBOFLOW_DroneFootage-247_jpg.rf.16d679eab874343ac6adae7923a6f143.jpg,v4,0,0,30,0
img_004769.jpg,ROBOFLOW_DroneFootage-247_jpg.rf.16d679eab874343ac6adae7923a6f143.jpg,v4,1,0,23,0
img_004770.jpg,ROBOFLOW_DroneFootage-247_jpg.rf.16d679eab874343ac6adae7923a6f143.jpg,v4,2,0,30,0
img_004771.jpg,ROBOFLOW_DroneFootage-248_jpg.rf.31068f9a7d2f674bb1439bd19a1eb860.jpg,v4,0,5,30,103
img_004772.jpg,ROBOFLOW_DroneFootage-248_jpg.rf.31068f9a7d2f674bb1439bd19a1eb860.jpg,v4,1,5,30,103
img_004773.jpg,ROBOFLOW_DroneFootage-248_jpg.rf.31068f9a7d2f674bb1439bd19a1eb860.jpg,v4,2,5,30,103
img_004774.jpg,ROBOFLOW_DroneFootage-24_jpg.rf.da613835950be8ce76406dfce01ce464.jpg,v4,0,2,17,0
img_004775.jpg,ROBOFLOW_DroneFootage-24_jpg.rf.da613835950be8ce76406dfce01ce464.jpg,v4,1,2,30,0
img_004776.jpg,ROBOFLOW_DroneFootage-24_jpg.rf.da613835950be8ce76406dfce01ce464.jpg,v4,2,2,30,0
img_004777.jpg,ROBOFLOW_DroneFootage-250_jpg.rf.58498278557de9e8a0dc8405c6d98d42.jpg,v4,0,0,30,23
img_004778.jpg,ROBOFLOW_DroneFootage-250_jpg.rf.58498278557de9e8a0dc8405c6d98d42.jpg,v4,1,0,30,23
img_004779.jpg,ROBOFLOW_DroneFootage-250_jpg.rf.58498278557de9e8a0dc8405c6d98d42.jpg,v4,2,0,30,23
img_004780.jpg,ROBOFLOW_DroneFootage-252_jpg.rf.5d18cbf13c78dbdc2ab8c84b1e1f6b6c.jpg,v4,0,2,30,109
img_004781.jpg,ROBOFLOW_DroneFootage-252_jpg.rf.5d18cbf13c78dbdc2ab8c84b1e1f6b6c.jpg,v4,1,2,30,109
img_004782.jpg,ROBOFLOW_DroneFootage-252_jpg.rf.5d18cbf13c78dbdc2ab8c84b1e1f6b6c.jpg,v4,2,2,30,109
img_004783.jpg,ROBOFLOW_DroneFootage-253_jpg.rf.c8944601a240502d596e2a1054e1d782.jpg,v4,0,0,30,0
img_004784.jpg,ROBOFLOW_DroneFootage-253_jpg.rf.c8944601a240502d596e2a1054e1d782.jpg,v4,1,0,24,0
img_004785.jpg,ROBOFLOW_DroneFootage-253_jpg.rf.c8944601a240502d596e2a1054e1d782.jpg,v4,2,0,30,0
img_004786.jpg,ROBOFLOW_DroneFootage-254_jpg.rf.2d2c03735bd17ced09ebc6f9c14668a3.jpg,v4,0,0,24,0
img_004787.jpg,ROBOFLOW_DroneFootage-254_jpg.rf.2d2c03735bd17ced09ebc6f9c14668a3.jpg,v4,1,0,30,0
img_004788.jpg,ROBOFLOW_DroneFootage-254_jpg.rf.2d2c03735bd17ced09ebc6f9c14668a3.jpg,v4,2,0,30,0
img_004789.jpg,ROBOFLOW_DroneFootage-256_jpg.rf.a9730feca189b9a4308ee46d6018e3b2.jpg,v4,0,0,19,14
img_004790.jpg,ROBOFLOW_DroneFootage-256_jpg.rf.a9730feca189b9a4308ee46d6018e3b2.jpg,v4,1,0,30,14
img_004791.jpg,ROBOFLOW_DroneFootage-256_jpg.rf.a9730feca189b9a4308ee46d6018e3b2.jpg,v4,2,0,30,14
img_004792.jpg,ROBOFLOW_DroneFootage-258_jpg.rf.c785d818f45a44a8d69dba76982ae257.jpg,v4,0,0,30,130
img_004793.jpg,ROBOFLOW_DroneFootage-258_jpg.rf.c785d818f45a44a8d69dba76982ae257.jpg,v4,1,0,30,130
img_004794.jpg,ROBOFLOW_DroneFootage-258_jpg.rf.c785d818f45a44a8d69dba76982ae257.jpg,v4,2,0,30,130
img_004795.jpg,ROBOFLOW_DroneFootage-25_jpg.rf.b8e04d87bb92585da63de414f9292ba8.jpg,v4,0,0,25,0
img_004796.jpg,ROBOFLOW_DroneFootage-25_jpg.rf.b8e04d87bb92585da63de414f9292ba8.jpg,v4,1,0,30,0
img_004797.jpg,ROBOFLOW_DroneFootage-25_jpg.rf.b8e04d87bb92585da63de414f9292ba8.jpg,v4,2,0,30,0
img_004798.jpg,ROBOFLOW_DroneFootage-263_jpg.rf.1077d80871d34ea616646ed206fb7939.jpg,v4,0,0,22,22
img_004799.jpg,ROBOFLOW_DroneFootage-263_jpg.rf.1077d80871d34ea616646ed206fb7939.jpg,v4,1,0,30,22
img_004800.jpg,ROBOFLOW_DroneFootage-263_jpg.rf.1077d80871d34ea616646ed206fb7939.jpg,v4,2,0,30,22
img_004801.jpg,ROBOFLOW_DroneFootage-269_jpg.rf.a34ee61a73abcd29843b5a2465963877.jpg,v4,0,0,30,87
img_004802.jpg,ROBOFLOW_DroneFootage-269_jpg.rf.a34ee61a73abcd29843b5a2465963877.jpg,v4,1,0,30,87
img_004803.jpg,ROBOFLOW_DroneFootage-269_jpg.rf.a34ee61a73abcd29843b5a2465963877.jpg,v4,2,0,30,87
img_004804.jpg,ROBOFLOW_DroneFootage-270_jpg.rf.73c802bd43483a11bc7c1c92dee230a9.jpg,v4,0,0,30,74
img_004805.jpg,ROBOFLOW_DroneFootage-270_jpg.rf.73c802bd43483a11bc7c1c92dee230a9.jpg,v4,1,0,30,74
img_004806.jpg,ROBOFLOW_DroneFootage-270_jpg.rf.73c802bd43483a11bc7c1c92dee230a9.jpg,v4,2,0,30,74
img_004807.jpg,ROBOFLOW_DroneFootage-272_jpg.rf.be5501fd3a810beaf038d57bfcdec321.jpg,v4,0,0,30,0
img_004808.jpg,ROBOFLOW_DroneFootage-272_jpg.rf.be5501fd3a810beaf038d57bfcdec321.jpg,v4,1,0,30,0
img_004809.jpg,ROBOFLOW_DroneFootage-272_jpg.rf.be5501fd3a810beaf038d57bfcdec321.jpg,v4,2,0,30,0
img_004810.jpg,ROBOFLOW_DroneFootage-273_jpg.rf.f68466f2accccd50999934aea8c9b729.jpg,v4,0,0,18,56
img_004811.jpg,ROBOFLOW_DroneFootage-273_jpg.rf.f68466f2accccd50999934aea8c9b729.jpg,v4,1,0,30,56
img_004812.jpg,ROBOFLOW_DroneFootage-273_jpg.rf.f68466f2accccd50999934aea8c9b729.jpg,v4,2,0,22,56
img_004813.jpg,ROBOFLOW_DroneFootage-274_jpg.rf.0b1ec41e88726b6a4af66550542d9c8d.jpg,v4,0,0,30,149
img_004814.jpg,ROBOFLOW_DroneFootage-274_jpg.rf.0b1ec41e88726b6a4af66550542d9c8d.jpg,v4,1,0,30,149
img_004815.jpg,ROBOFLOW_DroneFootage-274_jpg.rf.0b1ec41e88726b6a4af66550542d9c8d.jpg,v4,2,0,30,149
img_004816.jpg,ROBOFLOW_DroneFootage-275_jpg.rf.d7d7f511d0473073cf67e380988586c1.jpg,v4,0,0,30,0
img_004817.jpg,ROBOFLOW_DroneFootage-275_jpg.rf.d7d7f511d0473073cf67e380988586c1.jpg,v4,1,0,24,0
img_004818.jpg,ROBOFLOW_DroneFootage-275_jpg.rf.d7d7f511d0473073cf67e380988586c1.jpg,v4,2,0,30,0
img_004819.jpg,ROBOFLOW_DroneFootage-280_jpg.rf.dc777829b807833e0d6355f83bc7fc10.jpg,v4,0,0,30,64
img_004820.jpg,ROBOFLOW_DroneFootage-280_jpg.rf.dc777829b807833e0d6355f83bc7fc10.jpg,v4,1,0,30,64
img_004821.jpg,ROBOFLOW_DroneFootage-280_jpg.rf.dc777829b807833e0d6355f83bc7fc10.jpg,v4,2,0,30,64
img_004822.jpg,ROBOFLOW_DroneFootage-281_jpg.rf.f1bf876db477036b81eb5d17da7e0395.jpg,v4,0,0,30,69
img_004823.jpg,ROBOFLOW_DroneFootage-281_jpg.rf.f1bf876db477036b81eb5d17da7e0395.jpg,v4,1,0,30,69
img_004824.jpg,ROBOFLOW_DroneFootage-281_jpg.rf.f1bf876db477036b81eb5d17da7e0395.jpg,v4,2,0,30,69
img_004825.jpg,ROBOFLOW_DroneFootage-283_jpg.rf.03adc9111689074d86c4f0f0e5b2d0ef.jpg,v4,0,1,30,198
img_004826.jpg,ROBOFLOW_DroneFootage-283_jpg.rf.03adc9111689074d86c4f0f0e5b2d0ef.jpg,v4,1,1,30,198
img_004827.jpg,ROBOFLOW_DroneFootage-283_jpg.rf.03adc9111689074d86c4f0f0e5b2d0ef.jpg,v4,2,1,25,198
img_004828.jpg,ROBOFLOW_DroneFootage-284_jpg.rf.2b68cdf3d481f9a3f172061ff30286cf.jpg,v4,0,1,30,0
img_004829.jpg,ROBOFLOW_DroneFootage-284_jpg.rf.2b68cdf3d481f9a3f172061ff30286cf.jpg,v4,1,1,30,0
img_004830.jpg,ROBOFLOW_DroneFootage-284_jpg.rf.2b68cdf3d481f9a3f172061ff30286cf.jpg,v4,2,1,24,0
img_004831.jpg,ROBOFLOW_DroneFootage-291_jpg.rf.a449bf267a653ac1f375081f9c39974b.jpg,v4,0,0,30,0
img_004832.jpg,ROBOFLOW_DroneFootage-291_jpg.rf.a449bf267a653ac1f375081f9c39974b.jpg,v4,1,0,30,0
img_004833.jpg,ROBOFLOW_DroneFootage-291_jpg.rf.a449bf267a653ac1f375081f9c39974b.jpg,v4,2,0,30,0
img_004834.jpg,ROBOFLOW_DroneFootage-292_jpg.rf.83378a5e9861a14ebdd959d81a28d18d.jpg,v4,0,0,25,0
img_004835.jpg,ROBOFLOW_DroneFootage-292_jpg.rf.83378a5e9861a14ebdd959d81a28d18d.jpg,v4,1,0,30,0
img_004836.jpg,ROBOFLOW_DroneFootage-292_jpg.rf.83378a5e9861a14ebdd959d81a28d18d.jpg,v4,2,0,30,0
img_004837.jpg,ROBOFLOW_DroneFootage-293_jpg.rf.0e96024e5728f0d9bab83324d0c2a853.jpg,v4,0,0,30,0
img_004838.jpg,ROBOFLOW_DroneFootage-293_jpg.rf.0e96024e5728f0d9bab83324d0c2a853.jpg,v4,1,0,30,0
img_004839.jpg,ROBOFLOW_DroneFootage-293_jpg.rf.0e96024e5728f0d9bab83324d0c2a853.jpg,v4,2,0,30,0
img_004840.jpg,ROBOFLOW_DroneFootage-295_jpg.rf.d3b19f0feb13c2ea58b5186221d5cd73.jpg,v4,0,18,30,118
img_004841.jpg,ROBOFLOW_DroneFootage-295_jpg.rf.d3b19f0feb13c2ea58b5186221d5cd73.jpg,v4,1,18,30,118
img_004842.jpg,ROBOFLOW_DroneFootage-295_jpg.rf.d3b19f0feb13c2ea58b5186221d5cd73.jpg,v4,2,18,30,118
img_004843.jpg,ROBOFLOW_DroneFootage-297_jpg.rf.2bb105defbd9f91122b91dee7de4b65b.jpg,v4,0,0,30,130
img_004844.jpg,ROBOFLOW_DroneFootage-297_jpg.rf.2bb105defbd9f91122b91dee7de4b65b.jpg,v4,1,0,30,130
img_004845.jpg,ROBOFLOW_DroneFootage-297_jpg.rf.2bb105defbd9f91122b91dee7de4b65b.jpg,v4,2,0,30,130
img_004846.jpg,ROBOFLOW_DroneFootage-298_jpg.rf.b40730ecd2b3d8e3822a98835aaeaa4b.jpg,v4,0,0,30,0
img_004847.jpg,ROBOFLOW_DroneFootage-298_jpg.rf.b40730ecd2b3d8e3822a98835aaeaa4b.jpg,v4,1,0,30,0
img_004848.jpg,ROBOFLOW_DroneFootage-298_jpg.rf.b40730ecd2b3d8e3822a98835aaeaa4b.jpg,v4,2,0,30,0
img_004849.jpg,ROBOFLOW_DroneFootage-299_jpg.rf.ef2a6941b29ccd8bf5bd2f7f1c0143aa.jpg,v4,0,0,30,29
img_004850.jpg,ROBOFLOW_DroneFootage-299_jpg.rf.ef2a6941b29ccd8bf5bd2f7f1c0143aa.jpg,v4,1,0,30,29
img_004851.jpg,ROBOFLOW_DroneFootage-299_jpg.rf.ef2a6941b29ccd8bf5bd2f7f1c0143aa.jpg,v4,2,0,30,29
img_004852.jpg,ROBOFLOW_DroneFootage-300_jpg.rf.8eb0bea078fbaedaf0ce075786b17d8f.jpg,v4,0,0,30,161
img_004853.jpg,ROBOFLOW_DroneFootage-300_jpg.rf.8eb0bea078fbaedaf0ce075786b17d8f.jpg,v4,1,0,30,161
img_004854.jpg,ROBOFLOW_DroneFootage-300_jpg.rf.8eb0bea078fbaedaf0ce075786b17d8f.jpg,v4,2,0,30,161
img_004855.jpg,ROBOFLOW_DroneFootage-302_jpg.rf.a677d813ba68e8261f0838d3865cb222.jpg,v4,0,1,30,148
img_004856.jpg,ROBOFLOW_DroneFootage-302_jpg.rf.a677d813ba68e8261f0838d3865cb222.jpg,v4,1,1,30,148
img_004857.jpg,ROBOFLOW_DroneFootage-302_jpg.rf.a677d813ba68e8261f0838d3865cb222.jpg,v4,2,1,30,148
img_004858.jpg,ROBOFLOW_DroneFootage-306_jpg.rf.a389810d3042245a1315e8498b7a70d6.jpg,v4,0,0,30,0
img_004859.jpg,ROBOFLOW_DroneFootage-306_jpg.rf.a389810d3042245a1315e8498b7a70d6.jpg,v4,1,0,25,0
img_004860.jpg,ROBOFLOW_DroneFootage-306_jpg.rf.a389810d3042245a1315e8498b7a70d6.jpg,v4,2,0,22,0
img_004861.jpg,ROBOFLOW_DroneFootage-307_jpg.rf.0bcccaeca8a91029b2e669cda85c47b3.jpg,v4,0,0,0,503
img_004862.jpg,ROBOFLOW_DroneFootage-307_jpg.rf.0bcccaeca8a91029b2e669cda85c47b3.jpg,v4,1,0,0,503
img_004863.jpg,ROBOFLOW_DroneFootage-307_jpg.rf.0bcccaeca8a91029b2e669cda85c47b3.jpg,v4,2,0,0,503
img_004864.jpg,ROBOFLOW_DroneFootage-308_jpg.rf.c9b1c1c3a1d785c8732866a0292f28ed.jpg,v4,0,0,30,0
img_004865.jpg,ROBOFLOW_DroneFootage-308_jpg.rf.c9b1c1c3a1d785c8732866a0292f28ed.jpg,v4,1,0,30,0
img_004866.jpg,ROBOFLOW_DroneFootage-308_jpg.rf.c9b1c1c3a1d785c8732866a0292f28ed.jpg,v4,2,0,30,0
img_004867.jpg,ROBOFLOW_DroneFootage-309_jpg.rf.8fa6266f7dd557c96a6bcde63db4af6a.jpg,v4,0,0,30,0
img_004868.jpg,ROBOFLOW_DroneFootage-309_jpg.rf.8fa6266f7dd557c96a6bcde63db4af6a.jpg,v4,1,0,30,0
img_004869.jpg,ROBOFLOW_DroneFootage-309_jpg.rf.8fa6266f7dd557c96a6bcde63db4af6a.jpg,v4,2,0,30,0
img_004870.jpg,ROBOFLOW_DroneFootage-310_jpg.rf.4d3e2bec2621302ea4ac531e5421b353.jpg,v4,0,0,15,23
img_004871.jpg,ROBOFLOW_DroneFootage-310_jpg.rf.4d3e2bec2621302ea4ac531e5421b353.jpg,v4,1,0,30,23
img_004872.jpg,ROBOFLOW_DroneFootage-310_jpg.rf.4d3e2bec2621302ea4ac531e5421b353.jpg,v4,2,0,30,23
img_004873.jpg,ROBOFLOW_DroneFootage-311_jpg.rf.72cb8a64ecdb83635983fb08246efee4.jpg,v4,0,0,30,0
img_004874.jpg,ROBOFLOW_DroneFootage-311_jpg.rf.72cb8a64ecdb83635983fb08246efee4.jpg,v4,1,0,30,0
img_004875.jpg,ROBOFLOW_DroneFootage-311_jpg.rf.72cb8a64ecdb83635983fb08246efee4.jpg,v4,2,0,22,0
img_004876.jpg,ROBOFLOW_DroneFootage-312_jpg.rf.25f3317cf8fb16ece742789dc402e907.jpg,v4,0,0,30,336
img_004877.jpg,ROBOFLOW_DroneFootage-312_jpg.rf.25f3317cf8fb16ece742789dc402e907.jpg,v4,1,0,30,336
img_004878.jpg,ROBOFLOW_DroneFootage-312_jpg.rf.25f3317cf8fb16ece742789dc402e907.jpg,v4,2,0,30,336
img_004879.jpg,ROBOFLOW_DroneFootage-314_jpg.rf.04e8419a56a81d88faa3d75f696b19bf.jpg,v4,0,0,30,222
img_004880.jpg,ROBOFLOW_DroneFootage-314_jpg.rf.04e8419a56a81d88faa3d75f696b19bf.jpg,v4,1,0,30,222
img_004881.jpg,ROBOFLOW_DroneFootage-314_jpg.rf.04e8419a56a81d88faa3d75f696b19bf.jpg,v4,2,0,30,222
img_004882.jpg,ROBOFLOW_DroneFootage-316_jpg.rf.5b41c0352c32fb9f5f1dfe5e4c2b78d4.jpg,v4,0,0,30,0
img_004883.jpg,ROBOFLOW_DroneFootage-316_jpg.rf.5b41c0352c32fb9f5f1dfe5e4c2b78d4.jpg,v4,1,0,30,0
img_004884.jpg,ROBOFLOW_DroneFootage-316_jpg.rf.5b41c0352c32fb9f5f1dfe5e4c2b78d4.jpg,v4,2,0,30,0
img_004885.jpg,ROBOFLOW_DroneFootage-317_jpg.rf.3c4a36e71d11342900663bedbb2e7751.jpg,v4,0,0,30,0
img_004886.jpg,ROBOFLOW_DroneFootage-317_jpg.rf.3c4a36e71d11342900663bedbb2e7751.jpg,v4,1,0,19,0
img_004887.jpg,ROBOFLOW_DroneFootage-317_jpg.rf.3c4a36e71d11342900663bedbb2e7751.jpg,v4,2,0,30,0
img_004888.jpg,ROBOFLOW_DroneFootage-318_jpg.rf.354a499745aa8ad000b9534f51e8d891.jpg,v4,0,0,30,0
img_004889.jpg,ROBOFLOW_DroneFootage-318_jpg.rf.354a499745aa8ad000b9534f51e8d891.jpg,v4,1,0,30,0
img_004890.jpg,ROBOFLOW_DroneFootage-318_jpg.rf.354a499745aa8ad000b9534f51e8d891.jpg,v4,2,0,30,0
img_004891.jpg,ROBOFLOW_DroneFootage-323_jpg.rf.90bcaa91ce9d878c767b97a9334b1975.jpg,v4,0,0,30,0
img_004892.jpg,ROBOFLOW_DroneFootage-323_jpg.rf.90bcaa91ce9d878c767b97a9334b1975.jpg,v4,1,0,25,0
img_004893.jpg,ROBOFLOW_DroneFootage-323_jpg.rf.90bcaa91ce9d878c767b97a9334b1975.jpg,v4,2,0,30,0
img_004894.jpg,ROBOFLOW_DroneFootage-331_jpg.rf.e996072928df54b7a10c264127c440f1.jpg,v4,0,0,21,0
img_004895.jpg,ROBOFLOW_DroneFootage-331_jpg.rf.e996072928df54b7a10c264127c440f1.jpg,v4,1,0,30,0
img_004896.jpg,ROBOFLOW_DroneFootage-331_jpg.rf.e996072928df54b7a10c264127c440f1.jpg,v4,2,0,30,0
img_004897.jpg,ROBOFLOW_DroneFootage-332_jpg.rf.339fda0c3dab8bc2e3b884647bfb7605.jpg,v4,0,0,30,60
img_004898.jpg,ROBOFLOW_DroneFootage-332_jpg.rf.339fda0c3dab8bc2e3b884647bfb7605.jpg,v4,1,0,30,60
img_004899.jpg,ROBOFLOW_DroneFootage-332_jpg.rf.339fda0c3dab8bc2e3b884647bfb7605.jpg,v4,2,0,30,60
img_004900.jpg,ROBOFLOW_DroneFootage-333_jpg.rf.f3c4e80b6b05c568222f4fc66afcdbcb.jpg,v4,0,0,30,0
img_004901.jpg,ROBOFLOW_DroneFootage-333_jpg.rf.f3c4e80b6b05c568222f4fc66afcdbcb.jpg,v4,1,0,25,0
img_004902.jpg,ROBOFLOW_DroneFootage-333_jpg.rf.f3c4e80b6b05c568222f4fc66afcdbcb.jpg,v4,2,0,30,0
img_004903.jpg,ROBOFLOW_DroneFootage-337_jpg.rf.9c4e241dfd791f4a86e577458c25d824.jpg,v4,0,4,17,22
img_004904.jpg,ROBOFLOW_DroneFootage-337_jpg.rf.9c4e241dfd791f4a86e577458c25d824.jpg,v4,1,4,30,22
img_004905.jpg,ROBOFLOW_DroneFootage-337_jpg.rf.9c4e241dfd791f4a86e577458c25d824.jpg,v4,2,4,22,22
img_004906.jpg,ROBOFLOW_DroneFootage-33_jpg.rf.a3ebe892b1d78df9b9122ee0c496a6b5.jpg,v4,0,0,30,36
img_004907.jpg,ROBOFLOW_DroneFootage-33_jpg.rf.a3ebe892b1d78df9b9122ee0c496a6b5.jpg,v4,1,0,30,36
img_004908.jpg,ROBOFLOW_DroneFootage-33_jpg.rf.a3ebe892b1d78df9b9122ee0c496a6b5.jpg,v4,2,0,30,36
img_004909.jpg,ROBOFLOW_DroneFootage-340_jpg.rf.4d1554f6b821723b7ed14f15298f71fd.jpg,v4,0,0,30,0
img_004910.jpg,ROBOFLOW_DroneFootage-340_jpg.rf.4d1554f6b821723b7ed14f15298f71fd.jpg,v4,1,0,30,0
img_004911.jpg,ROBOFLOW_DroneFootage-340_jpg.rf.4d1554f6b821723b7ed14f15298f71fd.jpg,v4,2,0,30,0
img_004912.jpg,ROBOFLOW_DroneFootage-341_jpg.rf.e5c8bb88200dcf9867ba1361f58d110e.jpg,v4,0,0,24,0
img_004913.jpg,ROBOFLOW_DroneFootage-341_jpg.rf.e5c8bb88200dcf9867ba1361f58d110e.jpg,v4,1,0,30,0
img_004914.jpg,ROBOFLOW_DroneFootage-341_jpg.rf.e5c8bb88200dcf9867ba1361f58d110e.jpg,v4,2,0,30,0
img_004915.jpg,ROBOFLOW_DroneFootage-344_jpg.rf.1aec12669a7b8b5fdf8a9e7362bfdec5.jpg,v4,0,2,27,0
img_004916.jpg,ROBOFLOW_DroneFootage-344_jpg.rf.1aec12669a7b8b5fdf8a9e7362bfdec5.jpg,v4,1,2,30,0
img_004917.jpg,ROBOFLOW_DroneFootage-344_jpg.rf.1aec12669a7b8b5fdf8a9e7362bfdec5.jpg,v4,2,2,30,0
img_004918.jpg,ROBOFLOW_DroneFootage-345_jpg.rf.eaccbe89dd021e9ab23ac6c95293c87f.jpg,v4,0,0,30,54
img_004919.jpg,ROBOFLOW_DroneFootage-345_jpg.rf.eaccbe89dd021e9ab23ac6c95293c87f.jpg,v4,1,0,30,54
img_004920.jpg,ROBOFLOW_DroneFootage-345_jpg.rf.eaccbe89dd021e9ab23ac6c95293c87f.jpg,v4,2,0,30,54
img_004921.jpg,ROBOFLOW_DroneFootage-347_jpg.rf.ae2e186a33234ef07866a2bbfe154852.jpg,v4,0,0,30,0
img_004922.jpg,ROBOFLOW_DroneFootage-347_jpg.rf.ae2e186a33234ef07866a2bbfe154852.jpg,v4,1,0,30,0
img_004923.jpg,ROBOFLOW_DroneFootage-347_jpg.rf.ae2e186a33234ef07866a2bbfe154852.jpg,v4,2,0,30,0
img_004924.jpg,ROBOFLOW_DroneFootage-350_jpg.rf.b3a391a90651c5d0fc1300043a0e641b.jpg,v4,0,0,30,123
img_004925.jpg,ROBOFLOW_DroneFootage-350_jpg.rf.b3a391a90651c5d0fc1300043a0e641b.jpg,v4,1,0,30,123
img_004926.jpg,ROBOFLOW_DroneFootage-350_jpg.rf.b3a391a90651c5d0fc1300043a0e641b.jpg,v4,2,0,19,123
img_004927.jpg,ROBOFLOW_DroneFootage-357_jpg.rf.e195c5a94433a3b0f9f75e96252ba9b6.jpg,v4,0,0,30,0
img_004928.jpg,ROBOFLOW_DroneFootage-357_jpg.rf.e195c5a94433a3b0f9f75e96252ba9b6.jpg,v4,1,0,22,0
img_004929.jpg,ROBOFLOW_DroneFootage-357_jpg.rf.e195c5a94433a3b0f9f75e96252ba9b6.jpg,v4,2,0,30,0
img_004930.jpg,ROBOFLOW_DroneFootage-358_jpg.rf.2551117b28733f07959979aaed57732a.jpg,v4,0,0,30,0
img_004931.jpg,ROBOFLOW_DroneFootage-358_jpg.rf.2551117b28733f07959979aaed57732a.jpg,v4,1,0,30,0
img_004932.jpg,ROBOFLOW_DroneFootage-358_jpg.rf.2551117b28733f07959979aaed57732a.jpg,v4,2,0,30,0
img_004933.jpg,ROBOFLOW_DroneFootage-362_jpg.rf.216bd1be21aa97f42fd8ed940ce0d8bc.jpg,v4,0,1,30,0
img_004934.jpg,ROBOFLOW_DroneFootage-362_jpg.rf.216bd1be21aa97f42fd8ed940ce0d8bc.jpg,v4,1,1,30,0
img_004935.jpg,ROBOFLOW_DroneFootage-362_jpg.rf.216bd1be21aa97f42fd8ed940ce0d8bc.jpg,v4,2,1,20,0
img_004936.jpg,ROBOFLOW_DroneFootage-36_jpg.rf.d65fac9c99e633004c4cfa2a8191fdd1.jpg,v4,0,0,30,0
img_004937.jpg,ROBOFLOW_DroneFootage-36_jpg.rf.d65fac9c99e633004c4cfa2a8191fdd1.jpg,v4,1,0,30,0
img_004938.jpg,ROBOFLOW_DroneFootage-36_jpg.rf.d65fac9c99e633004c4cfa2a8191fdd1.jpg,v4,2,0,30,0
img_004939.jpg,ROBOFLOW_DroneFootage-371_jpg.rf.fde9e76b96577ceb0c43515801760d1b.jpg,v4,0,1,30,25
img_004940.jpg,ROBOFLOW_DroneFootage-371_jpg.rf.fde9e76b96577ceb0c43515801760d1b.jpg,v4,1,1,30,25
img_004941.jpg,ROBOFLOW_DroneFootage-371_jpg.rf.fde9e76b96577ceb0c43515801760d1b.jpg,v4,2,1,30,25
img_004942.jpg,ROBOFLOW_DroneFootage-373_jpg.rf.a8b1fc277bee757215a112cdf6f3eda9.jpg,v4,0,0,30,110
img_004943.jpg,ROBOFLOW_DroneFootage-373_jpg.rf.a8b1fc277bee757215a112cdf6f3eda9.jpg,v4,1,0,24,110
img_004944.jpg,ROBOFLOW_DroneFootage-373_jpg.rf.a8b1fc277bee757215a112cdf6f3eda9.jpg,v4,2,0,30,110
img_004945.jpg,ROBOFLOW_DroneFootage-37_jpg.rf.c548c517e13e8a2e760859f8d8c0d80c.jpg,v4,0,0,30,0
img_004946.jpg,ROBOFLOW_DroneFootage-37_jpg.rf.c548c517e13e8a2e760859f8d8c0d80c.jpg,v4,1,0,30,0
img_004947.jpg,ROBOFLOW_DroneFootage-37_jpg.rf.c548c517e13e8a2e760859f8d8c0d80c.jpg,v4,2,0,30,0
img_004948.jpg,ROBOFLOW_DroneFootage-380_jpg.rf.95b6b650e039228b12a10d5d0c11f472.jpg,v4,0,0,30,0
img_004949.jpg,ROBOFLOW_DroneFootage-380_jpg.rf.95b6b650e039228b12a10d5d0c11f472.jpg,v4,1,0,30,0
img_004950.jpg,ROBOFLOW_DroneFootage-380_jpg.rf.95b6b650e039228b12a10d5d0c11f472.jpg,v4,2,0,30,0
img_004951.jpg,ROBOFLOW_DroneFootage-385_jpg.rf.6b0a65f5af873a051797f3926905e314.jpg,v4,0,0,26,0
img_004952.jpg,ROBOFLOW_DroneFootage-385_jpg.rf.6b0a65f5af873a051797f3926905e314.jpg,v4,1,0,26,0
img_004953.jpg,ROBOFLOW_DroneFootage-385_jpg.rf.6b0a65f5af873a051797f3926905e314.jpg,v4,2,0,30,0
img_004954.jpg,ROBOFLOW_DroneFootage-386_jpg.rf.924693eb449bd72f823a8ccf357ef47f.jpg,v4,0,0,30,0
img_004955.jpg,ROBOFLOW_DroneFootage-386_jpg.rf.924693eb449bd72f823a8ccf357ef47f.jpg,v4,1,0,16,0
img_004956.jpg,ROBOFLOW_DroneFootage-386_jpg.rf.924693eb449bd72f823a8ccf357ef47f.jpg,v4,2,0,30,0
img_004957.jpg,ROBOFLOW_DroneFootage-390_jpg.rf.ea3f77dca75fd872ec0ff42383a28053.jpg,v4,0,0,30,0
img_004958.jpg,ROBOFLOW_DroneFootage-390_jpg.rf.ea3f77dca75fd872ec0ff42383a28053.jpg,v4,1,0,30,0
img_004959.jpg,ROBOFLOW_DroneFootage-390_jpg.rf.ea3f77dca75fd872ec0ff42383a28053.jpg,v4,2,0,30,0
img_004960.jpg,ROBOFLOW_DroneFootage-393_jpg.rf.8f077abe284cb5df9182360810ebe86c.jpg,v4,0,0,30,263
img_004961.jpg,ROBOFLOW_DroneFootage-393_jpg.rf.8f077abe284cb5df9182360810ebe86c.jpg,v4,1,0,30,263
img_004962.jpg,ROBOFLOW_DroneFootage-393_jpg.rf.8f077abe284cb5df9182360810ebe86c.jpg,v4,2,0,30,263
img_004963.jpg,ROBOFLOW_DroneFootage-399_jpg.rf.1c79a16c5fff8b0408d9eb759e0436fc.jpg,v4,0,0,30,241
img_004964.jpg,ROBOFLOW_DroneFootage-399_jpg.rf.1c79a16c5fff8b0408d9eb759e0436fc.jpg,v4,1,0,30,241
img_004965.jpg,ROBOFLOW_DroneFootage-399_jpg.rf.1c79a16c5fff8b0408d9eb759e0436fc.jpg,v4,2,0,30,241
img_004966.jpg,ROBOFLOW_DroneFootage-401_jpg.rf.73dc948ed3ee5fb8c78a34465551a776.jpg,v4,0,0,22,6
img_004967.jpg,ROBOFLOW_DroneFootage-401_jpg.rf.73dc948ed3ee5fb8c78a34465551a776.jpg,v4,1,0,30,6
img_004968.jpg,ROBOFLOW_DroneFootage-401_jpg.rf.73dc948ed3ee5fb8c78a34465551a776.jpg,v4,2,0,30,6
img_004969.jpg,ROBOFLOW_DroneFootage-404_jpg.rf.0499cb0f21ad4aacf1578af7e56b468b.jpg,v4,0,0,30,0
img_004970.jpg,ROBOFLOW_DroneFootage-404_jpg.rf.0499cb0f21ad4aacf1578af7e56b468b.jpg,v4,1,0,22,0
img_004971.jpg,ROBOFLOW_DroneFootage-404_jpg.rf.0499cb0f21ad4aacf1578af7e56b468b.jpg,v4,2,0,30,0
img_004972.jpg,ROBOFLOW_DroneFootage-406_jpg.rf.e785392fb01f69d98bec767758bbfc88.jpg,v4,0,0,30,0
img_004973.jpg,ROBOFLOW_DroneFootage-406_jpg.rf.e785392fb01f69d98bec767758bbfc88.jpg,v4,1,0,30,0
img_004974.jpg,ROBOFLOW_DroneFootage-406_jpg.rf.e785392fb01f69d98bec767758bbfc88.jpg,v4,2,0,30,0
img_004975.jpg,ROBOFLOW_DroneFootage-407_jpg.rf.73f6898ccd55a0750404c17422f64eec.jpg,v4,0,0,22,11
img_004976.jpg,ROBOFLOW_DroneFootage-407_jpg.rf.73f6898ccd55a0750404c17422f64eec.jpg,v4,1,0,30,11
img_004977.jpg,ROBOFLOW_DroneFootage-407_jpg.rf.73f6898ccd55a0750404c17422f64eec.jpg,v4,2,0,30,11
img_004978.jpg,ROBOFLOW_DroneFootage-409_jpg.rf.eaf095b93f9ac3fa4d159918e420eaef.jpg,v4,0,0,24,101
img_004979.jpg,ROBOFLOW_DroneFootage-409_jpg.rf.eaf095b93f9ac3fa4d159918e420eaef.jpg,v4,1,0,30,101
img_004980.jpg,ROBOFLOW_DroneFootage-409_jpg.rf.eaf095b93f9ac3fa4d159918e420eaef.jpg,v4,2,0,30,101
img_004981.jpg,ROBOFLOW_DroneFootage-410_jpg.rf.54df316bb404437b85a9f285c2452648.jpg,v4,0,0,30,0
img_004982.jpg,ROBOFLOW_DroneFootage-410_jpg.rf.54df316bb404437b85a9f285c2452648.jpg,v4,1,0,30,0
img_004983.jpg,ROBOFLOW_DroneFootage-410_jpg.rf.54df316bb404437b85a9f285c2452648.jpg,v4,2,0,30,0
img_004984.jpg,ROBOFLOW_DroneFootage-411_jpg.rf.fee7b9d81a56564d001f042679d2f7b0.jpg,v4,0,0,23,0
img_004985.jpg,ROBOFLOW_DroneFootage-411_jpg.rf.fee7b9d81a56564d001f042679d2f7b0.jpg,v4,1,0,30,0
img_004986.jpg,ROBOFLOW_DroneFootage-411_jpg.rf.fee7b9d81a56564d001f042679d2f7b0.jpg,v4,2,0,30,0
img_004987.jpg,ROBOFLOW_DroneFootage-413_jpg.rf.f945ff987b0424fc1c28322b422dc1a2.jpg,v4,0,0,30,101
img_004988.jpg,ROBOFLOW_DroneFootage-413_jpg.rf.f945ff987b0424fc1c28322b422dc1a2.jpg,v4,1,0,23,101
img_004989.jpg,ROBOFLOW_DroneFootage-413_jpg.rf.f945ff987b0424fc1c28322b422dc1a2.jpg,v4,2,0,30,101
img_004990.jpg,ROBOFLOW_DroneFootage-417_jpg.rf.df8e5d73c0f93102426e33b651a5aee2.jpg,v4,0,0,22,0
img_004991.jpg,ROBOFLOW_DroneFootage-417_jpg.rf.df8e5d73c0f93102426e33b651a5aee2.jpg,v4,1,0,30,0
img_004992.jpg,ROBOFLOW_DroneFootage-417_jpg.rf.df8e5d73c0f93102426e33b651a5aee2.jpg,v4,2,0,30,0
img_004993.jpg,ROBOFLOW_DroneFootage-422_jpg.rf.c6d3503c9c217f6e51161a7abd333bf8.jpg,v4,0,0,30,0
img_004994.jpg,ROBOFLOW_DroneFootage-422_jpg.rf.c6d3503c9c217f6e51161a7abd333bf8.jpg,v4,1,0,30,0
img_004995.jpg,ROBOFLOW_DroneFootage-422_jpg.rf.c6d3503c9c217f6e51161a7abd333bf8.jpg,v4,2,0,30,0
img_004996.jpg,ROBOFLOW_DroneFootage-424_jpg.rf.9b24e5550185b883dec73999ac25feb8.jpg,v4,0,1,30,22
img_004997.jpg,ROBOFLOW_DroneFootage-424_jpg.rf.9b24e5550185b883dec73999ac25feb8.jpg,v4,1,1,30,22
img_004998.jpg,ROBOFLOW_DroneFootage-424_jpg.rf.9b24e5550185b883dec73999ac25feb8.jpg,v4,2,1,30,22
img_004999.jpg,ROBOFLOW_DroneFootage-426_jpg.rf.fbe86ed26b9e2990501a02f26709cb63.jpg,v4,0,0,30,124
img_005000.jpg,ROBOFLOW_DroneFootage-426_jpg.rf.fbe86ed26b9e2990501a02f26709cb63.jpg,v4,1,0,30,124
img_005001.jpg,ROBOFLOW_DroneFootage-426_jpg.rf.fbe86ed26b9e2990501a02f26709cb63.jpg,v4,2,0,30,124
img_005002.jpg,ROBOFLOW_DroneFootage-427_jpg.rf.8a52df3da5441bec4242652cf55ae4cb.jpg,v4,0,0,30,0
img_005003.jpg,ROBOFLOW_DroneFootage-427_jpg.rf.8a52df3da5441bec4242652cf55ae4cb.jpg,v4,1,0,30,0
img_005004.jpg,ROBOFLOW_DroneFootage-427_jpg.rf.8a52df3da5441bec4242652cf55ae4cb.jpg,v4,2,0,22,0
img_005005.jpg,ROBOFLOW_DroneFootage-428_jpg.rf.e2e91aa47acc8a55688720e7fbf33063.jpg,v4,0,0,30,161
img_005006.jpg,ROBOFLOW_DroneFootage-428_jpg.rf.e2e91aa47acc8a55688720e7fbf33063.jpg,v4,1,0,30,161
img_005007.jpg,ROBOFLOW_DroneFootage-428_jpg.rf.e2e91aa47acc8a55688720e7fbf33063.jpg,v4,2,0,30,161
img_005008.jpg,ROBOFLOW_DroneFootage-434_jpg.rf.7d14af815106a6a3e5e14b493e0abd6e.jpg,v4,0,1,30,59
img_005009.jpg,ROBOFLOW_DroneFootage-434_jpg.rf.7d14af815106a6a3e5e14b493e0abd6e.jpg,v4,1,1,24,59
img_005010.jpg,ROBOFLOW_DroneFootage-434_jpg.rf.7d14af815106a6a3e5e14b493e0abd6e.jpg,v4,2,1,30,59
img_005011.jpg,ROBOFLOW_DroneFootage-439_jpg.rf.288ad22023e2f6c07fdce31812fac0a5.jpg,v4,0,0,30,0
img_005012.jpg,ROBOFLOW_DroneFootage-439_jpg.rf.288ad22023e2f6c07fdce31812fac0a5.jpg,v4,1,0,30,0
img_005013.jpg,ROBOFLOW_DroneFootage-439_jpg.rf.288ad22023e2f6c07fdce31812fac0a5.jpg,v4,2,0,30,0
img_005014.jpg,ROBOFLOW_DroneFootage-43_jpg.rf.0f1e3ec722e5c314567d6620797bc105.jpg,v4,0,0,24,0
img_005015.jpg,ROBOFLOW_DroneFootage-43_jpg.rf.0f1e3ec722e5c314567d6620797bc105.jpg,v4,1,0,24,0
img_005016.jpg,ROBOFLOW_DroneFootage-43_jpg.rf.0f1e3ec722e5c314567d6620797bc105.jpg,v4,2,0,30,0
img_005017.jpg,ROBOFLOW_DroneFootage-443_jpg.rf.a4244293f4e496dfbfe034452c81fd31.jpg,v4,0,0,30,0
img_005018.jpg,ROBOFLOW_DroneFootage-443_jpg.rf.a4244293f4e496dfbfe034452c81fd31.jpg,v4,1,0,22,0
img_005019.jpg,ROBOFLOW_DroneFootage-443_jpg.rf.a4244293f4e496dfbfe034452c81fd31.jpg,v4,2,0,30,0
img_005020.jpg,ROBOFLOW_DroneFootage-445_jpg.rf.5a5b1596db4b5c487e7a24113fdc7c2e.jpg,v4,0,2,30,131
img_005021.jpg,ROBOFLOW_DroneFootage-445_jpg.rf.5a5b1596db4b5c487e7a24113fdc7c2e.jpg,v4,1,2,30,131
img_005022.jpg,ROBOFLOW_DroneFootage-445_jpg.rf.5a5b1596db4b5c487e7a24113fdc7c2e.jpg,v4,2,2,30,131
img_005023.jpg,ROBOFLOW_DroneFootage-44_jpg.rf.6150f5c892d1f02454837f03179247d0.jpg,v4,0,0,30,0
img_005024.jpg,ROBOFLOW_DroneFootage-44_jpg.rf.6150f5c892d1f02454837f03179247d0.jpg,v4,1,0,30,0
img_005025.jpg,ROBOFLOW_DroneFootage-44_jpg.rf.6150f5c892d1f02454837f03179247d0.jpg,v4,2,0,21,0
img_005026.jpg,ROBOFLOW_DroneFootage-455_jpg.rf.f53cdb130bc3494608ef5484c654c1e9.jpg,v4,0,0,30,0
img_005027.jpg,ROBOFLOW_DroneFootage-455_jpg.rf.f53cdb130bc3494608ef5484c654c1e9.jpg,v4,1,0,30,0
img_005028.jpg,ROBOFLOW_DroneFootage-455_jpg.rf.f53cdb130bc3494608ef5484c654c1e9.jpg,v4,2,0,22,0
img_005029.jpg,ROBOFLOW_DroneFootage-458_jpg.rf.1460cd53fd13cc9af8e6b86317574d56.jpg,v4,0,0,30,0
img_005030.jpg,ROBOFLOW_DroneFootage-458_jpg.rf.1460cd53fd13cc9af8e6b86317574d56.jpg,v4,1,0,17,0
img_005031.jpg,ROBOFLOW_DroneFootage-458_jpg.rf.1460cd53fd13cc9af8e6b86317574d56.jpg,v4,2,0,30,0
img_005032.jpg,ROBOFLOW_DroneFootage-459_jpg.rf.8a14e16c8ceb6900d35d5243afed0e9a.jpg,v4,0,0,30,0
img_005033.jpg,ROBOFLOW_DroneFootage-459_jpg.rf.8a14e16c8ceb6900d35d5243afed0e9a.jpg,v4,1,0,30,0
img_005034.jpg,ROBOFLOW_DroneFootage-459_jpg.rf.8a14e16c8ceb6900d35d5243afed0e9a.jpg,v4,2,0,30,0
img_005035.jpg,ROBOFLOW_DroneFootage-460_jpg.rf.a65a329d04fd72f491815105192b79df.jpg,v4,0,0,26,0
img_005036.jpg,ROBOFLOW_DroneFootage-460_jpg.rf.a65a329d04fd72f491815105192b79df.jpg,v4,1,0,30,0
img_005037.jpg,ROBOFLOW_DroneFootage-460_jpg.rf.a65a329d04fd72f491815105192b79df.jpg,v4,2,0,30,0
img_005038.jpg,ROBOFLOW_DroneFootage-461_jpg.rf.c21bddce371c9450234ae1fb6bf56173.jpg,v4,0,0,16,0
img_005039.jpg,ROBOFLOW_DroneFootage-461_jpg.rf.c21bddce371c9450234ae1fb6bf56173.jpg,v4,1,0,30,0
img_005040.jpg,ROBOFLOW_DroneFootage-461_jpg.rf.c21bddce371c9450234ae1fb6bf56173.jpg,v4,2,0,30,0
img_005041.jpg,ROBOFLOW_DroneFootage-462_jpg.rf.4727ddefdf60307132b25b11545dbb45.jpg,v4,0,0,30,0
img_005042.jpg,ROBOFLOW_DroneFootage-462_jpg.rf.4727ddefdf60307132b25b11545dbb45.jpg,v4,1,0,30,0
img_005043.jpg,ROBOFLOW_DroneFootage-462_jpg.rf.4727ddefdf60307132b25b11545dbb45.jpg,v4,2,0,30,0
img_005044.jpg,ROBOFLOW_DroneFootage-463_jpg.rf.83753fe1b513eabef6cc9c29e37c3a50.jpg,v4,0,0,27,0
img_005045.jpg,ROBOFLOW_DroneFootage-463_jpg.rf.83753fe1b513eabef6cc9c29e37c3a50.jpg,v4,1,0,21,0
img_005046.jpg,ROBOFLOW_DroneFootage-463_jpg.rf.83753fe1b513eabef6cc9c29e37c3a50.jpg,v4,2,0,30,0
img_005047.jpg,ROBOFLOW_DroneFootage-464_jpg.rf.9bf2e733bfe719149859507c48f88356.jpg,v4,0,0,30,0
img_005048.jpg,ROBOFLOW_DroneFootage-464_jpg.rf.9bf2e733bfe719149859507c48f88356.jpg,v4,1,0,30,0
img_005049.jpg,ROBOFLOW_DroneFootage-464_jpg.rf.9bf2e733bfe719149859507c48f88356.jpg,v4,2,0,30,0
img_005050.jpg,ROBOFLOW_DroneFootage-465_jpg.rf.bee5b6768220f0e449c56e2612696dd3.jpg,v4,0,0,22,0
img_005051.jpg,ROBOFLOW_DroneFootage-465_jpg.rf.bee5b6768220f0e449c56e2612696dd3.jpg,v4,1,0,27,0
img_005052.jpg,ROBOFLOW_DroneFootage-465_jpg.rf.bee5b6768220f0e449c56e2612696dd3.jpg,v4,2,0,30,0
img_005053.jpg,ROBOFLOW_DroneFootage-466_jpg.rf.6566c06c9dd3267bf0f73caa470842fd.jpg,v4,0,0,30,0
img_005054.jpg,ROBOFLOW_DroneFootage-466_jpg.rf.6566c06c9dd3267bf0f73caa470842fd.jpg,v4,1,0,30,0
img_005055.jpg,ROBOFLOW_DroneFootage-466_jpg.rf.6566c06c9dd3267bf0f73caa470842fd.jpg,v4,2,0,30,0
img_005056.jpg,ROBOFLOW_DroneFootage-467_jpg.rf.1cae2ae820bb001fa615ab5239b20355.jpg,v4,0,0,30,0
img_005057.jpg,ROBOFLOW_DroneFootage-467_jpg.rf.1cae2ae820bb001fa615ab5239b20355.jpg,v4,1,0,30,0
img_005058.jpg,ROBOFLOW_DroneFootage-467_jpg.rf.1cae2ae820bb001fa615ab5239b20355.jpg,v4,2,0,30,0
img_005059.jpg,ROBOFLOW_DroneFootage-469_jpg.rf.5258d69522bd7de3052f7823feb9a8d7.jpg,v4,0,0,30,0
img_005060.jpg,ROBOFLOW_DroneFootage-469_jpg.rf.5258d69522bd7de3052f7823feb9a8d7.jpg,v4,1,0,30,0
img_005061.jpg,ROBOFLOW_DroneFootage-469_jpg.rf.5258d69522bd7de3052f7823feb9a8d7.jpg,v4,2,0,30,0
img_005062.jpg,ROBOFLOW_DroneFootage-470_jpg.rf.e663f1e4ccbf2d00fbc44d3f7356d2c7.jpg,v4,0,0,30,0
img_005063.jpg,ROBOFLOW_DroneFootage-470_jpg.rf.e663f1e4ccbf2d00fbc44d3f7356d2c7.jpg,v4,1,0,30,0
img_005064.jpg,ROBOFLOW_DroneFootage-470_jpg.rf.e663f1e4ccbf2d00fbc44d3f7356d2c7.jpg,v4,2,0,24,0
img_005065.jpg,ROBOFLOW_DroneFootage-472_jpg.rf.b456538d02e832c68ad344eb4ccf529b.jpg,v4,0,0,30,0
img_005066.jpg,ROBOFLOW_DroneFootage-472_jpg.rf.b456538d02e832c68ad344eb4ccf529b.jpg,v4,1,0,30,0
img_005067.jpg,ROBOFLOW_DroneFootage-472_jpg.rf.b456538d02e832c68ad344eb4ccf529b.jpg,v4,2,0,26,0
img_005068.jpg,ROBOFLOW_DroneFootage-478_jpg.rf.5f3c78b72303e8c4a74957d34a6f1f0c.jpg,v4,0,0,30,0
img_005069.jpg,ROBOFLOW_DroneFootage-478_jpg.rf.5f3c78b72303e8c4a74957d34a6f1f0c.jpg,v4,1,0,30,0
img_005070.jpg,ROBOFLOW_DroneFootage-478_jpg.rf.5f3c78b72303e8c4a74957d34a6f1f0c.jpg,v4,2,0,30,0
img_005071.jpg,ROBOFLOW_DroneFootage-47_jpg.rf.09d2df54db8cb381d24d415d3a0d418b.jpg,v4,0,0,30,165
img_005072.jpg,ROBOFLOW_DroneFootage-47_jpg.rf.09d2df54db8cb381d24d415d3a0d418b.jpg,v4,1,0,30,165
img_005073.jpg,ROBOFLOW_DroneFootage-47_jpg.rf.09d2df54db8cb381d24d415d3a0d418b.jpg,v4,2,0,30,165
img_005074.jpg,ROBOFLOW_DroneFootage-480_jpg.rf.65e07db4f7f3ef7093afb559bb3a5099.jpg,v4,0,0,30,0
img_005075.jpg,ROBOFLOW_DroneFootage-480_jpg.rf.65e07db4f7f3ef7093afb559bb3a5099.jpg,v4,1,0,30,0
img_005076.jpg,ROBOFLOW_DroneFootage-480_jpg.rf.65e07db4f7f3ef7093afb559bb3a5099.jpg,v4,2,0,30,0
img_005077.jpg,ROBOFLOW_DroneFootage-481_jpg.rf.449a6b38edb04093e56852335f0eaea6.jpg,v4,0,0,30,0
img_005078.jpg,ROBOFLOW_DroneFootage-481_jpg.rf.449a6b38edb04093e56852335f0eaea6.jpg,v4,1,0,30,0
img_005079.jpg,ROBOFLOW_DroneFootage-481_jpg.rf.449a6b38edb04093e56852335f0eaea6.jpg,v4,2,0,30,0
img_005080.jpg,ROBOFLOW_DroneFootage-482_jpg.rf.e908cdcaa4ad9fce1a5cf45cb0e18f03.jpg,v4,0,0,24,0
img_005081.jpg,ROBOFLOW_DroneFootage-482_jpg.rf.e908cdcaa4ad9fce1a5cf45cb0e18f03.jpg,v4,1,0,30,0
img_005082.jpg,ROBOFLOW_DroneFootage-482_jpg.rf.e908cdcaa4ad9fce1a5cf45cb0e18f03.jpg,v4,2,0,30,0
img_005083.jpg,ROBOFLOW_DroneFootage-483_jpg.rf.423fd8ae229d784fdbe60b4ecb2ef940.jpg,v4,0,0,30,20
img_005084.jpg,ROBOFLOW_DroneFootage-483_jpg.rf.423fd8ae229d784fdbe60b4ecb2ef940.jpg,v4,1,0,30,20
img_005085.jpg,ROBOFLOW_DroneFootage-483_jpg.rf.423fd8ae229d784fdbe60b4ecb2ef940.jpg,v4,2,0,30,20
img_005086.jpg,ROBOFLOW_DroneFootage-484_jpg.rf.6d77e127e4b801c921f9c4961f0689ab.jpg,v4,0,0,30,0
img_005087.jpg,ROBOFLOW_DroneFootage-484_jpg.rf.6d77e127e4b801c921f9c4961f0689ab.jpg,v4,1,0,23,0
img_005088.jpg,ROBOFLOW_DroneFootage-484_jpg.rf.6d77e127e4b801c921f9c4961f0689ab.jpg,v4,2,0,30,0
img_005089.jpg,ROBOFLOW_DroneFootage-485_jpg.rf.95e8205af4f7132dabf6fcedb1ac487a.jpg,v4,0,0,30,0
img_005090.jpg,ROBOFLOW_DroneFootage-485_jpg.rf.95e8205af4f7132dabf6fcedb1ac487a.jpg,v4,1,0,30,0
img_005091.jpg,ROBOFLOW_DroneFootage-485_jpg.rf.95e8205af4f7132dabf6fcedb1ac487a.jpg,v4,2,0,30,0
img_005092.jpg,ROBOFLOW_DroneFootage-486_jpg.rf.e730a17803341f4068df1a856b88790c.jpg,v4,0,0,30,0
img_005093.jpg,ROBOFLOW_DroneFootage-486_jpg.rf.e730a17803341f4068df1a856b88790c.jpg,v4,1,0,30,0
img_005094.jpg,ROBOFLOW_DroneFootage-486_jpg.rf.e730a17803341f4068df1a856b88790c.jpg,v4,2,0,30,0
img_005095.jpg,ROBOFLOW_DroneFootage-487_jpg.rf.026c7a06a443668e04fa601eaf70eb73.jpg,v4,0,0,30,0
img_005096.jpg,ROBOFLOW_DroneFootage-487_jpg.rf.026c7a06a443668e04fa601eaf70eb73.jpg,v4,1,0,30,0
img_005097.jpg,ROBOFLOW_DroneFootage-487_jpg.rf.026c7a06a443668e04fa601eaf70eb73.jpg,v4,2,0,30,0
img_005098.jpg,ROBOFLOW_DroneFootage-488_jpg.rf.e3c80194230da74732d2299dff36a941.jpg,v4,0,0,30,0
img_005099.jpg,ROBOFLOW_DroneFootage-488_jpg.rf.e3c80194230da74732d2299dff36a941.jpg,v4,1,0,30,0
img_005100.jpg,ROBOFLOW_DroneFootage-488_jpg.rf.e3c80194230da74732d2299dff36a941.jpg,v4,2,0,30,0
img_005101.jpg,ROBOFLOW_DroneFootage-489_jpg.rf.fdd31e34e9eff524b5c36966d22e8696.jpg,v4,0,0,30,0
img_005102.jpg,ROBOFLOW_DroneFootage-489_jpg.rf.fdd31e34e9eff524b5c36966d22e8696.jpg,v4,1,0,30,0
img_005103.jpg,ROBOFLOW_DroneFootage-489_jpg.rf.fdd31e34e9eff524b5c36966d22e8696.jpg,v4,2,0,30,0
img_005104.jpg,ROBOFLOW_DroneFootage-48_jpg.rf.b509511caba8383365744f0e1c8bf0a2.jpg,v4,0,0,30,42
img_005105.jpg,ROBOFLOW_DroneFootage-48_jpg.rf.b509511caba8383365744f0e1c8bf0a2.jpg,v4,1,0,30,42
img_005106.jpg,ROBOFLOW_DroneFootage-48_jpg.rf.b509511caba8383365744f0e1c8bf0a2.jpg,v4,2,0,30,42
img_005107.jpg,ROBOFLOW_DroneFootage-491_jpg.rf.5cd5c9b36b0334f3dbf7e4bd0b9570da.jpg,v4,0,0,21,0
img_005108.jpg,ROBOFLOW_DroneFootage-491_jpg.rf.5cd5c9b36b0334f3dbf7e4bd0b9570da.jpg,v4,1,0,30,0
img_005109.jpg,ROBOFLOW_DroneFootage-491_jpg.rf.5cd5c9b36b0334f3dbf7e4bd0b9570da.jpg,v4,2,0,24,0
img_005110.jpg,ROBOFLOW_DroneFootage-492_jpg.rf.353035b192290457bddcf46787725c4b.jpg,v4,0,0,30,23
img_005111.jpg,ROBOFLOW_DroneFootage-492_jpg.rf.353035b192290457bddcf46787725c4b.jpg,v4,1,0,30,23
img_005112.jpg,ROBOFLOW_DroneFootage-492_jpg.rf.353035b192290457bddcf46787725c4b.jpg,v4,2,0,30,23
img_005113.jpg,ROBOFLOW_DroneFootage-493_jpg.rf.5273dc19fee171f318f5eace70546383.jpg,v4,0,0,30,0
img_005114.jpg,ROBOFLOW_DroneFootage-493_jpg.rf.5273dc19fee171f318f5eace70546383.jpg,v4,1,0,30,0
img_005115.jpg,ROBOFLOW_DroneFootage-493_jpg.rf.5273dc19fee171f318f5eace70546383.jpg,v4,2,0,30,0
img_005116.jpg,ROBOFLOW_DroneFootage-499_jpg.rf.aecac11b4a0c6892d84a4a2a95ab19c8.jpg,v4,0,0,30,10
img_005117.jpg,ROBOFLOW_DroneFootage-499_jpg.rf.aecac11b4a0c6892d84a4a2a95ab19c8.jpg,v4,1,0,21,10
img_005118.jpg,ROBOFLOW_DroneFootage-499_jpg.rf.aecac11b4a0c6892d84a4a2a95ab19c8.jpg,v4,2,0,30,10
img_005119.jpg,ROBOFLOW_DroneFootage-49_jpg.rf.7d00f5a14e93577816efc7dc7028429d.jpg,v4,0,0,30,0
img_005120.jpg,ROBOFLOW_DroneFootage-49_jpg.rf.7d00f5a14e93577816efc7dc7028429d.jpg,v4,1,0,24,0
img_005121.jpg,ROBOFLOW_DroneFootage-49_jpg.rf.7d00f5a14e93577816efc7dc7028429d.jpg,v4,2,0,26,0
img_005122.jpg,ROBOFLOW_DroneFootage-500_jpg.rf.d85c2780e9ea52f210f2393036d94085.jpg,v4,0,0,30,25
img_005123.jpg,ROBOFLOW_DroneFootage-500_jpg.rf.d85c2780e9ea52f210f2393036d94085.jpg,v4,1,0,19,25
img_005124.jpg,ROBOFLOW_DroneFootage-500_jpg.rf.d85c2780e9ea52f210f2393036d94085.jpg,v4,2,0,26,25
img_005125.jpg,ROBOFLOW_DroneFootage-503_jpg.rf.77a4e0081131ffcebff1c360cf66536a.jpg,v4,0,0,30,101
img_005126.jpg,ROBOFLOW_DroneFootage-503_jpg.rf.77a4e0081131ffcebff1c360cf66536a.jpg,v4,1,0,30,101
img_005127.jpg,ROBOFLOW_DroneFootage-503_jpg.rf.77a4e0081131ffcebff1c360cf66536a.jpg,v4,2,0,30,101
img_005128.jpg,ROBOFLOW_DroneFootage-507_jpg.rf.2667f945456142d9ceeec36d29088eda.jpg,v4,0,0,30,23
img_005129.jpg,ROBOFLOW_DroneFootage-507_jpg.rf.2667f945456142d9ceeec36d29088eda.jpg,v4,1,0,30,23
img_005130.jpg,ROBOFLOW_DroneFootage-507_jpg.rf.2667f945456142d9ceeec36d29088eda.jpg,v4,2,0,30,23
img_005131.jpg,ROBOFLOW_DroneFootage-508_jpg.rf.28f9722c19edaa9a419af335c5ded185.jpg,v4,0,1,23,0
img_005132.jpg,ROBOFLOW_DroneFootage-508_jpg.rf.28f9722c19edaa9a419af335c5ded185.jpg,v4,1,1,23,0
img_005133.jpg,ROBOFLOW_DroneFootage-508_jpg.rf.28f9722c19edaa9a419af335c5ded185.jpg,v4,2,1,23,0
img_005134.jpg,ROBOFLOW_DroneFootage-509_jpg.rf.b9ece79aac71b140d8bf871a131b2eab.jpg,v4,0,0,27,0
img_005135.jpg,ROBOFLOW_DroneFootage-509_jpg.rf.b9ece79aac71b140d8bf871a131b2eab.jpg,v4,1,0,30,0
img_005136.jpg,ROBOFLOW_DroneFootage-509_jpg.rf.b9ece79aac71b140d8bf871a131b2eab.jpg,v4,2,0,30,0
img_005137.jpg,ROBOFLOW_DroneFootage-510_jpg.rf.33e752c4a7c62421fa6e6e63aa73bacd.jpg,v4,0,0,30,0
img_005138.jpg,ROBOFLOW_DroneFootage-510_jpg.rf.33e752c4a7c62421fa6e6e63aa73bacd.jpg,v4,1,0,30,0
img_005139.jpg,ROBOFLOW_DroneFootage-510_jpg.rf.33e752c4a7c62421fa6e6e63aa73bacd.jpg,v4,2,0,30,0
img_005140.jpg,ROBOFLOW_DroneFootage-513_jpg.rf.e7d13027ce2446bb8f335487ca8c459a.jpg,v4,0,0,21,0
img_005141.jpg,ROBOFLOW_DroneFootage-513_jpg.rf.e7d13027ce2446bb8f335487ca8c459a.jpg,v4,1,0,30,0
img_005142.jpg,ROBOFLOW_DroneFootage-513_jpg.rf.e7d13027ce2446bb8f335487ca8c459a.jpg,v4,2,0,30,0
img_005143.jpg,ROBOFLOW_DroneFootage-514_jpg.rf.84fb56d619ba287e584c5475a22eb695.jpg,v4,0,1,30,280
img_005144.jpg,ROBOFLOW_DroneFootage-514_jpg.rf.84fb56d619ba287e584c5475a22eb695.jpg,v4,1,1,30,280
img_005145.jpg,ROBOFLOW_DroneFootage-514_jpg.rf.84fb56d619ba287e584c5475a22eb695.jpg,v4,2,1,28,280
img_005146.jpg,ROBOFLOW_DroneFootage-516_jpg.rf.d19c2e81b461747f68a16bbc39a6b682.jpg,v4,0,0,30,0
img_005147.jpg,ROBOFLOW_DroneFootage-516_jpg.rf.d19c2e81b461747f68a16bbc39a6b682.jpg,v4,1,0,30,0
img_005148.jpg,ROBOFLOW_DroneFootage-516_jpg.rf.d19c2e81b461747f68a16bbc39a6b682.jpg,v4,2,0,30,0
img_005149.jpg,ROBOFLOW_DroneFootage-518_jpg.rf.135379d1c94a979ec9aa8622ba726d7c.jpg,v4,0,0,30,158
img_005150.jpg,ROBOFLOW_DroneFootage-518_jpg.rf.135379d1c94a979ec9aa8622ba726d7c.jpg,v4,1,0,24,158
img_005151.jpg,ROBOFLOW_DroneFootage-518_jpg.rf.135379d1c94a979ec9aa8622ba726d7c.jpg,v4,2,0,30,158
img_005152.jpg,ROBOFLOW_DroneFootage-523_jpg.rf.89aeb0de4332d157141fd67db81f3c1f.jpg,v4,0,0,30,0
img_005153.jpg,ROBOFLOW_DroneFootage-523_jpg.rf.89aeb0de4332d157141fd67db81f3c1f.jpg,v4,1,0,22,0
img_005154.jpg,ROBOFLOW_DroneFootage-523_jpg.rf.89aeb0de4332d157141fd67db81f3c1f.jpg,v4,2,0,30,0
img_005155.jpg,ROBOFLOW_DroneFootage-524_jpg.rf.bef4391d3e77961cc78ef8eb40e250f4.jpg,v4,0,0,0,502
img_005156.jpg,ROBOFLOW_DroneFootage-524_jpg.rf.bef4391d3e77961cc78ef8eb40e250f4.jpg,v4,1,0,0,502
img_005157.jpg,ROBOFLOW_DroneFootage-524_jpg.rf.bef4391d3e77961cc78ef8eb40e250f4.jpg,v4,2,0,0,502
img_005158.jpg,ROBOFLOW_DroneFootage-525_jpg.rf.bd13cfc039f189e04ec92eecf768f758.jpg,v4,0,0,30,191
img_005159.jpg,ROBOFLOW_DroneFootage-525_jpg.rf.bd13cfc039f189e04ec92eecf768f758.jpg,v4,1,0,30,191
img_005160.jpg,ROBOFLOW_DroneFootage-525_jpg.rf.bd13cfc039f189e04ec92eecf768f758.jpg,v4,2,0,30,191
img_005161.jpg,ROBOFLOW_DroneFootage-526_jpg.rf.fe2099df1e1d875f9a4d8602605aa48e.jpg,v4,0,0,30,137
img_005162.jpg,ROBOFLOW_DroneFootage-526_jpg.rf.fe2099df1e1d875f9a4d8602605aa48e.jpg,v4,1,0,30,137
img_005163.jpg,ROBOFLOW_DroneFootage-526_jpg.rf.fe2099df1e1d875f9a4d8602605aa48e.jpg,v4,2,0,30,137
img_005164.jpg,ROBOFLOW_DroneFootage-527_jpg.rf.f7808800d0815ec151df23b462abbca4.jpg,v4,0,0,30,117
img_005165.jpg,ROBOFLOW_DroneFootage-527_jpg.rf.f7808800d0815ec151df23b462abbca4.jpg,v4,1,0,30,117
img_005166.jpg,ROBOFLOW_DroneFootage-527_jpg.rf.f7808800d0815ec151df23b462abbca4.jpg,v4,2,0,30,117
img_005167.jpg,ROBOFLOW_DroneFootage-528_jpg.rf.2e7328cc0d4b03f1817ec2519b981048.jpg,v4,0,0,30,0
img_005168.jpg,ROBOFLOW_DroneFootage-528_jpg.rf.2e7328cc0d4b03f1817ec2519b981048.jpg,v4,1,0,30,0
img_005169.jpg,ROBOFLOW_DroneFootage-528_jpg.rf.2e7328cc0d4b03f1817ec2519b981048.jpg,v4,2,0,30,0
img_005170.jpg,ROBOFLOW_DroneFootage-529_jpg.rf.6913a52b4e8320f07c36887dcee1f50b.jpg,v4,0,0,30,302
img_005171.jpg,ROBOFLOW_DroneFootage-529_jpg.rf.6913a52b4e8320f07c36887dcee1f50b.jpg,v4,1,0,30,302
img_005172.jpg,ROBOFLOW_DroneFootage-529_jpg.rf.6913a52b4e8320f07c36887dcee1f50b.jpg,v4,2,0,30,302
img_005173.jpg,ROBOFLOW_DroneFootage-530_jpg.rf.5b8225a1d4b1e91668306685219642b2.jpg,v4,0,0,30,51
img_005174.jpg,ROBOFLOW_DroneFootage-530_jpg.rf.5b8225a1d4b1e91668306685219642b2.jpg,v4,1,0,30,51
img_005175.jpg,ROBOFLOW_DroneFootage-530_jpg.rf.5b8225a1d4b1e91668306685219642b2.jpg,v4,2,0,30,51
img_005176.jpg,ROBOFLOW_DroneFootage-531_jpg.rf.c2ed79a185de7411374d3d2b2cb3345b.jpg,v4,0,0,30,0
img_005177.jpg,ROBOFLOW_DroneFootage-531_jpg.rf.c2ed79a185de7411374d3d2b2cb3345b.jpg,v4,1,0,30,0
img_005178.jpg,ROBOFLOW_DroneFootage-531_jpg.rf.c2ed79a185de7411374d3d2b2cb3345b.jpg,v4,2,0,30,0
img_005179.jpg,ROBOFLOW_DroneFootage-532_jpg.rf.277267721f5d5ea720505bb64df93360.jpg,v4,0,0,30,255
img_005180.jpg,ROBOFLOW_DroneFootage-532_jpg.rf.277267721f5d5ea720505bb64df93360.jpg,v4,1,0,30,255
img_005181.jpg,ROBOFLOW_DroneFootage-532_jpg.rf.277267721f5d5ea720505bb64df93360.jpg,v4,2,0,12,255
img_005182.jpg,ROBOFLOW_DroneFootage-534_jpg.rf.f8105b59b5bbe2c5c3f97eada196f100.jpg,v4,0,0,30,94
img_005183.jpg,ROBOFLOW_DroneFootage-534_jpg.rf.f8105b59b5bbe2c5c3f97eada196f100.jpg,v4,1,0,30,94
img_005184.jpg,ROBOFLOW_DroneFootage-534_jpg.rf.f8105b59b5bbe2c5c3f97eada196f100.jpg,v4,2,0,28,94
img_005185.jpg,ROBOFLOW_DroneFootage-536_jpg.rf.f74d1e29ade73eba3d0c4ad069068cf3.jpg,v4,0,0,30,0
img_005186.jpg,ROBOFLOW_DroneFootage-536_jpg.rf.f74d1e29ade73eba3d0c4ad069068cf3.jpg,v4,1,0,30,0
img_005187.jpg,ROBOFLOW_DroneFootage-536_jpg.rf.f74d1e29ade73eba3d0c4ad069068cf3.jpg,v4,2,0,30,0
img_005188.jpg,ROBOFLOW_DroneFootage-541_jpg.rf.4426ebfafc31e7f3697a971f0c02d2e4.jpg,v4,0,0,30,0
img_005189.jpg,ROBOFLOW_DroneFootage-541_jpg.rf.4426ebfafc31e7f3697a971f0c02d2e4.jpg,v4,1,0,23,0
img_005190.jpg,ROBOFLOW_DroneFootage-541_jpg.rf.4426ebfafc31e7f3697a971f0c02d2e4.jpg,v4,2,0,27,0
img_005191.jpg,ROBOFLOW_DroneFootage-543_jpg.rf.f726f2790f41ee3e9243b9bf228da334.jpg,v4,0,0,27,0
img_005192.jpg,ROBOFLOW_DroneFootage-543_jpg.rf.f726f2790f41ee3e9243b9bf228da334.jpg,v4,1,0,30,0
img_005193.jpg,ROBOFLOW_DroneFootage-543_jpg.rf.f726f2790f41ee3e9243b9bf228da334.jpg,v4,2,0,30,0
img_005194.jpg,ROBOFLOW_DroneFootage-544_jpg.rf.3cd40045bc813b3aa79a2f4db0585b66.jpg,v4,0,0,20,0
img_005195.jpg,ROBOFLOW_DroneFootage-544_jpg.rf.3cd40045bc813b3aa79a2f4db0585b66.jpg,v4,1,0,30,0
img_005196.jpg,ROBOFLOW_DroneFootage-544_jpg.rf.3cd40045bc813b3aa79a2f4db0585b66.jpg,v4,2,0,18,0
img_005197.jpg,ROBOFLOW_DroneFootage-548_jpg.rf.a9d12fb080ea2c790165369edfca5e08.jpg,v4,0,0,30,30
img_005198.jpg,ROBOFLOW_DroneFootage-548_jpg.rf.a9d12fb080ea2c790165369edfca5e08.jpg,v4,1,0,22,30
img_005199.jpg,ROBOFLOW_DroneFootage-548_jpg.rf.a9d12fb080ea2c790165369edfca5e08.jpg,v4,2,0,30,30
img_005200.jpg,ROBOFLOW_DroneFootage-54_jpg.rf.4aef59c20961cca0f182c175deaac71d.jpg,v4,0,0,30,0
img_005201.jpg,ROBOFLOW_DroneFootage-54_jpg.rf.4aef59c20961cca0f182c175deaac71d.jpg,v4,1,0,30,0
img_005202.jpg,ROBOFLOW_DroneFootage-54_jpg.rf.4aef59c20961cca0f182c175deaac71d.jpg,v4,2,0,19,0
img_005203.jpg,ROBOFLOW_DroneFootage-57_jpg.rf.4f3fd78ba18d9a7c13b66fa4d851036a.jpg,v4,0,0,21,0
img_005204.jpg,ROBOFLOW_DroneFootage-57_jpg.rf.4f3fd78ba18d9a7c13b66fa4d851036a.jpg,v4,1,0,30,0
img_005205.jpg,ROBOFLOW_DroneFootage-57_jpg.rf.4f3fd78ba18d9a7c13b66fa4d851036a.jpg,v4,2,0,30,0
img_005206.jpg,ROBOFLOW_DroneFootage-58_jpg.rf.77fb79088a2b8b5be9ce89c834b5d3f5.jpg,v4,0,0,30,0
img_005207.jpg,ROBOFLOW_DroneFootage-58_jpg.rf.77fb79088a2b8b5be9ce89c834b5d3f5.jpg,v4,1,0,30,0
img_005208.jpg,ROBOFLOW_DroneFootage-58_jpg.rf.77fb79088a2b8b5be9ce89c834b5d3f5.jpg,v4,2,0,30,0
img_005209.jpg,ROBOFLOW_DroneFootage-5_jpg.rf.66ab838f789ab7e3814e4225f95ae601.jpg,v4,0,1,26,0
img_005210.jpg,ROBOFLOW_DroneFootage-5_jpg.rf.66ab838f789ab7e3814e4225f95ae601.jpg,v4,1,1,30,0
img_005211.jpg,ROBOFLOW_DroneFootage-5_jpg.rf.66ab838f789ab7e3814e4225f95ae601.jpg,v4,2,1,30,0
img_005212.jpg,ROBOFLOW_DroneFootage-71_jpg.rf.4e34557dca306e371b9dc007c7229936.jpg,v4,0,0,30,40
img_005213.jpg,ROBOFLOW_DroneFootage-71_jpg.rf.4e34557dca306e371b9dc007c7229936.jpg,v4,1,0,30,40
img_005214.jpg,ROBOFLOW_DroneFootage-71_jpg.rf.4e34557dca306e371b9dc007c7229936.jpg,v4,2,0,22,40
img_005215.jpg,ROBOFLOW_DroneFootage-75_jpg.rf.223e5afd928a16d5f73512f0229c2947.jpg,v4,0,0,30,32
img_005216.jpg,ROBOFLOW_DroneFootage-75_jpg.rf.223e5afd928a16d5f73512f0229c2947.jpg,v4,1,0,30,32
img_005217.jpg,ROBOFLOW_DroneFootage-75_jpg.rf.223e5afd928a16d5f73512f0229c2947.jpg,v4,2,0,23,32
img_005218.jpg,ROBOFLOW_DroneFootage-80_jpg.rf.d61b1150623610c52c82524183ea3627.jpg,v4,0,0,30,121
img_005219.jpg,ROBOFLOW_DroneFootage-80_jpg.rf.d61b1150623610c52c82524183ea3627.jpg,v4,1,0,18,121
img_005220.jpg,ROBOFLOW_DroneFootage-80_jpg.rf.d61b1150623610c52c82524183ea3627.jpg,v4,2,0,19,121
img_005221.jpg,ROBOFLOW_DroneFootage-81_jpg.rf.acc7300fcadf29aa2881978d21e63c42.jpg,v4,0,0,30,121
img_005222.jpg,ROBOFLOW_DroneFootage-81_jpg.rf.acc7300fcadf29aa2881978d21e63c42.jpg,v4,1,0,22,121
img_005223.jpg,ROBOFLOW_DroneFootage-81_jpg.rf.acc7300fcadf29aa2881978d21e63c42.jpg,v4,2,0,30,121
img_005224.jpg,ROBOFLOW_DroneFootage-82_jpg.rf.e0122638043f03b9fe9497622ef0dc3c.jpg,v4,0,0,30,25
img_005225.jpg,ROBOFLOW_DroneFootage-82_jpg.rf.e0122638043f03b9fe9497622ef0dc3c.jpg,v4,1,0,30,25
img_005226.jpg,ROBOFLOW_DroneFootage-82_jpg.rf.e0122638043f03b9fe9497622ef0dc3c.jpg,v4,2,0,24,25
img_005227.jpg,ROBOFLOW_DroneFootage-83_jpg.rf.61a2ddca5a078671fe05b8820a70c9a1.jpg,v4,0,0,30,0
img_005228.jpg,ROBOFLOW_DroneFootage-83_jpg.rf.61a2ddca5a078671fe05b8820a70c9a1.jpg,v4,1,0,30,0
img_005229.jpg,ROBOFLOW_DroneFootage-83_jpg.rf.61a2ddca5a078671fe05b8820a70c9a1.jpg,v4,2,0,30,0
img_005230.jpg,ROBOFLOW_DroneFootage-84_jpg.rf.4356e01a36c6d790ed59161452693dd6.jpg,v4,0,0,30,218
img_005231.jpg,ROBOFLOW_DroneFootage-84_jpg.rf.4356e01a36c6d790ed59161452693dd6.jpg,v4,1,0,30,218
img_005232.jpg,ROBOFLOW_DroneFootage-84_jpg.rf.4356e01a36c6d790ed59161452693dd6.jpg,v4,2,0,30,218
img_005233.jpg,ROBOFLOW_DroneFootage-87_jpg.rf.f0a261914b0bf7b63295c66620c5b928.jpg,v4,0,0,24,28
img_005234.jpg,ROBOFLOW_DroneFootage-87_jpg.rf.f0a261914b0bf7b63295c66620c5b928.jpg,v4,1,0,30,28
img_005235.jpg,ROBOFLOW_DroneFootage-87_jpg.rf.f0a261914b0bf7b63295c66620c5b928.jpg,v4,2,0,30,28
img_005236.jpg,ROBOFLOW_DroneFootage-89_jpg.rf.f449eb250c620eb570a931508ffac6c9.jpg,v4,0,0,30,77
img_005237.jpg,ROBOFLOW_DroneFootage-89_jpg.rf.f449eb250c620eb570a931508ffac6c9.jpg,v4,1,0,21,77
img_005238.jpg,ROBOFLOW_DroneFootage-89_jpg.rf.f449eb250c620eb570a931508ffac6c9.jpg,v4,2,0,30,77
img_005239.jpg,ROBOFLOW_DroneFootage-8_jpg.rf.630a3c6501ca89d021c7ceffe754c8f4.jpg,v4,0,0,23,0
img_005240.jpg,ROBOFLOW_DroneFootage-8_jpg.rf.630a3c6501ca89d021c7ceffe754c8f4.jpg,v4,1,0,25,0
img_005241.jpg,ROBOFLOW_DroneFootage-8_jpg.rf.630a3c6501ca89d021c7ceffe754c8f4.jpg,v4,2,0,30,0
img_005242.jpg,ROBOFLOW_DroneFootage-90_jpg.rf.bed6b549e436563c2e090daa4f5c835b.jpg,v4,0,0,30,35
img_005243.jpg,ROBOFLOW_DroneFootage-90_jpg.rf.bed6b549e436563c2e090daa4f5c835b.jpg,v4,1,0,30,35
img_005244.jpg,ROBOFLOW_DroneFootage-90_jpg.rf.bed6b549e436563c2e090daa4f5c835b.jpg,v4,2,0,30,35
img_005245.jpg,ROBOFLOW_DroneFootage-91_jpg.rf.737f1b1f148d1108e02ff7ece2987613.jpg,v4,0,0,30,64
img_005246.jpg,ROBOFLOW_DroneFootage-91_jpg.rf.737f1b1f148d1108e02ff7ece2987613.jpg,v4,1,0,25,64
img_005247.jpg,ROBOFLOW_DroneFootage-91_jpg.rf.737f1b1f148d1108e02ff7ece2987613.jpg,v4,2,0,30,64
img_005248.jpg,ROBOFLOW_DroneFootage-93_jpg.rf.b54e7fffc2cf9135017212dc05067f43.jpg,v4,0,0,30,59
img_005249.jpg,ROBOFLOW_DroneFootage-93_jpg.rf.b54e7fffc2cf9135017212dc05067f43.jpg,v4,1,0,30,59
img_005250.jpg,ROBOFLOW_DroneFootage-93_jpg.rf.b54e7fffc2cf9135017212dc05067f43.jpg,v4,2,0,20,59
img_005251.jpg,ROBOFLOW_DroneFootage-94_jpg.rf.22eccf2b4c62ecae26df0bcaa2603dd9.jpg,v4,0,0,30,0
img_005252.jpg,ROBOFLOW_DroneFootage-94_jpg.rf.22eccf2b4c62ecae26df0bcaa2603dd9.jpg,v4,1,0,23,0
img_005253.jpg,ROBOFLOW_DroneFootage-94_jpg.rf.22eccf2b4c62ecae26df0bcaa2603dd9.jpg,v4,2,0,30,0
img_005254.jpg,ROBOFLOW_IMG_202306191347550_JPEG_jpg.rf.4c346e71552e26365caf994728547f74.jpg,v4,0,0,30,0
img_005255.jpg,ROBOFLOW_IMG_202306191347550_JPEG_jpg.rf.4c346e71552e26365caf994728547f74.jpg,v4,1,0,30,0
img_005256.jpg,ROBOFLOW_IMG_202306191347550_JPEG_jpg.rf.4c346e71552e26365caf994728547f74.jpg,v4,2,0,30,0
img_005257.jpg,ROBOFLOW_IMG_2023061913475510_JPEG_jpg.rf.dbe4ef9273b0e090656e18fea40e2a70.jpg,v4,0,0,30,0
img_005258.jpg,ROBOFLOW_IMG_2023061913475510_JPEG_jpg.rf.dbe4ef9273b0e090656e18fea40e2a70.jpg,v4,1,0,30,0
img_005259.jpg,ROBOFLOW_IMG_2023061913475510_JPEG_jpg.rf.dbe4ef9273b0e090656e18fea40e2a70.jpg,v4,2,0,30,0
img_005260.jpg,ROBOFLOW_IMG_2023061913475511_JPEG_jpg.rf.9f21c61790fc33981dd1b1253a345eb3.jpg,v4,0,0,30,26
img_005261.jpg,ROBOFLOW_IMG_2023061913475511_JPEG_jpg.rf.9f21c61790fc33981dd1b1253a345eb3.jpg,v4,1,0,30,26
img_005262.jpg,ROBOFLOW_IMG_2023061913475511_JPEG_jpg.rf.9f21c61790fc33981dd1b1253a345eb3.jpg,v4,2,0,30,26
img_005263.jpg,ROBOFLOW_IMG_2023061913475512_JPEG_jpg.rf.4fcf6aa6e2e132e43b08c476635a080d.jpg,v4,0,0,30,156
img_005264.jpg,ROBOFLOW_IMG_2023061913475512_JPEG_jpg.rf.4fcf6aa6e2e132e43b08c476635a080d.jpg,v4,1,0,30,156
img_005265.jpg,ROBOFLOW_IMG_2023061913475512_JPEG_jpg.rf.4fcf6aa6e2e132e43b08c476635a080d.jpg,v4,2,0,30,156
img_005266.jpg,ROBOFLOW_IMG_2023061913475513_JPEG_jpg.rf.e28c9548c77eebfeff4a3d68b9d6b360.jpg,v4,0,0,30,16
img_005267.jpg,ROBOFLOW_IMG_2023061913475513_JPEG_jpg.rf.e28c9548c77eebfeff4a3d68b9d6b360.jpg,v4,1,0,30,16
img_005268.jpg,ROBOFLOW_IMG_2023061913475513_JPEG_jpg.rf.e28c9548c77eebfeff4a3d68b9d6b360.jpg,v4,2,0,30,16
img_005269.jpg,ROBOFLOW_IMG_2023061913475514_JPEG_jpg.rf.378d9c9c7c747a2014c0afa1321219ec.jpg,v4,0,0,30,65
img_005270.jpg,ROBOFLOW_IMG_2023061913475514_JPEG_jpg.rf.378d9c9c7c747a2014c0afa1321219ec.jpg,v4,1,0,30,65
img_005271.jpg,ROBOFLOW_IMG_2023061913475514_JPEG_jpg.rf.378d9c9c7c747a2014c0afa1321219ec.jpg,v4,2,0,30,65
img_005272.jpg,ROBOFLOW_IMG_2023061913475515_JPEG_jpg.rf.b6329e3a0d6e6a1f2048266de2aebee1.jpg,v4,0,0,30,5
img_005273.jpg,ROBOFLOW_IMG_2023061913475515_JPEG_jpg.rf.b6329e3a0d6e6a1f2048266de2aebee1.jpg,v4,1,0,30,5
img_005274.jpg,ROBOFLOW_IMG_2023061913475515_JPEG_jpg.rf.b6329e3a0d6e6a1f2048266de2aebee1.jpg,v4,2,0,30,5
img_005275.jpg,ROBOFLOW_IMG_2023061913475516_JPEG_jpg.rf.0e9d4033ccbc68d759aa90eee051f8e5.jpg,v4,0,0,30,26
img_005276.jpg,ROBOFLOW_IMG_2023061913475516_JPEG_jpg.rf.0e9d4033ccbc68d759aa90eee051f8e5.jpg,v4,1,0,30,26
img_005277.jpg,ROBOFLOW_IMG_2023061913475516_JPEG_jpg.rf.0e9d4033ccbc68d759aa90eee051f8e5.jpg,v4,2,0,30,26
img_005278.jpg,ROBOFLOW_IMG_2023061913475517_JPEG_jpg.rf.0daa3e83ecdff79ac9e26ec349da9b91.jpg,v4,0,0,30,12
img_005279.jpg,ROBOFLOW_IMG_2023061913475517_JPEG_jpg.rf.0daa3e83ecdff79ac9e26ec349da9b91.jpg,v4,1,0,30,12
img_005280.jpg,ROBOFLOW_IMG_2023061913475517_JPEG_jpg.rf.0daa3e83ecdff79ac9e26ec349da9b91.jpg,v4,2,0,30,12
img_005281.jpg,ROBOFLOW_IMG_2023061913475518_JPEG_jpg.rf.669b6792e82b8b1e14fd7b2e55b72876.jpg,v4,0,0,30,22
img_005282.jpg,ROBOFLOW_IMG_2023061913475518_JPEG_jpg.rf.669b6792e82b8b1e14fd7b2e55b72876.jpg,v4,1,0,30,22
img_005283.jpg,ROBOFLOW_IMG_2023061913475518_JPEG_jpg.rf.669b6792e82b8b1e14fd7b2e55b72876.jpg,v4,2,0,30,22
img_005284.jpg,ROBOFLOW_IMG_2023061913475519_JPEG_jpg.rf.ebe35c40047c64faa0e48aedcdb7cf92.jpg,v4,0,0,30,152
img_005285.jpg,ROBOFLOW_IMG_2023061913475519_JPEG_jpg.rf.ebe35c40047c64faa0e48aedcdb7cf92.jpg,v4,1,0,30,152
img_005286.jpg,ROBOFLOW_IMG_2023061913475519_JPEG_jpg.rf.ebe35c40047c64faa0e48aedcdb7cf92.jpg,v4,2,0,23,152
img_005287.jpg,ROBOFLOW_IMG_202306191347551_JPEG_jpg.rf.98b73710644476ba6b76f8396c6dea8e.jpg,v4,0,0,30,17
img_005288.jpg,ROBOFLOW_IMG_202306191347551_JPEG_jpg.rf.98b73710644476ba6b76f8396c6dea8e.jpg,v4,1,0,22,17
img_005289.jpg,ROBOFLOW_IMG_202306191347551_JPEG_jpg.rf.98b73710644476ba6b76f8396c6dea8e.jpg,v4,2,0,30,17
img_005290.jpg,ROBOFLOW_IMG_2023061913475520_JPEG_jpg.rf.5a1d02a188fff0692837856a5de2644f.jpg,v4,0,0,30,171
img_005291.jpg,ROBOFLOW_IMG_2023061913475520_JPEG_jpg.rf.5a1d02a188fff0692837856a5de2644f.jpg,v4,1,0,30,171
img_005292.jpg,ROBOFLOW_IMG_2023061913475520_JPEG_jpg.rf.5a1d02a188fff0692837856a5de2644f.jpg,v4,2,0,30,171
img_005293.jpg,ROBOFLOW_IMG_2023061913475521_JPEG_jpg.rf.b6f5529654001202994e50b9110ff916.jpg,v4,0,0,30,64
img_005294.jpg,ROBOFLOW_IMG_2023061913475521_JPEG_jpg.rf.b6f5529654001202994e50b9110ff916.jpg,v4,1,0,30,64
img_005295.jpg,ROBOFLOW_IMG_2023061913475521_JPEG_jpg.rf.b6f5529654001202994e50b9110ff916.jpg,v4,2,0,30,64
img_005296.jpg,ROBOFLOW_IMG_2023061913475522_JPEG_jpg.rf.06225f89a524fd156d2f59528ac72d55.jpg,v4,0,0,30,0
img_005297.jpg,ROBOFLOW_IMG_2023061913475522_JPEG_jpg.rf.06225f89a524fd156d2f59528ac72d55.jpg,v4,1,0,30,0
img_005298.jpg,ROBOFLOW_IMG_2023061913475522_JPEG_jpg.rf.06225f89a524fd156d2f59528ac72d55.jpg,v4,2,0,30,0
img_005299.jpg,ROBOFLOW_IMG_2023061913475523_JPEG_jpg.rf.ad559e7eae8c08a563f560377fcd47cc.jpg,v4,0,0,30,0
img_005300.jpg,ROBOFLOW_IMG_2023061913475523_JPEG_jpg.rf.ad559e7eae8c08a563f560377fcd47cc.jpg,v4,1,0,30,0
img_005301.jpg,ROBOFLOW_IMG_2023061913475523_JPEG_jpg.rf.ad559e7eae8c08a563f560377fcd47cc.jpg,v4,2,0,30,0
img_005302.jpg,ROBOFLOW_IMG_2023061913475524_JPEG_jpg.rf.2a3ffd50d3f4f29c9e7c71b7156c934f.jpg,v4,0,0,22,208
img_005303.jpg,ROBOFLOW_IMG_2023061913475524_JPEG_jpg.rf.2a3ffd50d3f4f29c9e7c71b7156c934f.jpg,v4,1,0,30,208
img_005304.jpg,ROBOFLOW_IMG_2023061913475524_JPEG_jpg.rf.2a3ffd50d3f4f29c9e7c71b7156c934f.jpg,v4,2,0,30,208
img_005305.jpg,ROBOFLOW_IMG_2023061913475525_JPEG_jpg.rf.77b1222729fd014df96796bc24e817f0.jpg,v4,0,0,30,298
img_005306.jpg,ROBOFLOW_IMG_2023061913475525_JPEG_jpg.rf.77b1222729fd014df96796bc24e817f0.jpg,v4,1,0,23,298
img_005307.jpg,ROBOFLOW_IMG_2023061913475525_JPEG_jpg.rf.77b1222729fd014df96796bc24e817f0.jpg,v4,2,0,28,298
img_005308.jpg,ROBOFLOW_IMG_2023061913475526_JPEG_jpg.rf.4be45fe09308b9603bdd8fcc8be4630e.jpg,v4,0,0,30,41
img_005309.jpg,ROBOFLOW_IMG_2023061913475526_JPEG_jpg.rf.4be45fe09308b9603bdd8fcc8be4630e.jpg,v4,1,0,26,41
img_005310.jpg,ROBOFLOW_IMG_2023061913475526_JPEG_jpg.rf.4be45fe09308b9603bdd8fcc8be4630e.jpg,v4,2,0,22,41
img_005311.jpg,ROBOFLOW_IMG_2023061913475527_JPEG_jpg.rf.49020a016f9c0e0fbef539c16776d26d.jpg,v4,0,0,18,279
img_005312.jpg,ROBOFLOW_IMG_2023061913475527_JPEG_jpg.rf.49020a016f9c0e0fbef539c16776d26d.jpg,v4,1,0,30,279
img_005313.jpg,ROBOFLOW_IMG_2023061913475527_JPEG_jpg.rf.49020a016f9c0e0fbef539c16776d26d.jpg,v4,2,0,30,279
img_005314.jpg,ROBOFLOW_IMG_2023061913475528_JPEG_jpg.rf.f848edb0602c5d4184c3b977c0513808.jpg,v4,0,0,30,48
img_005315.jpg,ROBOFLOW_IMG_2023061913475528_JPEG_jpg.rf.f848edb0602c5d4184c3b977c0513808.jpg,v4,1,0,21,48
img_005316.jpg,ROBOFLOW_IMG_2023061913475528_JPEG_jpg.rf.f848edb0602c5d4184c3b977c0513808.jpg,v4,2,0,30,48
img_005317.jpg,ROBOFLOW_IMG_2023061913475529_JPEG_jpg.rf.520aecd6a090c9f554cb81d7dcf65b40.jpg,v4,0,0,30,176
img_005318.jpg,ROBOFLOW_IMG_2023061913475529_JPEG_jpg.rf.520aecd6a090c9f554cb81d7dcf65b40.jpg,v4,1,0,22,176
img_005319.jpg,ROBOFLOW_IMG_2023061913475529_JPEG_jpg.rf.520aecd6a090c9f554cb81d7dcf65b40.jpg,v4,2,0,30,176
img_005320.jpg,ROBOFLOW_IMG_202306191347552_JPEG_jpg.rf.bf706c9120ba07c85b12887c8ff0239f.jpg,v4,0,0,19,238
img_005321.jpg,ROBOFLOW_IMG_202306191347552_JPEG_jpg.rf.bf706c9120ba07c85b12887c8ff0239f.jpg,v4,1,0,30,238
img_005322.jpg,ROBOFLOW_IMG_202306191347552_JPEG_jpg.rf.bf706c9120ba07c85b12887c8ff0239f.jpg,v4,2,0,30,238
img_005323.jpg,ROBOFLOW_IMG_2023061913475530_JPEG_jpg.rf.ccf05c20b6e6cee1e2ca9f6cca2ebf5c.jpg,v4,0,0,21,258
img_005324.jpg,ROBOFLOW_IMG_2023061913475530_JPEG_jpg.rf.ccf05c20b6e6cee1e2ca9f6cca2ebf5c.jpg,v4,1,0,30,258
img_005325.jpg,ROBOFLOW_IMG_2023061913475530_JPEG_jpg.rf.ccf05c20b6e6cee1e2ca9f6cca2ebf5c.jpg,v4,2,0,30,258
img_005326.jpg,ROBOFLOW_IMG_2023061913475531_JPEG_jpg.rf.fd80812ccf8fdd4e0a2c024b9e50a1b2.jpg,v4,0,0,30,124
img_005327.jpg,ROBOFLOW_IMG_2023061913475531_JPEG_jpg.rf.fd80812ccf8fdd4e0a2c024b9e50a1b2.jpg,v4,1,0,30,124
img_005328.jpg,ROBOFLOW_IMG_2023061913475531_JPEG_jpg.rf.fd80812ccf8fdd4e0a2c024b9e50a1b2.jpg,v4,2,0,23,124
img_005329.jpg,ROBOFLOW_IMG_2023061913475532_JPEG_jpg.rf.204bc7a7819e9f83f98e6ad61b251c03.jpg,v4,0,0,30,20
img_005330.jpg,ROBOFLOW_IMG_2023061913475532_JPEG_jpg.rf.204bc7a7819e9f83f98e6ad61b251c03.jpg,v4,1,0,30,20
img_005331.jpg,ROBOFLOW_IMG_2023061913475532_JPEG_jpg.rf.204bc7a7819e9f83f98e6ad61b251c03.jpg,v4,2,0,30,20
img_005332.jpg,ROBOFLOW_IMG_2023061913475533_JPEG_jpg.rf.2e77891ff7877cf02dec8bb9016bed37.jpg,v4,0,0,30,282
img_005333.jpg,ROBOFLOW_IMG_2023061913475533_JPEG_jpg.rf.2e77891ff7877cf02dec8bb9016bed37.jpg,v4,1,0,30,282
img_005334.jpg,ROBOFLOW_IMG_2023061913475533_JPEG_jpg.rf.2e77891ff7877cf02dec8bb9016bed37.jpg,v4,2,0,30,282
img_005335.jpg,ROBOFLOW_IMG_2023061913475534_JPEG_jpg.rf.64cec8376e63b239749f9bab313510b7.jpg,v4,0,0,30,246
img_005336.jpg,ROBOFLOW_IMG_2023061913475534_JPEG_jpg.rf.64cec8376e63b239749f9bab313510b7.jpg,v4,1,0,23,246
img_005337.jpg,ROBOFLOW_IMG_2023061913475534_JPEG_jpg.rf.64cec8376e63b239749f9bab313510b7.jpg,v4,2,0,30,246
img_005338.jpg,ROBOFLOW_IMG_2023061913475535_JPEG_jpg.rf.9b24ed8f3e692a30844b0758fcf3cac5.jpg,v4,0,0,0,512
img_005339.jpg,ROBOFLOW_IMG_2023061913475535_JPEG_jpg.rf.9b24ed8f3e692a30844b0758fcf3cac5.jpg,v4,1,0,0,512
img_005340.jpg,ROBOFLOW_IMG_2023061913475535_JPEG_jpg.rf.9b24ed8f3e692a30844b0758fcf3cac5.jpg,v4,2,0,0,512
img_005341.jpg,ROBOFLOW_IMG_2023061913475536_JPEG_jpg.rf.69d06c7f4ca2a102fcb45b7a3afb26f5.jpg,v4,0,0,30,67
img_005342.jpg,ROBOFLOW_IMG_2023061913475536_JPEG_jpg.rf.69d06c7f4ca2a102fcb45b7a3afb26f5.jpg,v4,1,0,30,67
img_005343.jpg,ROBOFLOW_IMG_2023061913475536_JPEG_jpg.rf.69d06c7f4ca2a102fcb45b7a3afb26f5.jpg,v4,2,0,30,67
img_005344.jpg,ROBOFLOW_IMG_2023061913475537_JPEG_jpg.rf.4427e2ae9a6af94763527b4f1945f224.jpg,v4,0,0,30,46
img_005345.jpg,ROBOFLOW_IMG_2023061913475537_JPEG_jpg.rf.4427e2ae9a6af94763527b4f1945f224.jpg,v4,1,0,30,46
img_005346.jpg,ROBOFLOW_IMG_2023061913475537_JPEG_jpg.rf.4427e2ae9a6af94763527b4f1945f224.jpg,v4,2,0,30,46
img_005347.jpg,ROBOFLOW_IMG_2023061913475538_JPEG_jpg.rf.0844ca392f0a5751a2863b4b82d1c0dd.jpg,v4,0,0,30,46
img_005348.jpg,ROBOFLOW_IMG_2023061913475538_JPEG_jpg.rf.0844ca392f0a5751a2863b4b82d1c0dd.jpg,v4,1,0,25,46
img_005349.jpg,ROBOFLOW_IMG_2023061913475538_JPEG_jpg.rf.0844ca392f0a5751a2863b4b82d1c0dd.jpg,v4,2,0,30,46
img_005350.jpg,ROBOFLOW_IMG_2023061913475539_JPEG_jpg.rf.24d1097b513e2887d58a0bc0657f6163.jpg,v4,0,0,30,0
img_005351.jpg,ROBOFLOW_IMG_2023061913475539_JPEG_jpg.rf.24d1097b513e2887d58a0bc0657f6163.jpg,v4,1,0,30,0
img_005352.jpg,ROBOFLOW_IMG_2023061913475539_JPEG_jpg.rf.24d1097b513e2887d58a0bc0657f6163.jpg,v4,2,0,30,0
img_005353.jpg,ROBOFLOW_IMG_202306191347553_JPEG_jpg.rf.ba2e8031d85e34d2e298c890c25c7dde.jpg,v4,0,0,30,44
img_005354.jpg,ROBOFLOW_IMG_202306191347553_JPEG_jpg.rf.ba2e8031d85e34d2e298c890c25c7dde.jpg,v4,1,0,26,44
img_005355.jpg,ROBOFLOW_IMG_202306191347553_JPEG_jpg.rf.ba2e8031d85e34d2e298c890c25c7dde.jpg,v4,2,0,24,44
img_005356.jpg,ROBOFLOW_IMG_2023061913475540_JPEG_jpg.rf.01cae194421ce00074dffc06ffdf27d7.jpg,v4,0,0,21,68
img_005357.jpg,ROBOFLOW_IMG_2023061913475540_JPEG_jpg.rf.01cae194421ce00074dffc06ffdf27d7.jpg,v4,1,0,30,68
img_005358.jpg,ROBOFLOW_IMG_2023061913475540_JPEG_jpg.rf.01cae194421ce00074dffc06ffdf27d7.jpg,v4,2,0,30,68
img_005359.jpg,ROBOFLOW_IMG_2023061913475541_JPEG_jpg.rf.c030351185d37158f9feab16b2af4cf7.jpg,v4,0,0,21,185
img_005360.jpg,ROBOFLOW_IMG_2023061913475541_JPEG_jpg.rf.c030351185d37158f9feab16b2af4cf7.jpg,v4,1,0,30,185
img_005361.jpg,ROBOFLOW_IMG_2023061913475541_JPEG_jpg.rf.c030351185d37158f9feab16b2af4cf7.jpg,v4,2,0,30,185
img_005362.jpg,ROBOFLOW_IMG_2023061913475542_JPEG_jpg.rf.1b488d819c911ea660e989b9b97c5566.jpg,v4,0,0,30,310
img_005363.jpg,ROBOFLOW_IMG_2023061913475542_JPEG_jpg.rf.1b488d819c911ea660e989b9b97c5566.jpg,v4,1,0,30,310
img_005364.jpg,ROBOFLOW_IMG_2023061913475542_JPEG_jpg.rf.1b488d819c911ea660e989b9b97c5566.jpg,v4,2,0,30,310
img_005365.jpg,ROBOFLOW_IMG_2023061913475543_JPEG_jpg.rf.11aaf14f024ebc93ea38f17ef291fced.jpg,v4,0,0,30,296
img_005366.jpg,ROBOFLOW_IMG_2023061913475543_JPEG_jpg.rf.11aaf14f024ebc93ea38f17ef291fced.jpg,v4,1,0,30,296
img_005367.jpg,ROBOFLOW_IMG_2023061913475543_JPEG_jpg.rf.11aaf14f024ebc93ea38f17ef291fced.jpg,v4,2,0,30,296
img_005368.jpg,ROBOFLOW_IMG_2023061913475545_JPEG_jpg.rf.558179dd80019869689f76c0b536d5d2.jpg,v4,0,0,30,157
img_005369.jpg,ROBOFLOW_IMG_2023061913475545_JPEG_jpg.rf.558179dd80019869689f76c0b536d5d2.jpg,v4,1,0,30,157
img_005370.jpg,ROBOFLOW_IMG_2023061913475545_JPEG_jpg.rf.558179dd80019869689f76c0b536d5d2.jpg,v4,2,0,25,157
img_005371.jpg,ROBOFLOW_IMG_2023061913475546_JPEG_jpg.rf.5aac8d1d31e8a357b00cee85663d4c2a.jpg,v4,0,0,30,16
img_005372.jpg,ROBOFLOW_IMG_2023061913475546_JPEG_jpg.rf.5aac8d1d31e8a357b00cee85663d4c2a.jpg,v4,1,0,30,16
img_005373.jpg,ROBOFLOW_IMG_2023061913475546_JPEG_jpg.rf.5aac8d1d31e8a357b00cee85663d4c2a.jpg,v4,2,0,25,16
img_005374.jpg,ROBOFLOW_IMG_2023061913475547_JPEG_jpg.rf.c4bcaa9d31a044dc516c274922d3eef5.jpg,v4,0,0,30,343
img_005375.jpg,ROBOFLOW_IMG_2023061913475547_JPEG_jpg.rf.c4bcaa9d31a044dc516c274922d3eef5.jpg,v4,1,0,30,343
img_005376.jpg,ROBOFLOW_IMG_2023061913475547_JPEG_jpg.rf.c4bcaa9d31a044dc516c274922d3eef5.jpg,v4,2,0,30,343
img_005377.jpg,ROBOFLOW_IMG_2023061913475548_JPEG_jpg.rf.27ae2f64ff5ac707d637a8e9784c32bc.jpg,v4,0,0,16,255
img_005378.jpg,ROBOFLOW_IMG_2023061913475548_JPEG_jpg.rf.27ae2f64ff5ac707d637a8e9784c32bc.jpg,v4,1,0,15,255
img_005379.jpg,ROBOFLOW_IMG_2023061913475548_JPEG_jpg.rf.27ae2f64ff5ac707d637a8e9784c32bc.jpg,v4,2,0,24,255
img_005380.jpg,ROBOFLOW_IMG_2023061913475549_JPEG_jpg.rf.a11cbf9af637b414b3989af0e33d615b.jpg,v4,0,0,30,80
img_005381.jpg,ROBOFLOW_IMG_2023061913475549_JPEG_jpg.rf.a11cbf9af637b414b3989af0e33d615b.jpg,v4,1,0,17,80
img_005382.jpg,ROBOFLOW_IMG_2023061913475549_JPEG_jpg.rf.a11cbf9af637b414b3989af0e33d615b.jpg,v4,2,0,21,80
img_005383.jpg,ROBOFLOW_IMG_202306191347554_JPEG_jpg.rf.95ff4cd21e0308d0ce6c372619b058b4.jpg,v4,0,0,30,121
img_005384.jpg,ROBOFLOW_IMG_202306191347554_JPEG_jpg.rf.95ff4cd21e0308d0ce6c372619b058b4.jpg,v4,1,0,24,121
img_005385.jpg,ROBOFLOW_IMG_202306191347554_JPEG_jpg.rf.95ff4cd21e0308d0ce6c372619b058b4.jpg,v4,2,0,30,121
img_005386.jpg,ROBOFLOW_IMG_2023061913475550_JPEG_jpg.rf.fab77b5fe8c15cb6d52e240803ec606d.jpg,v4,0,0,22,7
img_005387.jpg,ROBOFLOW_IMG_2023061913475550_JPEG_jpg.rf.fab77b5fe8c15cb6d52e240803ec606d.jpg,v4,1,0,30,7
img_005388.jpg,ROBOFLOW_IMG_2023061913475550_JPEG_jpg.rf.fab77b5fe8c15cb6d52e240803ec606d.jpg,v4,2,0,30,7
img_005389.jpg,ROBOFLOW_IMG_2023061913475551_JPEG_jpg.rf.c27e1baa72c22dedfea309ef8aeef631.jpg,v4,0,0,30,17
img_005390.jpg,ROBOFLOW_IMG_2023061913475551_JPEG_jpg.rf.c27e1baa72c22dedfea309ef8aeef631.jpg,v4,1,0,30,17
img_005391.jpg,ROBOFLOW_IMG_2023061913475551_JPEG_jpg.rf.c27e1baa72c22dedfea309ef8aeef631.jpg,v4,2,0,30,17
img_005392.jpg,ROBOFLOW_IMG_2023061913475552_JPEG_jpg.rf.3c219a8b4f5bce4639dd34243f66cca2.jpg,v4,0,0,24,0
img_005393.jpg,ROBOFLOW_IMG_2023061913475552_JPEG_jpg.rf.3c219a8b4f5bce4639dd34243f66cca2.jpg,v4,1,0,30,0
img_005394.jpg,ROBOFLOW_IMG_2023061913475552_JPEG_jpg.rf.3c219a8b4f5bce4639dd34243f66cca2.jpg,v4,2,0,30,0
img_005395.jpg,ROBOFLOW_IMG_2023061913475553_JPEG_jpg.rf.58ad3012f92326843b777852423e126f.jpg,v4,0,0,30,42
img_005396.jpg,ROBOFLOW_IMG_2023061913475553_JPEG_jpg.rf.58ad3012f92326843b777852423e126f.jpg,v4,1,0,30,42
img_005397.jpg,ROBOFLOW_IMG_2023061913475553_JPEG_jpg.rf.58ad3012f92326843b777852423e126f.jpg,v4,2,0,30,42
img_005398.jpg,ROBOFLOW_IMG_2023061913475554_JPEG_jpg.rf.fb0c99e50c0efc555575aa1c308caf2b.jpg,v4,0,0,30,0
img_005399.jpg,ROBOFLOW_IMG_2023061913475554_JPEG_jpg.rf.fb0c99e50c0efc555575aa1c308caf2b.jpg,v4,1,0,30,0
img_005400.jpg,ROBOFLOW_IMG_2023061913475554_JPEG_jpg.rf.fb0c99e50c0efc555575aa1c308caf2b.jpg,v4,2,0,22,0
img_005401.jpg,ROBOFLOW_IMG_2023061913475555_JPEG_jpg.rf.98db6031f1797a7d35fed768ba0e6cb6.jpg,v4,0,0,30,9
img_005402.jpg,ROBOFLOW_IMG_2023061913475555_JPEG_jpg.rf.98db6031f1797a7d35fed768ba0e6cb6.jpg,v4,1,0,30,9
img_005403.jpg,ROBOFLOW_IMG_2023061913475555_JPEG_jpg.rf.98db6031f1797a7d35fed768ba0e6cb6.jpg,v4,2,0,30,9
img_005404.jpg,ROBOFLOW_IMG_2023061913475556_JPEG_jpg.rf.699b8542f5890f555e770cacf49f9bf7.jpg,v4,0,0,30,17
img_005405.jpg,ROBOFLOW_IMG_2023061913475556_JPEG_jpg.rf.699b8542f5890f555e770cacf49f9bf7.jpg,v4,1,0,21,17
img_005406.jpg,ROBOFLOW_IMG_2023061913475556_JPEG_jpg.rf.699b8542f5890f555e770cacf49f9bf7.jpg,v4,2,0,30,17
img_005407.jpg,ROBOFLOW_IMG_2023061913475557_JPEG_jpg.rf.6716083ddc3d8ffa3374c34d7686a885.jpg,v4,0,0,22,30
img_005408.jpg,ROBOFLOW_IMG_2023061913475557_JPEG_jpg.rf.6716083ddc3d8ffa3374c34d7686a885.jpg,v4,1,0,30,30
img_005409.jpg,ROBOFLOW_IMG_2023061913475557_JPEG_jpg.rf.6716083ddc3d8ffa3374c34d7686a885.jpg,v4,2,0,30,30
img_005410.jpg,ROBOFLOW_IMG_2023061913475558_JPEG_jpg.rf.6e392ddaab8392c8a27a19981995a21b.jpg,v4,0,0,30,18
img_005411.jpg,ROBOFLOW_IMG_2023061913475558_JPEG_jpg.rf.6e392ddaab8392c8a27a19981995a21b.jpg,v4,1,0,30,18
img_005412.jpg,ROBOFLOW_IMG_2023061913475558_JPEG_jpg.rf.6e392ddaab8392c8a27a19981995a21b.jpg,v4,2,0,30,18
img_005413.jpg,ROBOFLOW_IMG_2023061913475559_JPEG_jpg.rf.3c74516257697d203a31e5d79d39f28c.jpg,v4,0,0,30,11
img_005414.jpg,ROBOFLOW_IMG_2023061913475559_JPEG_jpg.rf.3c74516257697d203a31e5d79d39f28c.jpg,v4,1,0,30,11
img_005415.jpg,ROBOFLOW_IMG_2023061913475559_JPEG_jpg.rf.3c74516257697d203a31e5d79d39f28c.jpg,v4,2,0,30,11
img_005416.jpg,ROBOFLOW_IMG_202306191347555_JPEG_jpg.rf.181226a7f706b72767b9104b76a46cb0.jpg,v4,0,0,30,115
img_005417.jpg,ROBOFLOW_IMG_202306191347555_JPEG_jpg.rf.181226a7f706b72767b9104b76a46cb0.jpg,v4,1,0,30,115
img_005418.jpg,ROBOFLOW_IMG_202306191347555_JPEG_jpg.rf.181226a7f706b72767b9104b76a46cb0.jpg,v4,2,0,20,115
img_005419.jpg,ROBOFLOW_IMG_2023061913475560_JPEG_jpg.rf.a50d9c0077487bb2f37f10aa151a8a2d.jpg,v4,0,0,30,205
img_005420.jpg,ROBOFLOW_IMG_2023061913475560_JPEG_jpg.rf.a50d9c0077487bb2f37f10aa151a8a2d.jpg,v4,1,0,30,205
img_005421.jpg,ROBOFLOW_IMG_2023061913475560_JPEG_jpg.rf.a50d9c0077487bb2f37f10aa151a8a2d.jpg,v4,2,0,18,205
img_005422.jpg,ROBOFLOW_IMG_2023061913475561_JPEG_jpg.rf.f028a9ead6057ce3f08c5ee91b1b3fae.jpg,v4,0,0,22,0
img_005423.jpg,ROBOFLOW_IMG_2023061913475561_JPEG_jpg.rf.f028a9ead6057ce3f08c5ee91b1b3fae.jpg,v4,1,0,26,0
img_005424.jpg,ROBOFLOW_IMG_2023061913475561_JPEG_jpg.rf.f028a9ead6057ce3f08c5ee91b1b3fae.jpg,v4,2,0,30,0
img_005425.jpg,ROBOFLOW_IMG_2023061913475562_JPEG_jpg.rf.4de090ed3bf23d2eb72edbf1ed040482.jpg,v4,0,0,30,13
img_005426.jpg,ROBOFLOW_IMG_2023061913475562_JPEG_jpg.rf.4de090ed3bf23d2eb72edbf1ed040482.jpg,v4,1,0,19,13
img_005427.jpg,ROBOFLOW_IMG_2023061913475562_JPEG_jpg.rf.4de090ed3bf23d2eb72edbf1ed040482.jpg,v4,2,0,17,13
img_005428.jpg,ROBOFLOW_IMG_2023061913475563_JPEG_jpg.rf.26c462ae8cbb61625043c8408088737d.jpg,v4,0,0,30,0
img_005429.jpg,ROBOFLOW_IMG_2023061913475563_JPEG_jpg.rf.26c462ae8cbb61625043c8408088737d.jpg,v4,1,0,30,0
img_005430.jpg,ROBOFLOW_IMG_2023061913475563_JPEG_jpg.rf.26c462ae8cbb61625043c8408088737d.jpg,v4,2,0,30,0
img_005431.jpg,ROBOFLOW_IMG_2023061913475564_JPEG_jpg.rf.65225065d3eceff4560f9c3e700552e7.jpg,v4,0,0,30,65
img_005432.jpg,ROBOFLOW_IMG_2023061913475564_JPEG_jpg.rf.65225065d3eceff4560f9c3e700552e7.jpg,v4,1,0,30,65
img_005433.jpg,ROBOFLOW_IMG_2023061913475564_JPEG_jpg.rf.65225065d3eceff4560f9c3e700552e7.jpg,v4,2,0,30,65
img_005434.jpg,ROBOFLOW_IMG_2023061913475565_JPEG_jpg.rf.8143c8a39b9326c7be4dbc403b3fa484.jpg,v4,0,0,30,259
img_005435.jpg,ROBOFLOW_IMG_2023061913475565_JPEG_jpg.rf.8143c8a39b9326c7be4dbc403b3fa484.jpg,v4,1,0,30,259
img_005436.jpg,ROBOFLOW_IMG_2023061913475565_JPEG_jpg.rf.8143c8a39b9326c7be4dbc403b3fa484.jpg,v4,2,0,30,259
img_005437.jpg,ROBOFLOW_IMG_2023061913475566_JPEG_jpg.rf.ba2a951e48db4f5e8e2fe30fe31a375c.jpg,v4,0,0,30,0
img_005438.jpg,ROBOFLOW_IMG_2023061913475566_JPEG_jpg.rf.ba2a951e48db4f5e8e2fe30fe31a375c.jpg,v4,1,0,30,0
img_005439.jpg,ROBOFLOW_IMG_2023061913475566_JPEG_jpg.rf.ba2a951e48db4f5e8e2fe30fe31a375c.jpg,v4,2,0,30,0
img_005440.jpg,ROBOFLOW_IMG_2023061913475567_JPEG_jpg.rf.f9a3418c67bc3dfa0c6dc25be94eb10b.jpg,v4,0,0,30,84
img_005441.jpg,ROBOFLOW_IMG_2023061913475567_JPEG_jpg.rf.f9a3418c67bc3dfa0c6dc25be94eb10b.jpg,v4,1,0,30,84
img_005442.jpg,ROBOFLOW_IMG_2023061913475567_JPEG_jpg.rf.f9a3418c67bc3dfa0c6dc25be94eb10b.jpg,v4,2,0,20,84
img_005443.jpg,ROBOFLOW_IMG_2023061913475568_JPEG_jpg.rf.b8466245b749ae3912cefeae73161944.jpg,v4,0,0,30,0
img_005444.jpg,ROBOFLOW_IMG_2023061913475568_JPEG_jpg.rf.b8466245b749ae3912cefeae73161944.jpg,v4,1,0,30,0
img_005445.jpg,ROBOFLOW_IMG_2023061913475568_JPEG_jpg.rf.b8466245b749ae3912cefeae73161944.jpg,v4,2,0,30,0
img_005446.jpg,ROBOFLOW_IMG_2023061913475569_JPEG_jpg.rf.e53aff442545aefb7891e1fa4f847919.jpg,v4,0,0,30,0
img_005447.jpg,ROBOFLOW_IMG_2023061913475569_JPEG_jpg.rf.e53aff442545aefb7891e1fa4f847919.jpg,v4,1,0,30,0
img_005448.jpg,ROBOFLOW_IMG_2023061913475569_JPEG_jpg.rf.e53aff442545aefb7891e1fa4f847919.jpg,v4,2,0,30,0
img_005449.jpg,ROBOFLOW_IMG_202306191347556_JPEG_jpg.rf.44220440cd40fcd5782eac886235245b.jpg,v4,0,0,21,128
img_005450.jpg,ROBOFLOW_IMG_202306191347556_JPEG_jpg.rf.44220440cd40fcd5782eac886235245b.jpg,v4,1,0,30,128
img_005451.jpg,ROBOFLOW_IMG_202306191347556_JPEG_jpg.rf.44220440cd40fcd5782eac886235245b.jpg,v4,2,0,16,128
img_005452.jpg,ROBOFLOW_IMG_2023061913475570_JPEG_jpg.rf.c459fdd711ffc2933b2d32a28203c5ea.jpg,v4,0,0,30,271
img_005453.jpg,ROBOFLOW_IMG_2023061913475570_JPEG_jpg.rf.c459fdd711ffc2933b2d32a28203c5ea.jpg,v4,1,0,30,271
img_005454.jpg,ROBOFLOW_IMG_2023061913475570_JPEG_jpg.rf.c459fdd711ffc2933b2d32a28203c5ea.jpg,v4,2,0,30,271
img_005455.jpg,ROBOFLOW_IMG_2023061913475571_JPEG_jpg.rf.e00319002dbdef96ab11cae013272cd7.jpg,v4,0,0,30,26
img_005456.jpg,ROBOFLOW_IMG_2023061913475571_JPEG_jpg.rf.e00319002dbdef96ab11cae013272cd7.jpg,v4,1,0,26,26
img_005457.jpg,ROBOFLOW_IMG_2023061913475571_JPEG_jpg.rf.e00319002dbdef96ab11cae013272cd7.jpg,v4,2,0,30,26
img_005458.jpg,ROBOFLOW_IMG_2023061913475572_JPEG_jpg.rf.e20aa308fb67cd3f69f808f87ff4ce1f.jpg,v4,0,0,25,26
img_005459.jpg,ROBOFLOW_IMG_2023061913475572_JPEG_jpg.rf.e20aa308fb67cd3f69f808f87ff4ce1f.jpg,v4,1,0,25,26
img_005460.jpg,ROBOFLOW_IMG_2023061913475572_JPEG_jpg.rf.e20aa308fb67cd3f69f808f87ff4ce1f.jpg,v4,2,0,30,26
img_005461.jpg,ROBOFLOW_IMG_2023061913475573_JPEG_jpg.rf.2d919f541e1068985c103bd7bd824206.jpg,v4,0,0,30,15
img_005462.jpg,ROBOFLOW_IMG_2023061913475573_JPEG_jpg.rf.2d919f541e1068985c103bd7bd824206.jpg,v4,1,0,30,15
img_005463.jpg,ROBOFLOW_IMG_2023061913475573_JPEG_jpg.rf.2d919f541e1068985c103bd7bd824206.jpg,v4,2,0,30,15
img_005464.jpg,ROBOFLOW_IMG_2023061913475574_JPEG_jpg.rf.25bf41dacf31568a7f9008e56bb31171.jpg,v4,0,0,30,0
img_005465.jpg,ROBOFLOW_IMG_2023061913475574_JPEG_jpg.rf.25bf41dacf31568a7f9008e56bb31171.jpg,v4,1,0,30,0
img_005466.jpg,ROBOFLOW_IMG_2023061913475574_JPEG_jpg.rf.25bf41dacf31568a7f9008e56bb31171.jpg,v4,2,0,30,0
img_005467.jpg,ROBOFLOW_IMG_2023061913475575_JPEG_jpg.rf.3633ee014c7d1a2ef8601c27b011b2b4.jpg,v4,0,0,30,11
img_005468.jpg,ROBOFLOW_IMG_2023061913475575_JPEG_jpg.rf.3633ee014c7d1a2ef8601c27b011b2b4.jpg,v4,1,0,30,11
img_005469.jpg,ROBOFLOW_IMG_2023061913475575_JPEG_jpg.rf.3633ee014c7d1a2ef8601c27b011b2b4.jpg,v4,2,0,30,11
img_005470.jpg,ROBOFLOW_IMG_2023061913475576_JPEG_jpg.rf.1a4ee9342592a01833276c24becad250.jpg,v4,0,0,30,31
img_005471.jpg,ROBOFLOW_IMG_2023061913475576_JPEG_jpg.rf.1a4ee9342592a01833276c24becad250.jpg,v4,1,0,30,31
img_005472.jpg,ROBOFLOW_IMG_2023061913475576_JPEG_jpg.rf.1a4ee9342592a01833276c24becad250.jpg,v4,2,0,30,31
img_005473.jpg,ROBOFLOW_IMG_2023061913475577_JPEG_jpg.rf.fb0c697e919f3173e224e7c8b934a789.jpg,v4,0,0,30,80
img_005474.jpg,ROBOFLOW_IMG_2023061913475577_JPEG_jpg.rf.fb0c697e919f3173e224e7c8b934a789.jpg,v4,1,0,30,80
img_005475.jpg,ROBOFLOW_IMG_2023061913475577_JPEG_jpg.rf.fb0c697e919f3173e224e7c8b934a789.jpg,v4,2,0,30,80
img_005476.jpg,ROBOFLOW_IMG_2023061913475578_JPEG_jpg.rf.3e15740c6cb5115090e1307158c1c1df.jpg,v4,0,0,30,247
img_005477.jpg,ROBOFLOW_IMG_2023061913475578_JPEG_jpg.rf.3e15740c6cb5115090e1307158c1c1df.jpg,v4,1,0,30,247
img_005478.jpg,ROBOFLOW_IMG_2023061913475578_JPEG_jpg.rf.3e15740c6cb5115090e1307158c1c1df.jpg,v4,2,0,30,247
img_005479.jpg,ROBOFLOW_IMG_2023061913475579_JPEG_jpg.rf.a98c47532c653f2f8bd8c6bf7110ca6f.jpg,v4,0,0,23,46
img_005480.jpg,ROBOFLOW_IMG_2023061913475579_JPEG_jpg.rf.a98c47532c653f2f8bd8c6bf7110ca6f.jpg,v4,1,0,30,46
img_005481.jpg,ROBOFLOW_IMG_2023061913475579_JPEG_jpg.rf.a98c47532c653f2f8bd8c6bf7110ca6f.jpg,v4,2,0,30,46
img_005482.jpg,ROBOFLOW_IMG_202306191347557_JPEG_jpg.rf.205d965a68329ac27164512c5f35c91b.jpg,v4,0,0,30,0
img_005483.jpg,ROBOFLOW_IMG_202306191347557_JPEG_jpg.rf.205d965a68329ac27164512c5f35c91b.jpg,v4,1,0,30,0
img_005484.jpg,ROBOFLOW_IMG_202306191347557_JPEG_jpg.rf.205d965a68329ac27164512c5f35c91b.jpg,v4,2,0,23,0
img_005485.jpg,ROBOFLOW_IMG_202306191347558_JPEG_jpg.rf.41d6350f19819bb3fd08dac7206c21cb.jpg,v4,0,0,30,32
img_005486.jpg,ROBOFLOW_IMG_202306191347558_JPEG_jpg.rf.41d6350f19819bb3fd08dac7206c21cb.jpg,v4,1,0,30,32
img_005487.jpg,ROBOFLOW_IMG_202306191347558_JPEG_jpg.rf.41d6350f19819bb3fd08dac7206c21cb.jpg,v4,2,0,30,32
img_005488.jpg,ROBOFLOW_IMG_202306191347559_JPEG_jpg.rf.4a184a6b1b179fadfc29e7532ab5a71e.jpg,v4,0,0,20,30
img_005489.jpg,ROBOFLOW_IMG_202306191347559_JPEG_jpg.rf.4a184a6b1b179fadfc29e7532ab5a71e.jpg,v4,1,0,30,30
img_005490.jpg,ROBOFLOW_IMG_202306191347559_JPEG_jpg.rf.4a184a6b1b179fadfc29e7532ab5a71e.jpg,v4,2,0,17,30
img_005491.jpg,ROBOFLOW_Screenshot-2022-09-09-220739_jpg.rf.dd2d408751b0fc727e1877fcc6808dfb.jpg,v4,0,0,30,0
img_005492.jpg,ROBOFLOW_Screenshot-2022-09-09-220739_jpg.rf.dd2d408751b0fc727e1877fcc6808dfb.jpg,v4,1,0,26,0
img_005493.jpg,ROBOFLOW_Screenshot-2022-09-09-220739_jpg.rf.dd2d408751b0fc727e1877fcc6808dfb.jpg,v4,2,0,22,0
img_005494.jpg,ROBOFLOW_Screenshot-2022-09-09-221016_jpg.rf.467fbe7a8966a61d1e1f1befe23ed9c2.jpg,v4,0,0,30,0
img_005495.jpg,ROBOFLOW_Screenshot-2022-09-09-221016_jpg.rf.467fbe7a8966a61d1e1f1befe23ed9c2.jpg,v4,1,0,30,0
img_005496.jpg,ROBOFLOW_Screenshot-2022-09-09-221016_jpg.rf.467fbe7a8966a61d1e1f1befe23ed9c2.jpg,v4,2,0,30,0
img_005497.jpg,ROBOFLOW_Screenshot-2022-09-09-221029_jpg.rf.4d0239446fae7ef084a5590c51b54ab2.jpg,v4,0,0,30,0
img_005498.jpg,ROBOFLOW_Screenshot-2022-09-09-221029_jpg.rf.4d0239446fae7ef084a5590c51b54ab2.jpg,v4,1,0,23,0
img_005499.jpg,ROBOFLOW_Screenshot-2022-09-09-221029_jpg.rf.4d0239446fae7ef084a5590c51b54ab2.jpg,v4,2,0,30,0
img_005500.jpg,ROBOFLOW_Screenshot-2022-09-09-221242_jpg.rf.55888dd0251a57b0b56396410c27356f.jpg,v4,0,0,20,0
img_005501.jpg,ROBOFLOW_Screenshot-2022-09-09-221242_jpg.rf.55888dd0251a57b0b56396410c27356f.jpg,v4,1,0,30,0
img_005502.jpg,ROBOFLOW_Screenshot-2022-09-09-221242_jpg.rf.55888dd0251a57b0b56396410c27356f.jpg,v4,2,0,30,0
img_005503.jpg,ROBOFLOW_Screenshot-2022-09-10-002627_jpg.rf.b2dffa9942d69aa55ea5c653e286425b.jpg,v4,0,1,28,33
img_005504.jpg,ROBOFLOW_Screenshot-2022-09-10-002627_jpg.rf.b2dffa9942d69aa55ea5c653e286425b.jpg,v4,1,1,30,33
img_005505.jpg,ROBOFLOW_Screenshot-2022-09-10-002627_jpg.rf.b2dffa9942d69aa55ea5c653e286425b.jpg,v4,2,1,30,33
img_005506.jpg,ROBOFLOW_Screenshot-2022-09-10-002657_jpg.rf.704de0a32b7c2e866f6cff7794c80681.jpg,v4,0,0,30,50
img_005507.jpg,ROBOFLOW_Screenshot-2022-09-10-002657_jpg.rf.704de0a32b7c2e866f6cff7794c80681.jpg,v4,1,0,30,50
img_005508.jpg,ROBOFLOW_Screenshot-2022-09-10-002657_jpg.rf.704de0a32b7c2e866f6cff7794c80681.jpg,v4,2,0,22,50
img_005509.jpg,ROBOFLOW_Screenshot-2022-09-10-002749_jpg.rf.06a9bf5d7d749c6a97570d8fa15ec191.jpg,v4,0,0,30,78
img_005510.jpg,ROBOFLOW_Screenshot-2022-09-10-002749_jpg.rf.06a9bf5d7d749c6a97570d8fa15ec191.jpg,v4,1,0,25,78
img_005511.jpg,ROBOFLOW_Screenshot-2022-09-10-002749_jpg.rf.06a9bf5d7d749c6a97570d8fa15ec191.jpg,v4,2,0,30,78
img_005512.jpg,ROBOFLOW_Screenshot-2022-09-10-002824_jpg.rf.0659964c9ea005684d005d4bc5808dc8.jpg,v4,0,1,30,191
img_005513.jpg,ROBOFLOW_Screenshot-2022-09-10-002824_jpg.rf.0659964c9ea005684d005d4bc5808dc8.jpg,v4,1,1,30,191
img_005514.jpg,ROBOFLOW_Screenshot-2022-09-10-002824_jpg.rf.0659964c9ea005684d005d4bc5808dc8.jpg,v4,2,1,30,191
img_005515.jpg,ROBOFLOW_Screenshot-2022-09-10-002900_jpg.rf.b97b76301222796dda84226610fcdd12.jpg,v4,0,8,30,124
img_005516.jpg,ROBOFLOW_Screenshot-2022-09-10-002900_jpg.rf.b97b76301222796dda84226610fcdd12.jpg,v4,1,8,30,124
img_005517.jpg,ROBOFLOW_Screenshot-2022-09-10-002900_jpg.rf.b97b76301222796dda84226610fcdd12.jpg,v4,2,8,30,124
img_005518.jpg,ROBOFLOW_Screenshot-2022-09-10-002931_jpg.rf.9f6aacb010800be0f51c8c9691a8831f.jpg,v4,0,3,30,118
img_005519.jpg,ROBOFLOW_Screenshot-2022-09-10-002931_jpg.rf.9f6aacb010800be0f51c8c9691a8831f.jpg,v4,1,3,30,118
img_005520.jpg,ROBOFLOW_Screenshot-2022-09-10-002931_jpg.rf.9f6aacb010800be0f51c8c9691a8831f.jpg,v4,2,3,30,118
img_005521.jpg,ROBOFLOW_Screenshot-2022-09-10-003006_jpg.rf.2949e7c1f5a4e46a690b21e61a3e7084.jpg,v4,0,0,30,117
img_005522.jpg,ROBOFLOW_Screenshot-2022-09-10-003006_jpg.rf.2949e7c1f5a4e46a690b21e61a3e7084.jpg,v4,1,0,30,117
img_005523.jpg,ROBOFLOW_Screenshot-2022-09-10-003006_jpg.rf.2949e7c1f5a4e46a690b21e61a3e7084.jpg,v4,2,0,30,117
img_005524.jpg,ROBOFLOW_Screenshot-2022-09-10-003026_jpg.rf.bc6472fb586bac6033c658c8bd8afc78.jpg,v4,0,2,30,180
img_005525.jpg,ROBOFLOW_Screenshot-2022-09-10-003026_jpg.rf.bc6472fb586bac6033c658c8bd8afc78.jpg,v4,1,2,12,180
img_005526.jpg,ROBOFLOW_Screenshot-2022-09-10-003026_jpg.rf.bc6472fb586bac6033c658c8bd8afc78.jpg,v4,2,2,30,180
img_005527.jpg,ROBOFLOW_Screenshot-2022-09-10-003109_jpg.rf.22e4489bc6c2a6d38da444517758d8ab.jpg,v4,0,2,30,87
img_005528.jpg,ROBOFLOW_Screenshot-2022-09-10-003109_jpg.rf.22e4489bc6c2a6d38da444517758d8ab.jpg,v4,1,2,30,87
img_005529.jpg,ROBOFLOW_Screenshot-2022-09-10-003109_jpg.rf.22e4489bc6c2a6d38da444517758d8ab.jpg,v4,2,2,30,87
img_005530.jpg,ROBOFLOW_Screenshot-2022-09-10-003225_jpg.rf.e5265fd657d9b651c57136128860122c.jpg,v4,0,0,30,0
img_005531.jpg,ROBOFLOW_Screenshot-2022-09-10-003225_jpg.rf.e5265fd657d9b651c57136128860122c.jpg,v4,1,0,30,0
img_005532.jpg,ROBOFLOW_Screenshot-2022-09-10-003225_jpg.rf.e5265fd657d9b651c57136128860122c.jpg,v4,2,0,22,0
img_005533.jpg,ROBOFLOW_Screenshot-2022-09-10-003303_jpg.rf.e741fa54a82ad431b2eaa418320111f1.jpg,v4,0,0,30,0
img_005534.jpg,ROBOFLOW_Screenshot-2022-09-10-003303_jpg.rf.e741fa54a82ad431b2eaa418320111f1.jpg,v4,1,0,30,0
img_005535.jpg,ROBOFLOW_Screenshot-2022-09-10-003303_jpg.rf.e741fa54a82ad431b2eaa418320111f1.jpg,v4,2,0,24,0
img_005536.jpg,ROBOFLOW_Screenshot-2022-09-10-003456_jpg.rf.20b3d04485945af72bc89e77fcada261.jpg,v4,0,0,30,86
img_005537.jpg,ROBOFLOW_Screenshot-2022-09-10-003456_jpg.rf.20b3d04485945af72bc89e77fcada261.jpg,v4,1,0,30,86
img_005538.jpg,ROBOFLOW_Screenshot-2022-09-10-003456_jpg.rf.20b3d04485945af72bc89e77fcada261.jpg,v4,2,0,25,86
img_005539.jpg,ROBOFLOW_Screenshot-2022-09-10-003520_jpg.rf.53c8d87e3f2e44fbe9d5f7594a4cc729.jpg,v4,0,0,30,24
img_005540.jpg,ROBOFLOW_Screenshot-2022-09-10-003520_jpg.rf.53c8d87e3f2e44fbe9d5f7594a4cc729.jpg,v4,1,0,30,24
img_005541.jpg,ROBOFLOW_Screenshot-2022-09-10-003520_jpg.rf.53c8d87e3f2e44fbe9d5f7594a4cc729.jpg,v4,2,0,30,24
img_005542.jpg,ROBOFLOW_Screenshot-2022-09-10-003540_jpg.rf.a0a74c2ffd75bf02900aa13efc558b66.jpg,v4,0,0,30,0
img_005543.jpg,ROBOFLOW_Screenshot-2022-09-10-003540_jpg.rf.a0a74c2ffd75bf02900aa13efc558b66.jpg,v4,1,0,30,0
img_005544.jpg,ROBOFLOW_Screenshot-2022-09-10-003540_jpg.rf.a0a74c2ffd75bf02900aa13efc558b66.jpg,v4,2,0,22,0
img_005545.jpg,ROBOFLOW_Screenshot-2022-09-10-003600_jpg.rf.fab1032b31b1359b1f5cd69fd83e1bf7.jpg,v4,0,0,30,0
img_005546.jpg,ROBOFLOW_Screenshot-2022-09-10-003600_jpg.rf.fab1032b31b1359b1f5cd69fd83e1bf7.jpg,v4,1,0,30,0
img_005547.jpg,ROBOFLOW_Screenshot-2022-09-10-003600_jpg.rf.fab1032b31b1359b1f5cd69fd83e1bf7.jpg,v4,2,0,30,0
img_005548.jpg,ROBOFLOW_Screenshot-2022-09-10-003624_jpg.rf.3822d2762fa57f3321b10481020f95b8.jpg,v4,0,0,30,0
img_005549.jpg,ROBOFLOW_Screenshot-2022-09-10-003624_jpg.rf.3822d2762fa57f3321b10481020f95b8.jpg,v4,1,0,30,0
img_005550.jpg,ROBOFLOW_Screenshot-2022-09-10-003624_jpg.rf.3822d2762fa57f3321b10481020f95b8.jpg,v4,2,0,23,0
img_005551.jpg,ROBOFLOW_Screenshot-2022-09-10-003655_jpg.rf.af9c0149ba42cda693f0dedaf45624e5.jpg,v4,0,0,26,0
img_005552.jpg,ROBOFLOW_Screenshot-2022-09-10-003655_jpg.rf.af9c0149ba42cda693f0dedaf45624e5.jpg,v4,1,0,30,0
img_005553.jpg,ROBOFLOW_Screenshot-2022-09-10-003655_jpg.rf.af9c0149ba42cda693f0dedaf45624e5.jpg,v4,2,0,30,0
img_005554.jpg,ROBOFLOW_Screenshot-2022-09-10-003724_jpg.rf.2926da5455b830c64985ebabbe40c57e.jpg,v4,0,0,30,0
img_005555.jpg,ROBOFLOW_Screenshot-2022-09-10-003724_jpg.rf.2926da5455b830c64985ebabbe40c57e.jpg,v4,1,0,30,0
img_005556.jpg,ROBOFLOW_Screenshot-2022-09-10-003724_jpg.rf.2926da5455b830c64985ebabbe40c57e.jpg,v4,2,0,30,0
img_005557.jpg,ROBOFLOW_Screenshot-2022-09-10-003754_jpg.rf.0ec92a95ee1dace59cdb95d4f432ffb4.jpg,v4,0,0,30,0
img_005558.jpg,ROBOFLOW_Screenshot-2022-09-10-003754_jpg.rf.0ec92a95ee1dace59cdb95d4f432ffb4.jpg,v4,1,0,30,0
img_005559.jpg,ROBOFLOW_Screenshot-2022-09-10-003754_jpg.rf.0ec92a95ee1dace59cdb95d4f432ffb4.jpg,v4,2,0,26,0
img_005560.jpg,ROBOFLOW_Screenshot-2022-09-10-003809_jpg.rf.89e13c86af83e18cbdfa9db06c4d2a73.jpg,v4,0,0,30,0
img_005561.jpg,ROBOFLOW_Screenshot-2022-09-10-003809_jpg.rf.89e13c86af83e18cbdfa9db06c4d2a73.jpg,v4,1,0,30,0
img_005562.jpg,ROBOFLOW_Screenshot-2022-09-10-003809_jpg.rf.89e13c86af83e18cbdfa9db06c4d2a73.jpg,v4,2,0,30,0
img_005563.jpg,ROBOFLOW_Screenshot-2022-09-10-003844_jpg.rf.a1808f02c6df7be2330dd4e8cbcb0acd.jpg,v4,0,0,30,0
img_005564.jpg,ROBOFLOW_Screenshot-2022-09-10-003844_jpg.rf.a1808f02c6df7be2330dd4e8cbcb0acd.jpg,v4,1,0,30,0
img_005565.jpg,ROBOFLOW_Screenshot-2022-09-10-003844_jpg.rf.a1808f02c6df7be2330dd4e8cbcb0acd.jpg,v4,2,0,30,0
img_005566.jpg,ROBOFLOW_Screenshot-2022-09-10-003916_jpg.rf.20fe2d4d218f7a6501f099b89aabad58.jpg,v4,0,0,23,0
img_005567.jpg,ROBOFLOW_Screenshot-2022-09-10-003916_jpg.rf.20fe2d4d218f7a6501f099b89aabad58.jpg,v4,1,0,30,0
img_005568.jpg,ROBOFLOW_Screenshot-2022-09-10-003916_jpg.rf.20fe2d4d218f7a6501f099b89aabad58.jpg,v4,2,0,30,0
img_005569.jpg,ROBOFLOW_Screenshot-2022-09-10-003945_jpg.rf.8f1b3a5a379eeb464f15dd5af127ca93.jpg,v4,0,0,30,0
img_005570.jpg,ROBOFLOW_Screenshot-2022-09-10-003945_jpg.rf.8f1b3a5a379eeb464f15dd5af127ca93.jpg,v4,1,0,30,0
img_005571.jpg,ROBOFLOW_Screenshot-2022-09-10-003945_jpg.rf.8f1b3a5a379eeb464f15dd5af127ca93.jpg,v4,2,0,30,0
img_005572.jpg,ROBOFLOW_Screenshot-2022-09-10-004008_jpg.rf.876aab8217b1402ccfc845e5d75984d8.jpg,v4,0,0,20,35
img_005573.jpg,ROBOFLOW_Screenshot-2022-09-10-004008_jpg.rf.876aab8217b1402ccfc845e5d75984d8.jpg,v4,1,0,30,35
img_005574.jpg,ROBOFLOW_Screenshot-2022-09-10-004008_jpg.rf.876aab8217b1402ccfc845e5d75984d8.jpg,v4,2,0,30,35
img_005575.jpg,ROBOFLOW_Screenshot-2022-09-10-095517_jpg.rf.2b67850878af32cfe43e721e6913a57a.jpg,v4,0,0,30,0
img_005576.jpg,ROBOFLOW_Screenshot-2022-09-10-095517_jpg.rf.2b67850878af32cfe43e721e6913a57a.jpg,v4,1,0,30,0
img_005577.jpg,ROBOFLOW_Screenshot-2022-09-10-095517_jpg.rf.2b67850878af32cfe43e721e6913a57a.jpg,v4,2,0,30,0
img_005578.jpg,ROBOFLOW_Screenshot-2022-09-10-095612_jpg.rf.a2ef87be98090cd942ff9811761368ee.jpg,v4,0,0,30,0
img_005579.jpg,ROBOFLOW_Screenshot-2022-09-10-095612_jpg.rf.a2ef87be98090cd942ff9811761368ee.jpg,v4,1,0,30,0
img_005580.jpg,ROBOFLOW_Screenshot-2022-09-10-095612_jpg.rf.a2ef87be98090cd942ff9811761368ee.jpg,v4,2,0,19,0
img_005581.jpg,ROBOFLOW_Screenshot-2022-09-10-095729_jpg.rf.369a865cc300712381f46d7625fd02ae.jpg,v4,0,0,30,188
img_005582.jpg,ROBOFLOW_Screenshot-2022-09-10-095729_jpg.rf.369a865cc300712381f46d7625fd02ae.jpg,v4,1,0,30,188
img_005583.jpg,ROBOFLOW_Screenshot-2022-09-10-095729_jpg.rf.369a865cc300712381f46d7625fd02ae.jpg,v4,2,0,30,188
img_005584.jpg,ROBOFLOW_Screenshot-2022-09-10-095832_jpg.rf.3bed7a3990aa3548aa67b22d06e27bea.jpg,v4,0,0,30,0
img_005585.jpg,ROBOFLOW_Screenshot-2022-09-10-095832_jpg.rf.3bed7a3990aa3548aa67b22d06e27bea.jpg,v4,1,0,30,0
img_005586.jpg,ROBOFLOW_Screenshot-2022-09-10-095832_jpg.rf.3bed7a3990aa3548aa67b22d06e27bea.jpg,v4,2,0,30,0
img_005587.jpg,ROBOFLOW_Screenshot-2022-09-10-095911_jpg.rf.96e5580db30f2864c3e430e020f83eae.jpg,v4,0,0,30,0
img_005588.jpg,ROBOFLOW_Screenshot-2022-09-10-095911_jpg.rf.96e5580db30f2864c3e430e020f83eae.jpg,v4,1,0,30,0
img_005589.jpg,ROBOFLOW_Screenshot-2022-09-10-095911_jpg.rf.96e5580db30f2864c3e430e020f83eae.jpg,v4,2,0,30,0
img_005590.jpg,ROBOFLOW_Screenshot-2022-09-10-095944_jpg.rf.585b9bb2b3b4ddcab76ea0695d01fbf1.jpg,v4,0,0,30,0
img_005591.jpg,ROBOFLOW_Screenshot-2022-09-10-095944_jpg.rf.585b9bb2b3b4ddcab76ea0695d01fbf1.jpg,v4,1,0,30,0
img_005592.jpg,ROBOFLOW_Screenshot-2022-09-10-095944_jpg.rf.585b9bb2b3b4ddcab76ea0695d01fbf1.jpg,v4,2,0,30,0
img_005593.jpg,ROBOFLOW_Screenshot-2022-09-10-100110_jpg.rf.2ed4c2953f6c54f848cdfeb50e677519.jpg,v4,0,0,30,0
img_005594.jpg,ROBOFLOW_Screenshot-2022-09-10-100110_jpg.rf.2ed4c2953f6c54f848cdfeb50e677519.jpg,v4,1,0,30,0
img_005595.jpg,ROBOFLOW_Screenshot-2022-09-10-100110_jpg.rf.2ed4c2953f6c54f848cdfeb50e677519.jpg,v4,2,0,30,0
img_005596.jpg,ROBOFLOW_Screenshot-2022-09-10-100235_jpg.rf.096a4c7720d6aaed39af4dc87e999dbb.jpg,v4,0,0,30,0
img_005597.jpg,ROBOFLOW_Screenshot-2022-09-10-100235_jpg.rf.096a4c7720d6aaed39af4dc87e999dbb.jpg,v4,1,0,30,0
img_005598.jpg,ROBOFLOW_Screenshot-2022-09-10-100235_jpg.rf.096a4c7720d6aaed39af4dc87e999dbb.jpg,v4,2,0,30,0
img_005599.jpg,ROBOFLOW_Screenshot-2022-09-10-104800_jpg.rf.ba4a242ec809e8db0dd09ad63dba7887.jpg,v4,0,0,30,79
img_005600.jpg,ROBOFLOW_Screenshot-2022-09-10-104800_jpg.rf.ba4a242ec809e8db0dd09ad63dba7887.jpg,v4,1,0,21,79
img_005601.jpg,ROBOFLOW_Screenshot-2022-09-10-104800_jpg.rf.ba4a242ec809e8db0dd09ad63dba7887.jpg,v4,2,0,30,79
img_005602.jpg,ROBOFLOW_Screenshot-2022-09-10-105559_jpg.rf.cf1da72d69b6d6b01fc758913eebd2ee.jpg,v4,0,0,30,0
img_005603.jpg,ROBOFLOW_Screenshot-2022-09-10-105559_jpg.rf.cf1da72d69b6d6b01fc758913eebd2ee.jpg,v4,1,0,23,0
img_005604.jpg,ROBOFLOW_Screenshot-2022-09-10-105559_jpg.rf.cf1da72d69b6d6b01fc758913eebd2ee.jpg,v4,2,0,30,0
img_005605.jpg,ROBOFLOW_Screenshot-2022-09-10-110037_jpg.rf.0ead5dcfd5d2274e4a20c55761abcb85.jpg,v4,0,1,30,30
img_005606.jpg,ROBOFLOW_Screenshot-2022-09-10-110037_jpg.rf.0ead5dcfd5d2274e4a20c55761abcb85.jpg,v4,1,1,30,30
img_005607.jpg,ROBOFLOW_Screenshot-2022-09-10-110037_jpg.rf.0ead5dcfd5d2274e4a20c55761abcb85.jpg,v4,2,1,30,30
img_005608.jpg,ROBOFLOW_Screenshot-2022-09-10-110415_jpg.rf.ffe8c5e11545f011370b66622f1251cf.jpg,v4,0,0,18,0
img_005609.jpg,ROBOFLOW_Screenshot-2022-09-10-110415_jpg.rf.ffe8c5e11545f011370b66622f1251cf.jpg,v4,1,0,30,0
img_005610.jpg,ROBOFLOW_Screenshot-2022-09-10-110415_jpg.rf.ffe8c5e11545f011370b66622f1251cf.jpg,v4,2,0,30,0
img_005611.jpg,ROBOFLOW_Screenshot-2022-09-10-112112_jpg.rf.d72461cecec7c9e521bf3888757767f5.jpg,v4,0,0,22,375
img_005612.jpg,ROBOFLOW_Screenshot-2022-09-10-112112_jpg.rf.d72461cecec7c9e521bf3888757767f5.jpg,v4,1,0,30,375
img_005613.jpg,ROBOFLOW_Screenshot-2022-09-10-112112_jpg.rf.d72461cecec7c9e521bf3888757767f5.jpg,v4,2,0,30,375
img_005614.jpg,ROBOFLOW_Screenshot-2022-09-10-112156_jpg.rf.299465aab228a3dd5cf835dc558fcf70.jpg,v4,0,0,30,0
img_005615.jpg,ROBOFLOW_Screenshot-2022-09-10-112156_jpg.rf.299465aab228a3dd5cf835dc558fcf70.jpg,v4,1,0,30,0
img_005616.jpg,ROBOFLOW_Screenshot-2022-09-10-112156_jpg.rf.299465aab228a3dd5cf835dc558fcf70.jpg,v4,2,0,30,0
img_005617.jpg,ROBOFLOW_Screenshot-2022-09-10-112423_jpg.rf.84850292d2ca6356c95b055eae6d77d0.jpg,v4,0,0,30,43
img_005618.jpg,ROBOFLOW_Screenshot-2022-09-10-112423_jpg.rf.84850292d2ca6356c95b055eae6d77d0.jpg,v4,1,0,30,43
img_005619.jpg,ROBOFLOW_Screenshot-2022-09-10-112423_jpg.rf.84850292d2ca6356c95b055eae6d77d0.jpg,v4,2,0,30,43
img_005620.jpg,ROBOFLOW_Screenshot-2022-09-10-112453_jpg.rf.66e0d54d67260a16437b5f6527c9c759.jpg,v4,0,0,30,130
img_005621.jpg,ROBOFLOW_Screenshot-2022-09-10-112453_jpg.rf.66e0d54d67260a16437b5f6527c9c759.jpg,v4,1,0,30,130
img_005622.jpg,ROBOFLOW_Screenshot-2022-09-10-112453_jpg.rf.66e0d54d67260a16437b5f6527c9c759.jpg,v4,2,0,30,130
img_005623.jpg,ROBOFLOW_Screenshot-2022-09-10-113047_jpg.rf.3b6892fd6b33b0df634c482f775af53e.jpg,v4,0,0,23,0
img_005624.jpg,ROBOFLOW_Screenshot-2022-09-10-113047_jpg.rf.3b6892fd6b33b0df634c482f775af53e.jpg,v4,1,0,22,0
img_005625.jpg,ROBOFLOW_Screenshot-2022-09-10-113047_jpg.rf.3b6892fd6b33b0df634c482f775af53e.jpg,v4,2,0,30,0
img_005626.jpg,ROBOFLOW_Screenshot-2022-09-10-113131_jpg.rf.b6f7813e863a989c47c8ec005149b5f6.jpg,v4,0,0,30,0
img_005627.jpg,ROBOFLOW_Screenshot-2022-09-10-113131_jpg.rf.b6f7813e863a989c47c8ec005149b5f6.jpg,v4,1,0,30,0
img_005628.jpg,ROBOFLOW_Screenshot-2022-09-10-113131_jpg.rf.b6f7813e863a989c47c8ec005149b5f6.jpg,v4,2,0,30,0
img_005629.jpg,ROBOFLOW_Screenshot-2022-09-10-113204_jpg.rf.7fb5fa17eedfd0a0dfba563305771b3b.jpg,v4,0,0,21,0
img_005630.jpg,ROBOFLOW_Screenshot-2022-09-10-113204_jpg.rf.7fb5fa17eedfd0a0dfba563305771b3b.jpg,v4,1,0,22,0
img_005631.jpg,ROBOFLOW_Screenshot-2022-09-10-113204_jpg.rf.7fb5fa17eedfd0a0dfba563305771b3b.jpg,v4,2,0,30,0
img_005632.jpg,ROBOFLOW_Screenshot-2022-09-10-113219_jpg.rf.14ccb533bc6040589cf3980e86deac08.jpg,v4,0,0,30,0
img_005633.jpg,ROBOFLOW_Screenshot-2022-09-10-113219_jpg.rf.14ccb533bc6040589cf3980e86deac08.jpg,v4,1,0,23,0
img_005634.jpg,ROBOFLOW_Screenshot-2022-09-10-113219_jpg.rf.14ccb533bc6040589cf3980e86deac08.jpg,v4,2,0,30,0
img_005635.jpg,ROBOFLOW_Screenshot-2022-09-10-113513_jpg.rf.23c7de9aae20c5988bcccfd5ee65a010.jpg,v4,0,0,30,0
img_005636.jpg,ROBOFLOW_Screenshot-2022-09-10-113513_jpg.rf.23c7de9aae20c5988bcccfd5ee65a010.jpg,v4,1,0,30,0
img_005637.jpg,ROBOFLOW_Screenshot-2022-09-10-113513_jpg.rf.23c7de9aae20c5988bcccfd5ee65a010.jpg,v4,2,0,30,0
img_005638.jpg,ROBOFLOW_Screenshot-2022-09-10-113535_jpg.rf.14e4d59ea30c761b529692977d28f20f.jpg,v4,0,0,30,0
img_005639.jpg,ROBOFLOW_Screenshot-2022-09-10-113535_jpg.rf.14e4d59ea30c761b529692977d28f20f.jpg,v4,1,0,30,0
img_005640.jpg,ROBOFLOW_Screenshot-2022-09-10-113535_jpg.rf.14e4d59ea30c761b529692977d28f20f.jpg,v4,2,0,30,0
img_005641.jpg,ROBOFLOW_Screenshot-2022-09-10-113551_jpg.rf.2389b7188cc7a613355146915c353329.jpg,v4,0,0,30,0
img_005642.jpg,ROBOFLOW_Screenshot-2022-09-10-113551_jpg.rf.2389b7188cc7a613355146915c353329.jpg,v4,1,0,30,0
img_005643.jpg,ROBOFLOW_Screenshot-2022-09-10-113551_jpg.rf.2389b7188cc7a613355146915c353329.jpg,v4,2,0,30,0
img_005644.jpg,ROBOFLOW_Screenshot-2022-09-10-164904_jpg.rf.655977d00c4e6d6258311bea2a11335a.jpg,v4,0,0,30,0
img_005645.jpg,ROBOFLOW_Screenshot-2022-09-10-164904_jpg.rf.655977d00c4e6d6258311bea2a11335a.jpg,v4,1,0,30,0
img_005646.jpg,ROBOFLOW_Screenshot-2022-09-10-164904_jpg.rf.655977d00c4e6d6258311bea2a11335a.jpg,v4,2,0,30,0
img_005647.jpg,ROBOFLOW_Screenshot-2022-09-10-164941_jpg.rf.d72fec12417b70c36ef1ade8fa37ebda.jpg,v4,0,0,30,0
img_005648.jpg,ROBOFLOW_Screenshot-2022-09-10-164941_jpg.rf.d72fec12417b70c36ef1ade8fa37ebda.jpg,v4,1,0,30,0
img_005649.jpg,ROBOFLOW_Screenshot-2022-09-10-164941_jpg.rf.d72fec12417b70c36ef1ade8fa37ebda.jpg,v4,2,0,26,0
img_005650.jpg,ROBOFLOW_Screenshot-2022-09-10-165000_jpg.rf.c7fded66cd3a7549cb61bdbd1609ff72.jpg,v4,0,0,30,0
img_005651.jpg,ROBOFLOW_Screenshot-2022-09-10-165000_jpg.rf.c7fded66cd3a7549cb61bdbd1609ff72.jpg,v4,1,0,18,0
img_005652.jpg,ROBOFLOW_Screenshot-2022-09-10-165000_jpg.rf.c7fded66cd3a7549cb61bdbd1609ff72.jpg,v4,2,0,30,0
img_005653.jpg,ROBOFLOW_Screenshot-2022-09-10-165205_jpg.rf.ee7360833eb17f295b2b6c37a29a7dc8.jpg,v4,0,0,30,0
img_005654.jpg,ROBOFLOW_Screenshot-2022-09-10-165205_jpg.rf.ee7360833eb17f295b2b6c37a29a7dc8.jpg,v4,1,0,30,0
img_005655.jpg,ROBOFLOW_Screenshot-2022-09-10-165205_jpg.rf.ee7360833eb17f295b2b6c37a29a7dc8.jpg,v4,2,0,16,0
img_005656.jpg,ROBOFLOW_Screenshot-2022-09-10-165440_jpg.rf.712c6351c7e7f07e8cbac0723a99f1ff.jpg,v4,0,0,30,0
img_005657.jpg,ROBOFLOW_Screenshot-2022-09-10-165440_jpg.rf.712c6351c7e7f07e8cbac0723a99f1ff.jpg,v4,1,0,30,0
img_005658.jpg,ROBOFLOW_Screenshot-2022-09-10-165440_jpg.rf.712c6351c7e7f07e8cbac0723a99f1ff.jpg,v4,2,0,30,0
img_005659.jpg,ROBOFLOW_Screenshot-2022-09-10-165502_jpg.rf.fa4eae0540b76fe3354d1e0390528484.jpg,v4,0,1,30,0
img_005660.jpg,ROBOFLOW_Screenshot-2022-09-10-165502_jpg.rf.fa4eae0540b76fe3354d1e0390528484.jpg,v4,1,1,30,0
img_005661.jpg,ROBOFLOW_Screenshot-2022-09-10-165502_jpg.rf.fa4eae0540b76fe3354d1e0390528484.jpg,v4,2,1,30,0
img_005662.jpg,ROBOFLOW_Screenshot-2022-09-10-165612_jpg.rf.073a16e588759b49fd97dc46093a6b6f.jpg,v4,0,0,30,0
img_005663.jpg,ROBOFLOW_Screenshot-2022-09-10-165612_jpg.rf.073a16e588759b49fd97dc46093a6b6f.jpg,v4,1,0,21,0
img_005664.jpg,ROBOFLOW_Screenshot-2022-09-10-165612_jpg.rf.073a16e588759b49fd97dc46093a6b6f.jpg,v4,2,0,30,0
img_005665.jpg,ROBOFLOW_Screenshot-2022-09-10-165625_jpg.rf.8f956378a06e5e497f06f4b49506cf9f.jpg,v4,0,0,30,0
img_005666.jpg,ROBOFLOW_Screenshot-2022-09-10-165625_jpg.rf.8f956378a06e5e497f06f4b49506cf9f.jpg,v4,1,0,30,0
img_005667.jpg,ROBOFLOW_Screenshot-2022-09-10-165625_jpg.rf.8f956378a06e5e497f06f4b49506cf9f.jpg,v4,2,0,30,0
img_005668.jpg,ROBOFLOW_Screenshot-2022-09-10-165752_jpg.rf.9e922761d448f306296879cc81a6d501.jpg,v4,0,0,30,0
img_005669.jpg,ROBOFLOW_Screenshot-2022-09-10-165752_jpg.rf.9e922761d448f306296879cc81a6d501.jpg,v4,1,0,30,0
img_005670.jpg,ROBOFLOW_Screenshot-2022-09-10-165752_jpg.rf.9e922761d448f306296879cc81a6d501.jpg,v4,2,0,30,0
img_005671.jpg,ROBOFLOW_Screenshot-2022-09-10-165843_jpg.rf.a89b7e1079b093d8da7d147eaf35cf7c.jpg,v4,0,0,30,0
img_005672.jpg,ROBOFLOW_Screenshot-2022-09-10-165843_jpg.rf.a89b7e1079b093d8da7d147eaf35cf7c.jpg,v4,1,0,30,0
img_005673.jpg,ROBOFLOW_Screenshot-2022-09-10-165843_jpg.rf.a89b7e1079b093d8da7d147eaf35cf7c.jpg,v4,2,0,30,0
img_005674.jpg,ROBOFLOW_Screenshot-2022-09-10-165901_jpg.rf.1a11b64ee0979c8a119c664fde9364a4.jpg,v4,0,0,30,0
img_005675.jpg,ROBOFLOW_Screenshot-2022-09-10-165901_jpg.rf.1a11b64ee0979c8a119c664fde9364a4.jpg,v4,1,0,30,0
img_005676.jpg,ROBOFLOW_Screenshot-2022-09-10-165901_jpg.rf.1a11b64ee0979c8a119c664fde9364a4.jpg,v4,2,0,30,0
img_005677.jpg,ROBOFLOW_Screenshot-2022-09-10-165927_jpg.rf.49468c21b81885b2ef03a538a682472f.jpg,v4,0,0,30,0
img_005678.jpg,ROBOFLOW_Screenshot-2022-09-10-165927_jpg.rf.49468c21b81885b2ef03a538a682472f.jpg,v4,1,0,30,0
img_005679.jpg,ROBOFLOW_Screenshot-2022-09-10-165927_jpg.rf.49468c21b81885b2ef03a538a682472f.jpg,v4,2,0,30,0
img_005680.jpg,ROBOFLOW_Screenshot-2022-09-10-165949_jpg.rf.a6089070398abf6673233a7676aab8f0.jpg,v4,0,0,24,0
img_005681.jpg,ROBOFLOW_Screenshot-2022-09-10-165949_jpg.rf.a6089070398abf6673233a7676aab8f0.jpg,v4,1,0,30,0
img_005682.jpg,ROBOFLOW_Screenshot-2022-09-10-165949_jpg.rf.a6089070398abf6673233a7676aab8f0.jpg,v4,2,0,30,0
img_005683.jpg,ROBOFLOW_Screenshot-2022-09-10-170006_jpg.rf.09cdcdd2af2a1191098bcfd5f27d8fd2.jpg,v4,0,0,30,0
img_005684.jpg,ROBOFLOW_Screenshot-2022-09-10-170006_jpg.rf.09cdcdd2af2a1191098bcfd5f27d8fd2.jpg,v4,1,0,30,0
img_005685.jpg,ROBOFLOW_Screenshot-2022-09-10-170006_jpg.rf.09cdcdd2af2a1191098bcfd5f27d8fd2.jpg,v4,2,0,30,0
img_005686.jpg,ROBOFLOW_Screenshot-2022-09-10-170058_jpg.rf.200ec0a47e7144cabd3c966c2b61fcc8.jpg,v4,0,1,30,51
img_005687.jpg,ROBOFLOW_Screenshot-2022-09-10-170058_jpg.rf.200ec0a47e7144cabd3c966c2b61fcc8.jpg,v4,1,1,30,51
img_005688.jpg,ROBOFLOW_Screenshot-2022-09-10-170058_jpg.rf.200ec0a47e7144cabd3c966c2b61fcc8.jpg,v4,2,1,30,51
img_005689.jpg,ROBOFLOW_Screenshot-2022-09-10-170127_jpg.rf.cedf74571ad248d3fd8bf00b0f689ef2.jpg,v4,0,0,30,0
img_005690.jpg,ROBOFLOW_Screenshot-2022-09-10-170127_jpg.rf.cedf74571ad248d3fd8bf00b0f689ef2.jpg,v4,1,0,30,0
img_005691.jpg,ROBOFLOW_Screenshot-2022-09-10-170127_jpg.rf.cedf74571ad248d3fd8bf00b0f689ef2.jpg,v4,2,0,30,0
img_005692.jpg,ROBOFLOW_Screenshot-2022-09-10-170145_jpg.rf.a4054a6e7a24cf7a8b50b7e716938341.jpg,v4,0,0,30,0
img_005693.jpg,ROBOFLOW_Screenshot-2022-09-10-170145_jpg.rf.a4054a6e7a24cf7a8b50b7e716938341.jpg,v4,1,0,30,0
img_005694.jpg,ROBOFLOW_Screenshot-2022-09-10-170145_jpg.rf.a4054a6e7a24cf7a8b50b7e716938341.jpg,v4,2,0,30,0
img_005695.jpg,ROBOFLOW_Screenshot-2022-09-10-170219_jpg.rf.5749268c9401e6cb212f85b6446f4a9b.jpg,v4,0,0,30,0
img_005696.jpg,ROBOFLOW_Screenshot-2022-09-10-170219_jpg.rf.5749268c9401e6cb212f85b6446f4a9b.jpg,v4,1,0,30,0
img_005697.jpg,ROBOFLOW_Screenshot-2022-09-10-170219_jpg.rf.5749268c9401e6cb212f85b6446f4a9b.jpg,v4,2,0,30,0
img_005698.jpg,ROBOFLOW_Screenshot-2022-09-10-170236_jpg.rf.c8aad8bea947e297180bb405ad7b2f0b.jpg,v4,0,0,30,0
img_005699.jpg,ROBOFLOW_Screenshot-2022-09-10-170236_jpg.rf.c8aad8bea947e297180bb405ad7b2f0b.jpg,v4,1,0,30,0
img_005700.jpg,ROBOFLOW_Screenshot-2022-09-10-170236_jpg.rf.c8aad8bea947e297180bb405ad7b2f0b.jpg,v4,2,0,30,0
img_005701.jpg,ROBOFLOW_Screenshot-2022-09-10-170257_jpg.rf.d89e062fb7791be590703d28dca97ea7.jpg,v4,0,0,30,0
img_005702.jpg,ROBOFLOW_Screenshot-2022-09-10-170257_jpg.rf.d89e062fb7791be590703d28dca97ea7.jpg,v4,1,0,30,0
img_005703.jpg,ROBOFLOW_Screenshot-2022-09-10-170257_jpg.rf.d89e062fb7791be590703d28dca97ea7.jpg,v4,2,0,30,0
img_005704.jpg,ROBOFLOW_Screenshot-2022-09-10-170343_jpg.rf.1d591c1585a1467469bfc10b7e06f48e.jpg,v4,0,0,30,8
img_005705.jpg,ROBOFLOW_Screenshot-2022-09-10-170343_jpg.rf.1d591c1585a1467469bfc10b7e06f48e.jpg,v4,1,0,30,8
img_005706.jpg,ROBOFLOW_Screenshot-2022-09-10-170343_jpg.rf.1d591c1585a1467469bfc10b7e06f48e.jpg,v4,2,0,30,8
img_005707.jpg,ROBOFLOW_Screenshot-2022-09-10-170639_jpg.rf.6649b238788405995c29218309d10255.jpg,v4,0,0,22,139
img_005708.jpg,ROBOFLOW_Screenshot-2022-09-10-170639_jpg.rf.6649b238788405995c29218309d10255.jpg,v4,1,0,30,139
img_005709.jpg,ROBOFLOW_Screenshot-2022-09-10-170639_jpg.rf.6649b238788405995c29218309d10255.jpg,v4,2,0,30,139
img_005710.jpg,ROBOFLOW_Screenshot-2022-09-10-170726_jpg.rf.d2cd4219cf2ded586fb977112935031f.jpg,v4,0,0,30,25
img_005711.jpg,ROBOFLOW_Screenshot-2022-09-10-170726_jpg.rf.d2cd4219cf2ded586fb977112935031f.jpg,v4,1,0,21,25
img_005712.jpg,ROBOFLOW_Screenshot-2022-09-10-170726_jpg.rf.d2cd4219cf2ded586fb977112935031f.jpg,v4,2,0,30,25
img_005713.jpg,ROBOFLOW_Screenshot-2022-09-10-171020_jpg.rf.24807f319f4110d319a6bb85555f33b5.jpg,v4,0,0,30,39
img_005714.jpg,ROBOFLOW_Screenshot-2022-09-10-171020_jpg.rf.24807f319f4110d319a6bb85555f33b5.jpg,v4,1,0,30,39
img_005715.jpg,ROBOFLOW_Screenshot-2022-09-10-171020_jpg.rf.24807f319f4110d319a6bb85555f33b5.jpg,v4,2,0,30,39
img_005716.jpg,ROBOFLOW_Screenshot-2022-09-10-171037_jpg.rf.d169ff20b4f7ad31b60d7022f4b6e994.jpg,v4,0,0,22,0
img_005717.jpg,ROBOFLOW_Screenshot-2022-09-10-171037_jpg.rf.d169ff20b4f7ad31b60d7022f4b6e994.jpg,v4,1,0,30,0
img_005718.jpg,ROBOFLOW_Screenshot-2022-09-10-171037_jpg.rf.d169ff20b4f7ad31b60d7022f4b6e994.jpg,v4,2,0,30,0
img_005719.jpg,ROBOFLOW_Screenshot-2022-09-10-171231_jpg.rf.50c5741dcb2930b5eb72f5867989565f.jpg,v4,0,0,30,6
img_005720.jpg,ROBOFLOW_Screenshot-2022-09-10-171231_jpg.rf.50c5741dcb2930b5eb72f5867989565f.jpg,v4,1,0,25,6
img_005721.jpg,ROBOFLOW_Screenshot-2022-09-10-171231_jpg.rf.50c5741dcb2930b5eb72f5867989565f.jpg,v4,2,0,22,6
img_005722.jpg,ROBOFLOW_Screenshot-2022-09-10-171315_jpg.rf.d35bfb26a6dc5a0014fc457a614b5020.jpg,v4,0,0,24,0
img_005723.jpg,ROBOFLOW_Screenshot-2022-09-10-171315_jpg.rf.d35bfb26a6dc5a0014fc457a614b5020.jpg,v4,1,0,30,0
img_005724.jpg,ROBOFLOW_Screenshot-2022-09-10-171315_jpg.rf.d35bfb26a6dc5a0014fc457a614b5020.jpg,v4,2,0,15,0
img_005725.jpg,ROBOFLOW_Screenshot-2022-09-10-171554_jpg.rf.8e102fd81ed17587d3fce7a15ce36898.jpg,v4,0,0,30,15
img_005726.jpg,ROBOFLOW_Screenshot-2022-09-10-171554_jpg.rf.8e102fd81ed17587d3fce7a15ce36898.jpg,v4,1,0,30,15
img_005727.jpg,ROBOFLOW_Screenshot-2022-09-10-171554_jpg.rf.8e102fd81ed17587d3fce7a15ce36898.jpg,v4,2,0,30,15
img_005728.jpg,ROBOFLOW_Screenshot-2022-09-10-171609_jpg.rf.b4151c69a8957adace6df03af320c3a2.jpg,v4,0,0,30,183
img_005729.jpg,ROBOFLOW_Screenshot-2022-09-10-171609_jpg.rf.b4151c69a8957adace6df03af320c3a2.jpg,v4,1,0,30,183
img_005730.jpg,ROBOFLOW_Screenshot-2022-09-10-171609_jpg.rf.b4151c69a8957adace6df03af320c3a2.jpg,v4,2,0,30,183
img_005731.jpg,ROBOFLOW_Screenshot-2022-09-10-172514_jpg.rf.acebe0c856913df9fe2bd44635ec5a00.jpg,v4,0,0,30,0
img_005732.jpg,ROBOFLOW_Screenshot-2022-09-10-172514_jpg.rf.acebe0c856913df9fe2bd44635ec5a00.jpg,v4,1,0,30,0
img_005733.jpg,ROBOFLOW_Screenshot-2022-09-10-172514_jpg.rf.acebe0c856913df9fe2bd44635ec5a00.jpg,v4,2,0,30,0
img_005734.jpg,ROBOFLOW_Screenshot-2022-09-10-172602_jpg.rf.03ec1e4513c23222abbd238608681b9a.jpg,v4,0,0,30,0
img_005735.jpg,ROBOFLOW_Screenshot-2022-09-10-172602_jpg.rf.03ec1e4513c23222abbd238608681b9a.jpg,v4,1,0,30,0
img_005736.jpg,ROBOFLOW_Screenshot-2022-09-10-172602_jpg.rf.03ec1e4513c23222abbd238608681b9a.jpg,v4,2,0,27,0
img_005737.jpg,ROBOFLOW_Screenshot-2022-09-10-191236_jpg.rf.5218e2c5651d3809d6b4d40e118a1a7f.jpg,v4,0,0,30,0
img_005738.jpg,ROBOFLOW_Screenshot-2022-09-10-191236_jpg.rf.5218e2c5651d3809d6b4d40e118a1a7f.jpg,v4,1,0,30,0
img_005739.jpg,ROBOFLOW_Screenshot-2022-09-10-191236_jpg.rf.5218e2c5651d3809d6b4d40e118a1a7f.jpg,v4,2,0,30,0
img_005740.jpg,ROBOFLOW_Screenshot-2022-09-10-191301_jpg.rf.070bfdd9967e128c438397fbeaad0e21.jpg,v4,0,0,24,0
img_005741.jpg,ROBOFLOW_Screenshot-2022-09-10-191301_jpg.rf.070bfdd9967e128c438397fbeaad0e21.jpg,v4,1,0,30,0
img_005742.jpg,ROBOFLOW_Screenshot-2022-09-10-191301_jpg.rf.070bfdd9967e128c438397fbeaad0e21.jpg,v4,2,0,30,0
img_005743.jpg,ROBOFLOW_Screenshot-2022-09-10-191321_jpg.rf.9155be1c5edd961330fb604f9c35efb8.jpg,v4,0,0,22,18
img_005744.jpg,ROBOFLOW_Screenshot-2022-09-10-191321_jpg.rf.9155be1c5edd961330fb604f9c35efb8.jpg,v4,1,0,30,18
img_005745.jpg,ROBOFLOW_Screenshot-2022-09-10-191321_jpg.rf.9155be1c5edd961330fb604f9c35efb8.jpg,v4,2,0,30,18
img_005746.jpg,ROBOFLOW_Screenshot-2022-09-10-191350_jpg.rf.7adc73a18e41de78f8044d95f96c609b.jpg,v4,0,0,30,0
img_005747.jpg,ROBOFLOW_Screenshot-2022-09-10-191350_jpg.rf.7adc73a18e41de78f8044d95f96c609b.jpg,v4,1,0,30,0
img_005748.jpg,ROBOFLOW_Screenshot-2022-09-10-191350_jpg.rf.7adc73a18e41de78f8044d95f96c609b.jpg,v4,2,0,30,0
img_005749.jpg,ROBOFLOW_Screenshot-2022-09-10-191436_jpg.rf.6e3a946cc675e9d33bb21dcf471d725b.jpg,v4,0,0,30,0
img_005750.jpg,ROBOFLOW_Screenshot-2022-09-10-191436_jpg.rf.6e3a946cc675e9d33bb21dcf471d725b.jpg,v4,1,0,30,0
img_005751.jpg,ROBOFLOW_Screenshot-2022-09-10-191436_jpg.rf.6e3a946cc675e9d33bb21dcf471d725b.jpg,v4,2,0,30,0
img_005752.jpg,ROBOFLOW_Screenshot-2022-09-10-191527_jpg.rf.c8f0ace6362934bfb986005bed303f42.jpg,v4,0,0,30,0
img_005753.jpg,ROBOFLOW_Screenshot-2022-09-10-191527_jpg.rf.c8f0ace6362934bfb986005bed303f42.jpg,v4,1,0,30,0
img_005754.jpg,ROBOFLOW_Screenshot-2022-09-10-191527_jpg.rf.c8f0ace6362934bfb986005bed303f42.jpg,v4,2,0,30,0
img_005755.jpg,ROBOFLOW_Screenshot-2022-09-10-191744_jpg.rf.001f5b8f99f727a6a05a9b5b189b153b.jpg,v4,0,0,30,33
img_005756.jpg,ROBOFLOW_Screenshot-2022-09-10-191744_jpg.rf.001f5b8f99f727a6a05a9b5b189b153b.jpg,v4,1,0,30,33
img_005757.jpg,ROBOFLOW_Screenshot-2022-09-10-191744_jpg.rf.001f5b8f99f727a6a05a9b5b189b153b.jpg,v4,2,0,30,33
img_005758.jpg,ROBOFLOW_Screenshot-2022-09-10-191806_jpg.rf.277e201375dcaff75d17fa8c38316f6f.jpg,v4,0,0,30,0
img_005759.jpg,ROBOFLOW_Screenshot-2022-09-10-191806_jpg.rf.277e201375dcaff75d17fa8c38316f6f.jpg,v4,1,0,30,0
img_005760.jpg,ROBOFLOW_Screenshot-2022-09-10-191806_jpg.rf.277e201375dcaff75d17fa8c38316f6f.jpg,v4,2,0,26,0
img_005761.jpg,ROBOFLOW_Screenshot-2022-09-10-192131_jpg.rf.53bcab839b2240e85e8f0b6e97843854.jpg,v4,0,0,30,0
img_005762.jpg,ROBOFLOW_Screenshot-2022-09-10-192131_jpg.rf.53bcab839b2240e85e8f0b6e97843854.jpg,v4,1,0,30,0
img_005763.jpg,ROBOFLOW_Screenshot-2022-09-10-192131_jpg.rf.53bcab839b2240e85e8f0b6e97843854.jpg,v4,2,0,30,0
img_005764.jpg,ROBOFLOW_Screenshot-2022-09-10-192231_jpg.rf.217444ad8fab8abcf956566eafc0407a.jpg,v4,0,0,30,44
img_005765.jpg,ROBOFLOW_Screenshot-2022-09-10-192231_jpg.rf.217444ad8fab8abcf956566eafc0407a.jpg,v4,1,0,30,44
img_005766.jpg,ROBOFLOW_Screenshot-2022-09-10-192231_jpg.rf.217444ad8fab8abcf956566eafc0407a.jpg,v4,2,0,24,44
img_005767.jpg,ROBOFLOW_Screenshot-2022-09-10-192351_jpg.rf.15284e34c905db3c50ceb99e43dd0d57.jpg,v4,0,0,30,6
img_005768.jpg,ROBOFLOW_Screenshot-2022-09-10-192351_jpg.rf.15284e34c905db3c50ceb99e43dd0d57.jpg,v4,1,0,21,6
img_005769.jpg,ROBOFLOW_Screenshot-2022-09-10-192351_jpg.rf.15284e34c905db3c50ceb99e43dd0d57.jpg,v4,2,0,30,6
img_005770.jpg,ROBOFLOW_Screenshot-2022-09-10-192406_jpg.rf.bf0888d0a74c1980e6cf554bcdb4a464.jpg,v4,0,0,30,0
img_005771.jpg,ROBOFLOW_Screenshot-2022-09-10-192406_jpg.rf.bf0888d0a74c1980e6cf554bcdb4a464.jpg,v4,1,0,30,0
img_005772.jpg,ROBOFLOW_Screenshot-2022-09-10-192406_jpg.rf.bf0888d0a74c1980e6cf554bcdb4a464.jpg,v4,2,0,30,0
img_005773.jpg,ROBOFLOW_Screenshot-2022-09-10-192426_jpg.rf.81e64ecd4e3ef0a2ef68ba3f02414543.jpg,v4,0,1,21,0
img_005774.jpg,ROBOFLOW_Screenshot-2022-09-10-192426_jpg.rf.81e64ecd4e3ef0a2ef68ba3f02414543.jpg,v4,1,1,30,0
img_005775.jpg,ROBOFLOW_Screenshot-2022-09-10-192426_jpg.rf.81e64ecd4e3ef0a2ef68ba3f02414543.jpg,v4,2,1,30,0
img_005776.jpg,ROBOFLOW_Screenshot-2022-09-10-193227_jpg.rf.861caa45855150aaca86fd0e1ccdf8cd.jpg,v4,0,0,30,0
img_005777.jpg,ROBOFLOW_Screenshot-2022-09-10-193227_jpg.rf.861caa45855150aaca86fd0e1ccdf8cd.jpg,v4,1,0,30,0
img_005778.jpg,ROBOFLOW_Screenshot-2022-09-10-193227_jpg.rf.861caa45855150aaca86fd0e1ccdf8cd.jpg,v4,2,0,30,0
img_005779.jpg,ROBOFLOW_Screenshot-2022-09-10-193433_jpg.rf.802bced1d76467dbade76238866d5f82.jpg,v4,0,0,30,0
img_005780.jpg,ROBOFLOW_Screenshot-2022-09-10-193433_jpg.rf.802bced1d76467dbade76238866d5f82.jpg,v4,1,0,30,0
img_005781.jpg,ROBOFLOW_Screenshot-2022-09-10-193433_jpg.rf.802bced1d76467dbade76238866d5f82.jpg,v4,2,0,30,0
img_005782.jpg,ROBOFLOW_Screenshot-2022-09-10-193507_jpg.rf.985cb57e3bd445e68ce117e2a8c77ca0.jpg,v4,0,0,30,0
img_005783.jpg,ROBOFLOW_Screenshot-2022-09-10-193507_jpg.rf.985cb57e3bd445e68ce117e2a8c77ca0.jpg,v4,1,0,30,0
img_005784.jpg,ROBOFLOW_Screenshot-2022-09-10-193507_jpg.rf.985cb57e3bd445e68ce117e2a8c77ca0.jpg,v4,2,0,30,0
img_005785.jpg,ROBOFLOW_Screenshot-2022-09-10-193538_jpg.rf.a472df383e7b366e9c16d8e15a346d4d.jpg,v4,0,0,20,0
img_005786.jpg,ROBOFLOW_Screenshot-2022-09-10-193538_jpg.rf.a472df383e7b366e9c16d8e15a346d4d.jpg,v4,1,0,30,0
img_005787.jpg,ROBOFLOW_Screenshot-2022-09-10-193538_jpg.rf.a472df383e7b366e9c16d8e15a346d4d.jpg,v4,2,0,30,0
img_005788.jpg,ROBOFLOW_Screenshot-2022-09-10-193601_jpg.rf.508f2daee313848182108e7f75bb5a35.jpg,v4,0,0,30,0
img_005789.jpg,ROBOFLOW_Screenshot-2022-09-10-193601_jpg.rf.508f2daee313848182108e7f75bb5a35.jpg,v4,1,0,30,0
img_005790.jpg,ROBOFLOW_Screenshot-2022-09-10-193601_jpg.rf.508f2daee313848182108e7f75bb5a35.jpg,v4,2,0,30,0
img_005791.jpg,ROBOFLOW_Screenshot-2022-09-10-193958_jpg.rf.e37805b126953fc9cce1d6bc21ce1177.jpg,v4,0,0,30,0
img_005792.jpg,ROBOFLOW_Screenshot-2022-09-10-193958_jpg.rf.e37805b126953fc9cce1d6bc21ce1177.jpg,v4,1,0,23,0
img_005793.jpg,ROBOFLOW_Screenshot-2022-09-10-193958_jpg.rf.e37805b126953fc9cce1d6bc21ce1177.jpg,v4,2,0,30,0
img_005794.jpg,ROBOFLOW_Screenshot-2022-09-11-050526_jpg.rf.daef4eae1f3ed0af3f111d86a8a371c3.jpg,v4,0,0,30,0
img_005795.jpg,ROBOFLOW_Screenshot-2022-09-11-050526_jpg.rf.daef4eae1f3ed0af3f111d86a8a371c3.jpg,v4,1,0,24,0
img_005796.jpg,ROBOFLOW_Screenshot-2022-09-11-050526_jpg.rf.daef4eae1f3ed0af3f111d86a8a371c3.jpg,v4,2,0,30,0
img_005797.jpg,ROBOFLOW_Screenshot-2022-09-11-050643_jpg.rf.78034af7a54f30102600e3bf755a84c8.jpg,v4,0,0,30,0
img_005798.jpg,ROBOFLOW_Screenshot-2022-09-11-050643_jpg.rf.78034af7a54f30102600e3bf755a84c8.jpg,v4,1,0,30,0
img_005799.jpg,ROBOFLOW_Screenshot-2022-09-11-050643_jpg.rf.78034af7a54f30102600e3bf755a84c8.jpg,v4,2,0,30,0
img_005800.jpg,ROBOFLOW_Screenshot-2022-09-11-050715_jpg.rf.fe1a007e33c403dc6b14f5932636bbfe.jpg,v4,0,0,30,0
img_005801.jpg,ROBOFLOW_Screenshot-2022-09-11-050715_jpg.rf.fe1a007e33c403dc6b14f5932636bbfe.jpg,v4,1,0,21,0
img_005802.jpg,ROBOFLOW_Screenshot-2022-09-11-050715_jpg.rf.fe1a007e33c403dc6b14f5932636bbfe.jpg,v4,2,0,30,0
img_005803.jpg,ROBOFLOW_Screenshot-2022-09-11-050829_jpg.rf.6fef96a3c0feb5ac03115a33368dbf3a.jpg,v4,0,0,30,0
img_005804.jpg,ROBOFLOW_Screenshot-2022-09-11-050829_jpg.rf.6fef96a3c0feb5ac03115a33368dbf3a.jpg,v4,1,0,30,0
img_005805.jpg,ROBOFLOW_Screenshot-2022-09-11-050829_jpg.rf.6fef96a3c0feb5ac03115a33368dbf3a.jpg,v4,2,0,30,0
img_005806.jpg,ROBOFLOW_Screenshot-2022-09-11-050858_jpg.rf.12e34eeb7042f7ca32d535abf0f876d3.jpg,v4,0,0,24,11
img_005807.jpg,ROBOFLOW_Screenshot-2022-09-11-050858_jpg.rf.12e34eeb7042f7ca32d535abf0f876d3.jpg,v4,1,0,23,11
img_005808.jpg,ROBOFLOW_Screenshot-2022-09-11-050858_jpg.rf.12e34eeb7042f7ca32d535abf0f876d3.jpg,v4,2,0,30,11
img_005809.jpg,ROBOFLOW_Screenshot-2022-09-11-050912_jpg.rf.23dd2aaf30b7eb9e018afe43a7aa66df.jpg,v4,0,0,30,10
img_005810.jpg,ROBOFLOW_Screenshot-2022-09-11-050912_jpg.rf.23dd2aaf30b7eb9e018afe43a7aa66df.jpg,v4,1,0,23,10
img_005811.jpg,ROBOFLOW_Screenshot-2022-09-11-050912_jpg.rf.23dd2aaf30b7eb9e018afe43a7aa66df.jpg,v4,2,0,30,10
img_005812.jpg,ROBOFLOW_Screenshot-2022-09-11-050927_jpg.rf.52dea63499247142ce47b5e75dcb96b5.jpg,v4,0,0,27,0
img_005813.jpg,ROBOFLOW_Screenshot-2022-09-11-050927_jpg.rf.52dea63499247142ce47b5e75dcb96b5.jpg,v4,1,0,30,0
img_005814.jpg,ROBOFLOW_Screenshot-2022-09-11-050927_jpg.rf.52dea63499247142ce47b5e75dcb96b5.jpg,v4,2,0,30,0
img_005815.jpg,ROBOFLOW_Screenshot-2022-09-11-051036_jpg.rf.1a8304966b03d831c7d1e892dc482eb3.jpg,v4,0,0,16,0
img_005816.jpg,ROBOFLOW_Screenshot-2022-09-11-051036_jpg.rf.1a8304966b03d831c7d1e892dc482eb3.jpg,v4,1,0,22,0
img_005817.jpg,ROBOFLOW_Screenshot-2022-09-11-051036_jpg.rf.1a8304966b03d831c7d1e892dc482eb3.jpg,v4,2,0,27,0
img_005818.jpg,ROBOFLOW_Screenshot-2022-09-11-051053_jpg.rf.09f03bde88b5d5078229fdc2ea2683da.jpg,v4,0,0,30,0
img_005819.jpg,ROBOFLOW_Screenshot-2022-09-11-051053_jpg.rf.09f03bde88b5d5078229fdc2ea2683da.jpg,v4,1,0,30,0
img_005820.jpg,ROBOFLOW_Screenshot-2022-09-11-051053_jpg.rf.09f03bde88b5d5078229fdc2ea2683da.jpg,v4,2,0,30,0
img_005821.jpg,ROBOFLOW_Screenshot-2022-09-11-051126_jpg.rf.2cc210ab2af6cf3be17cd045752dc413.jpg,v4,0,0,30,0
img_005822.jpg,ROBOFLOW_Screenshot-2022-09-11-051126_jpg.rf.2cc210ab2af6cf3be17cd045752dc413.jpg,v4,1,0,25,0
img_005823.jpg,ROBOFLOW_Screenshot-2022-09-11-051126_jpg.rf.2cc210ab2af6cf3be17cd045752dc413.jpg,v4,2,0,21,0
img_005824.jpg,ROBOFLOW_Screenshot-2022-09-11-051337_jpg.rf.0962ab82280ee1faa08fe697ba966afa.jpg,v4,0,0,30,0
img_005825.jpg,ROBOFLOW_Screenshot-2022-09-11-051337_jpg.rf.0962ab82280ee1faa08fe697ba966afa.jpg,v4,1,0,30,0
img_005826.jpg,ROBOFLOW_Screenshot-2022-09-11-051337_jpg.rf.0962ab82280ee1faa08fe697ba966afa.jpg,v4,2,0,30,0
img_005827.jpg,ROBOFLOW_Screenshot-2022-09-11-051352_jpg.rf.b51b1aea829e0dca0274b04c4c9c44fb.jpg,v4,0,0,23,0
img_005828.jpg,ROBOFLOW_Screenshot-2022-09-11-051352_jpg.rf.b51b1aea829e0dca0274b04c4c9c44fb.jpg,v4,1,0,30,0
img_005829.jpg,ROBOFLOW_Screenshot-2022-09-11-051352_jpg.rf.b51b1aea829e0dca0274b04c4c9c44fb.jpg,v4,2,0,30,0
img_005830.jpg,ROBOFLOW_Screenshot-2022-09-11-051415_jpg.rf.fbbf98d0aea239667fb8b504a5c79ceb.jpg,v4,0,0,25,0
img_005831.jpg,ROBOFLOW_Screenshot-2022-09-11-051415_jpg.rf.fbbf98d0aea239667fb8b504a5c79ceb.jpg,v4,1,0,30,0
img_005832.jpg,ROBOFLOW_Screenshot-2022-09-11-051415_jpg.rf.fbbf98d0aea239667fb8b504a5c79ceb.jpg,v4,2,0,30,0
img_005833.jpg,ROBOFLOW_Screenshot-2022-09-11-051434_jpg.rf.c026422cea2769e326427649c1aa3bbe.jpg,v4,0,0,30,0
img_005834.jpg,ROBOFLOW_Screenshot-2022-09-11-051434_jpg.rf.c026422cea2769e326427649c1aa3bbe.jpg,v4,1,0,30,0
img_005835.jpg,ROBOFLOW_Screenshot-2022-09-11-051434_jpg.rf.c026422cea2769e326427649c1aa3bbe.jpg,v4,2,0,23,0
img_005836.jpg,ROBOFLOW_Screenshot-2022-09-11-051450_jpg.rf.17e86143e45f816e451dbb2ed4665a72.jpg,v4,0,4,30,68
img_005837.jpg,ROBOFLOW_Screenshot-2022-09-11-051450_jpg.rf.17e86143e45f816e451dbb2ed4665a72.jpg,v4,1,4,30,68
img_005838.jpg,ROBOFLOW_Screenshot-2022-09-11-051450_jpg.rf.17e86143e45f816e451dbb2ed4665a72.jpg,v4,2,4,24,68
img_005839.jpg,ROBOFLOW_Screenshot-2022-09-11-051536_jpg.rf.dccfd1d78d0dce13babd98567a8872d9.jpg,v4,0,0,30,0
img_005840.jpg,ROBOFLOW_Screenshot-2022-09-11-051536_jpg.rf.dccfd1d78d0dce13babd98567a8872d9.jpg,v4,1,0,30,0
img_005841.jpg,ROBOFLOW_Screenshot-2022-09-11-051536_jpg.rf.dccfd1d78d0dce13babd98567a8872d9.jpg,v4,2,0,17,0
img_005842.jpg,ROBOFLOW_Screenshot-2022-09-11-051556_jpg.rf.5e6291151ae241391e1ceb887f30e7dc.jpg,v4,0,0,30,0
img_005843.jpg,ROBOFLOW_Screenshot-2022-09-11-051556_jpg.rf.5e6291151ae241391e1ceb887f30e7dc.jpg,v4,1,0,30,0
img_005844.jpg,ROBOFLOW_Screenshot-2022-09-11-051556_jpg.rf.5e6291151ae241391e1ceb887f30e7dc.jpg,v4,2,0,30,0
img_005845.jpg,ROBOFLOW_Screenshot-2022-09-11-051727_jpg.rf.ff343aacda2dab123299bba28a4b4c76.jpg,v4,0,0,30,0
img_005846.jpg,ROBOFLOW_Screenshot-2022-09-11-051727_jpg.rf.ff343aacda2dab123299bba28a4b4c76.jpg,v4,1,0,25,0
img_005847.jpg,ROBOFLOW_Screenshot-2022-09-11-051727_jpg.rf.ff343aacda2dab123299bba28a4b4c76.jpg,v4,2,0,25,0
img_005848.jpg,ROBOFLOW_Screenshot-2022-09-11-051801_jpg.rf.cbabbf696e8d9ac9a958e72f1378717b.jpg,v4,0,0,30,0
img_005849.jpg,ROBOFLOW_Screenshot-2022-09-11-051801_jpg.rf.cbabbf696e8d9ac9a958e72f1378717b.jpg,v4,1,0,30,0
img_005850.jpg,ROBOFLOW_Screenshot-2022-09-11-051801_jpg.rf.cbabbf696e8d9ac9a958e72f1378717b.jpg,v4,2,0,30,0
img_005851.jpg,ROBOFLOW_Screenshot-2022-09-11-051827_jpg.rf.2d2a49621a3bcf7d9cf3928061808a4a.jpg,v4,0,0,30,0
img_005852.jpg,ROBOFLOW_Screenshot-2022-09-11-051827_jpg.rf.2d2a49621a3bcf7d9cf3928061808a4a.jpg,v4,1,0,17,0
img_005853.jpg,ROBOFLOW_Screenshot-2022-09-11-051827_jpg.rf.2d2a49621a3bcf7d9cf3928061808a4a.jpg,v4,2,0,30,0
img_005854.jpg,ROBOFLOW_Screenshot-2022-09-11-051849_jpg.rf.148d49791bba5ace0350cb70fc87ebf0.jpg,v4,0,0,21,0
img_005855.jpg,ROBOFLOW_Screenshot-2022-09-11-051849_jpg.rf.148d49791bba5ace0350cb70fc87ebf0.jpg,v4,1,0,30,0
img_005856.jpg,ROBOFLOW_Screenshot-2022-09-11-051849_jpg.rf.148d49791bba5ace0350cb70fc87ebf0.jpg,v4,2,0,24,0
img_005857.jpg,ROBOFLOW_Screenshot-2022-09-11-051957_jpg.rf.a94bc9faa1cbc3a0a70f64c063e09fd0.jpg,v4,0,0,21,116
img_005858.jpg,ROBOFLOW_Screenshot-2022-09-11-051957_jpg.rf.a94bc9faa1cbc3a0a70f64c063e09fd0.jpg,v4,1,0,30,116
img_005859.jpg,ROBOFLOW_Screenshot-2022-09-11-051957_jpg.rf.a94bc9faa1cbc3a0a70f64c063e09fd0.jpg,v4,2,0,30,116
img_005860.jpg,ROBOFLOW_Screenshot-2022-09-11-052049_jpg.rf.029a1b14642b8d2d36ae61d8d93f153d.jpg,v4,0,0,30,43
img_005861.jpg,ROBOFLOW_Screenshot-2022-09-11-052049_jpg.rf.029a1b14642b8d2d36ae61d8d93f153d.jpg,v4,1,0,30,43
img_005862.jpg,ROBOFLOW_Screenshot-2022-09-11-052049_jpg.rf.029a1b14642b8d2d36ae61d8d93f153d.jpg,v4,2,0,30,43
img_005863.jpg,ROBOFLOW_Screenshot-2022-09-11-052140_jpg.rf.b715d3aff9e24fd08ee87ff5bff9cd38.jpg,v4,0,0,30,0
img_005864.jpg,ROBOFLOW_Screenshot-2022-09-11-052140_jpg.rf.b715d3aff9e24fd08ee87ff5bff9cd38.jpg,v4,1,0,30,0
img_005865.jpg,ROBOFLOW_Screenshot-2022-09-11-052140_jpg.rf.b715d3aff9e24fd08ee87ff5bff9cd38.jpg,v4,2,0,30,0
img_005866.jpg,ROBOFLOW_Screenshot-2022-09-11-052153_jpg.rf.1219ff5cefd5f5f6258988e0d36a3684.jpg,v4,0,1,24,37
img_005867.jpg,ROBOFLOW_Screenshot-2022-09-11-052153_jpg.rf.1219ff5cefd5f5f6258988e0d36a3684.jpg,v4,1,1,30,37
img_005868.jpg,ROBOFLOW_Screenshot-2022-09-11-052153_jpg.rf.1219ff5cefd5f5f6258988e0d36a3684.jpg,v4,2,1,30,37
img_005869.jpg,ROBOFLOW_Screenshot-2022-09-11-052205_jpg.rf.6056c537e0b32c1fe9a78fa9842c2846.jpg,v4,0,2,30,118
img_005870.jpg,ROBOFLOW_Screenshot-2022-09-11-052205_jpg.rf.6056c537e0b32c1fe9a78fa9842c2846.jpg,v4,1,2,30,118
img_005871.jpg,ROBOFLOW_Screenshot-2022-09-11-052205_jpg.rf.6056c537e0b32c1fe9a78fa9842c2846.jpg,v4,2,2,30,118
img_005872.jpg,ROBOFLOW_Screenshot-2022-09-11-052225_jpg.rf.d88a79ba1af4f10d71589fd33f14a0a1.jpg,v4,0,0,30,152
img_005873.jpg,ROBOFLOW_Screenshot-2022-09-11-052225_jpg.rf.d88a79ba1af4f10d71589fd33f14a0a1.jpg,v4,1,0,30,152
img_005874.jpg,ROBOFLOW_Screenshot-2022-09-11-052225_jpg.rf.d88a79ba1af4f10d71589fd33f14a0a1.jpg,v4,2,0,24,152
img_005875.jpg,ROBOFLOW_Screenshot-2022-09-11-052327_jpg.rf.e0dd50cb558e32c65a5bdb91c36adca6.jpg,v4,0,0,30,0
img_005876.jpg,ROBOFLOW_Screenshot-2022-09-11-052327_jpg.rf.e0dd50cb558e32c65a5bdb91c36adca6.jpg,v4,1,0,27,0
img_005877.jpg,ROBOFLOW_Screenshot-2022-09-11-052327_jpg.rf.e0dd50cb558e32c65a5bdb91c36adca6.jpg,v4,2,0,30,0
img_005878.jpg,ROBOFLOW_Screenshot-2022-09-11-052340_jpg.rf.1e4cf84bdb43b1cf76e8a8ad481c22b0.jpg,v4,0,2,30,0
img_005879.jpg,ROBOFLOW_Screenshot-2022-09-11-052340_jpg.rf.1e4cf84bdb43b1cf76e8a8ad481c22b0.jpg,v4,1,2,23,0
img_005880.jpg,ROBOFLOW_Screenshot-2022-09-11-052340_jpg.rf.1e4cf84bdb43b1cf76e8a8ad481c22b0.jpg,v4,2,2,25,0
img_005881.jpg,ROBOFLOW_Screenshot-2022-09-11-052359_jpg.rf.fe1dab62da647aea8ccfb8af5b425085.jpg,v4,0,0,30,28
img_005882.jpg,ROBOFLOW_Screenshot-2022-09-11-052359_jpg.rf.fe1dab62da647aea8ccfb8af5b425085.jpg,v4,1,0,30,28
img_005883.jpg,ROBOFLOW_Screenshot-2022-09-11-052359_jpg.rf.fe1dab62da647aea8ccfb8af5b425085.jpg,v4,2,0,19,28
img_005884.jpg,ROBOFLOW_Screenshot-2022-09-11-053149_jpg.rf.ac8c9ab52b3656477130f3afd2ea92db.jpg,v4,0,0,30,149
img_005885.jpg,ROBOFLOW_Screenshot-2022-09-11-053149_jpg.rf.ac8c9ab52b3656477130f3afd2ea92db.jpg,v4,1,0,30,149
img_005886.jpg,ROBOFLOW_Screenshot-2022-09-11-053149_jpg.rf.ac8c9ab52b3656477130f3afd2ea92db.jpg,v4,2,0,30,149
img_005887.jpg,ROBOFLOW_Screenshot-2022-09-11-053341_jpg.rf.3825919ace1b4d3958ab1cc62d10c409.jpg,v4,0,0,30,93
img_005888.jpg,ROBOFLOW_Screenshot-2022-09-11-053341_jpg.rf.3825919ace1b4d3958ab1cc62d10c409.jpg,v4,1,0,30,93
img_005889.jpg,ROBOFLOW_Screenshot-2022-09-11-053341_jpg.rf.3825919ace1b4d3958ab1cc62d10c409.jpg,v4,2,0,26,93
img_005890.jpg,ROBOFLOW_Screenshot-2022-09-11-053504_jpg.rf.4f6ccaf1587a77a6c927901930225a04.jpg,v4,0,0,30,19
img_005891.jpg,ROBOFLOW_Screenshot-2022-09-11-053504_jpg.rf.4f6ccaf1587a77a6c927901930225a04.jpg,v4,1,0,25,19
img_005892.jpg,ROBOFLOW_Screenshot-2022-09-11-053504_jpg.rf.4f6ccaf1587a77a6c927901930225a04.jpg,v4,2,0,30,19
img_005893.jpg,ROBOFLOW_Screenshot-2022-09-11-053640_jpg.rf.48d9fbbdfda92322dd6102088e9ee226.jpg,v4,0,0,25,50
img_005894.jpg,ROBOFLOW_Screenshot-2022-09-11-053640_jpg.rf.48d9fbbdfda92322dd6102088e9ee226.jpg,v4,1,0,30,50
img_005895.jpg,ROBOFLOW_Screenshot-2022-09-11-053640_jpg.rf.48d9fbbdfda92322dd6102088e9ee226.jpg,v4,2,0,20,50
img_005896.jpg,ROBOFLOW_Screenshot-2022-09-11-053901_jpg.rf.0b43acdd573bf21fea970969a6d0e5e4.jpg,v4,0,0,30,0
img_005897.jpg,ROBOFLOW_Screenshot-2022-09-11-053901_jpg.rf.0b43acdd573bf21fea970969a6d0e5e4.jpg,v4,1,0,30,0
img_005898.jpg,ROBOFLOW_Screenshot-2022-09-11-053901_jpg.rf.0b43acdd573bf21fea970969a6d0e5e4.jpg,v4,2,0,30,0
img_005899.jpg,ROBOFLOW_Screenshot-2022-09-11-053942_jpg.rf.3b88bb7f9bca151e6ca620608c4cabbb.jpg,v4,0,0,30,10
img_005900.jpg,ROBOFLOW_Screenshot-2022-09-11-053942_jpg.rf.3b88bb7f9bca151e6ca620608c4cabbb.jpg,v4,1,0,30,10
img_005901.jpg,ROBOFLOW_Screenshot-2022-09-11-053942_jpg.rf.3b88bb7f9bca151e6ca620608c4cabbb.jpg,v4,2,0,30,10
img_005902.jpg,ROBOFLOW_Screenshot-2022-09-11-053956_jpg.rf.3d7da6b4676b02fba22e58d8a07d3665.jpg,v4,0,0,30,0
img_005903.jpg,ROBOFLOW_Screenshot-2022-09-11-053956_jpg.rf.3d7da6b4676b02fba22e58d8a07d3665.jpg,v4,1,0,30,0
img_005904.jpg,ROBOFLOW_Screenshot-2022-09-11-053956_jpg.rf.3d7da6b4676b02fba22e58d8a07d3665.jpg,v4,2,0,30,0
img_005905.jpg,ROBOFLOW_Screenshot-2022-09-11-054012_jpg.rf.716a0e2556c5a54cbecce749ac436105.jpg,v4,0,0,30,24
img_005906.jpg,ROBOFLOW_Screenshot-2022-09-11-054012_jpg.rf.716a0e2556c5a54cbecce749ac436105.jpg,v4,1,0,24,24
img_005907.jpg,ROBOFLOW_Screenshot-2022-09-11-054012_jpg.rf.716a0e2556c5a54cbecce749ac436105.jpg,v4,2,0,24,24
img_005908.jpg,ROBOFLOW_Screenshot-2022-09-11-054039_jpg.rf.06845ea8476ec1ffaf291082596510de.jpg,v4,0,0,26,37
img_005909.jpg,ROBOFLOW_Screenshot-2022-09-11-054039_jpg.rf.06845ea8476ec1ffaf291082596510de.jpg,v4,1,0,23,37
img_005910.jpg,ROBOFLOW_Screenshot-2022-09-11-054039_jpg.rf.06845ea8476ec1ffaf291082596510de.jpg,v4,2,0,30,37
img_005911.jpg,ROBOFLOW_Screenshot-2022-09-11-054053_jpg.rf.9e205a19c85ec3449f45fc78cfca0fc1.jpg,v4,0,0,30,38
img_005912.jpg,ROBOFLOW_Screenshot-2022-09-11-054053_jpg.rf.9e205a19c85ec3449f45fc78cfca0fc1.jpg,v4,1,0,30,38
img_005913.jpg,ROBOFLOW_Screenshot-2022-09-11-054053_jpg.rf.9e205a19c85ec3449f45fc78cfca0fc1.jpg,v4,2,0,30,38
img_005914.jpg,ROBOFLOW_Screenshot-2022-09-11-054113_jpg.rf.02dbb9bf8351f6ef0d20688b47ba288b.jpg,v4,0,0,30,24
img_005915.jpg,ROBOFLOW_Screenshot-2022-09-11-054113_jpg.rf.02dbb9bf8351f6ef0d20688b47ba288b.jpg,v4,1,0,30,24
img_005916.jpg,ROBOFLOW_Screenshot-2022-09-11-054113_jpg.rf.02dbb9bf8351f6ef0d20688b47ba288b.jpg,v4,2,0,30,24
img_005917.jpg,ROBOFLOW_Screenshot-2022-09-11-054130_jpg.rf.bdaa8cf5785e1714cc8d1f066e4ea967.jpg,v4,0,0,30,12
img_005918.jpg,ROBOFLOW_Screenshot-2022-09-11-054130_jpg.rf.bdaa8cf5785e1714cc8d1f066e4ea967.jpg,v4,1,0,30,12
img_005919.jpg,ROBOFLOW_Screenshot-2022-09-11-054130_jpg.rf.bdaa8cf5785e1714cc8d1f066e4ea967.jpg,v4,2,0,22,12
img_005920.jpg,ROBOFLOW_Screenshot-2022-09-11-054147_jpg.rf.6df86583bd3be40e6c04c548e4f83666.jpg,v4,0,0,26,0
img_005921.jpg,ROBOFLOW_Screenshot-2022-09-11-054147_jpg.rf.6df86583bd3be40e6c04c548e4f83666.jpg,v4,1,0,30,0
img_005922.jpg,ROBOFLOW_Screenshot-2022-09-11-054147_jpg.rf.6df86583bd3be40e6c04c548e4f83666.jpg,v4,2,0,30,0
img_005923.jpg,ROBOFLOW_Screenshot-2022-09-11-054205_jpg.rf.c48b7129cabd12c4dedaf5bf97530439.jpg,v4,0,0,30,36
img_005924.jpg,ROBOFLOW_Screenshot-2022-09-11-054205_jpg.rf.c48b7129cabd12c4dedaf5bf97530439.jpg,v4,1,0,30,36
img_005925.jpg,ROBOFLOW_Screenshot-2022-09-11-054205_jpg.rf.c48b7129cabd12c4dedaf5bf97530439.jpg,v4,2,0,30,36
img_005926.jpg,ROBOFLOW_Screenshot-2022-09-11-054220_jpg.rf.0a5fecffb92e3803df780c7201eaaf3c.jpg,v4,0,0,30,7
img_005927.jpg,ROBOFLOW_Screenshot-2022-09-11-054220_jpg.rf.0a5fecffb92e3803df780c7201eaaf3c.jpg,v4,1,0,30,7
img_005928.jpg,ROBOFLOW_Screenshot-2022-09-11-054220_jpg.rf.0a5fecffb92e3803df780c7201eaaf3c.jpg,v4,2,0,30,7
img_005929.jpg,ROBOFLOW_Screenshot-2022-09-11-103020_jpg.rf.1495ff20174e2d503faf3bbff573b57d.jpg,v4,0,0,30,0
img_005930.jpg,ROBOFLOW_Screenshot-2022-09-11-103020_jpg.rf.1495ff20174e2d503faf3bbff573b57d.jpg,v4,1,0,30,0
img_005931.jpg,ROBOFLOW_Screenshot-2022-09-11-103020_jpg.rf.1495ff20174e2d503faf3bbff573b57d.jpg,v4,2,0,21,0
img_005932.jpg,ROBOFLOW__01b5a426-fc8d-40b2-b0b7-4e10aa87f0a4_jpeg_jpg.rf.a6dc2b29b91dc5065ad71ffe7a203d47.jpg,v4,0,0,30,79
img_005933.jpg,ROBOFLOW__01b5a426-fc8d-40b2-b0b7-4e10aa87f0a4_jpeg_jpg.rf.a6dc2b29b91dc5065ad71ffe7a203d47.jpg,v4,1,0,30,79
img_005934.jpg,ROBOFLOW__01b5a426-fc8d-40b2-b0b7-4e10aa87f0a4_jpeg_jpg.rf.a6dc2b29b91dc5065ad71ffe7a203d47.jpg,v4,2,0,30,79
img_005935.jpg,ROBOFLOW__021c2262-c12d-4f9f-882e-3c186a2bb5c9_jpeg_jpg.rf.70e992c2000656e0e69ddef727ba7a7c.jpg,v4,0,0,30,18
img_005936.jpg,ROBOFLOW__021c2262-c12d-4f9f-882e-3c186a2bb5c9_jpeg_jpg.rf.70e992c2000656e0e69ddef727ba7a7c.jpg,v4,1,0,30,18
img_005937.jpg,ROBOFLOW__021c2262-c12d-4f9f-882e-3c186a2bb5c9_jpeg_jpg.rf.70e992c2000656e0e69ddef727ba7a7c.jpg,v4,2,0,30,18
img_005938.jpg,ROBOFLOW__02b9a8a6-ead7-43d9-9cc0-b0a82805eef9_jpeg_jpg.rf.d8ded1b05bf7a030953822b7864ed22e.jpg,v4,0,0,30,62
img_005939.jpg,ROBOFLOW__02b9a8a6-ead7-43d9-9cc0-b0a82805eef9_jpeg_jpg.rf.d8ded1b05bf7a030953822b7864ed22e.jpg,v4,1,0,30,62
img_005940.jpg,ROBOFLOW__02b9a8a6-ead7-43d9-9cc0-b0a82805eef9_jpeg_jpg.rf.d8ded1b05bf7a030953822b7864ed22e.jpg,v4,2,0,30,62
img_005941.jpg,ROBOFLOW__0778e743-e4a0-4327-8667-e12d6437adb3_jpeg_jpg.rf.7c026ba395801b841c53ad072bbc70fd.jpg,v4,0,0,30,55
img_005942.jpg,ROBOFLOW__0778e743-e4a0-4327-8667-e12d6437adb3_jpeg_jpg.rf.7c026ba395801b841c53ad072bbc70fd.jpg,v4,1,0,20,55
img_005943.jpg,ROBOFLOW__0778e743-e4a0-4327-8667-e12d6437adb3_jpeg_jpg.rf.7c026ba395801b841c53ad072bbc70fd.jpg,v4,2,0,25,55
img_005944.jpg,ROBOFLOW__08d4e691-5329-4531-aea8-0741de8e6247_jpeg_jpg.rf.83e9323292ff2de88852cdd09723a4b5.jpg,v4,0,0,30,52
img_005945.jpg,ROBOFLOW__08d4e691-5329-4531-aea8-0741de8e6247_jpeg_jpg.rf.83e9323292ff2de88852cdd09723a4b5.jpg,v4,1,0,30,52
img_005946.jpg,ROBOFLOW__08d4e691-5329-4531-aea8-0741de8e6247_jpeg_jpg.rf.83e9323292ff2de88852cdd09723a4b5.jpg,v4,2,0,30,52
img_005947.jpg,ROBOFLOW__0942bf7c-2fa7-413b-be38-38e8e9c5421e_jpeg_jpg.rf.c2192586492b8575439da8e219637996.jpg,v4,0,0,30,0
img_005948.jpg,ROBOFLOW__0942bf7c-2fa7-413b-be38-38e8e9c5421e_jpeg_jpg.rf.c2192586492b8575439da8e219637996.jpg,v4,1,0,25,0
img_005949.jpg,ROBOFLOW__0942bf7c-2fa7-413b-be38-38e8e9c5421e_jpeg_jpg.rf.c2192586492b8575439da8e219637996.jpg,v4,2,0,30,0
img_005950.jpg,ROBOFLOW__0d4d1eb3-7447-4630-9e1e-76a10f2a98b0_jpeg_jpg.rf.a31f09a0db4f2103f630edf254b5278b.jpg,v4,0,0,30,10
img_005951.jpg,ROBOFLOW__0d4d1eb3-7447-4630-9e1e-76a10f2a98b0_jpeg_jpg.rf.a31f09a0db4f2103f630edf254b5278b.jpg,v4,1,0,24,10
img_005952.jpg,ROBOFLOW__0d4d1eb3-7447-4630-9e1e-76a10f2a98b0_jpeg_jpg.rf.a31f09a0db4f2103f630edf254b5278b.jpg,v4,2,0,30,10
img_005953.jpg,ROBOFLOW__1303913d-92d5-48d7-9905-eed66783afb4_jpeg_jpg.rf.507633dadfec867d0484ad5467b54a38.jpg,v4,0,0,23,0
img_005954.jpg,ROBOFLOW__1303913d-92d5-48d7-9905-eed66783afb4_jpeg_jpg.rf.507633dadfec867d0484ad5467b54a38.jpg,v4,1,0,30,0
img_005955.jpg,ROBOFLOW__1303913d-92d5-48d7-9905-eed66783afb4_jpeg_jpg.rf.507633dadfec867d0484ad5467b54a38.jpg,v4,2,0,30,0
img_005956.jpg,ROBOFLOW__15af525c-528c-42e7-89d4-2a8d7531d788_jpeg_jpg.rf.b015d21d2fddb2be1a1a73e521bdd67b.jpg,v4,0,0,30,93
img_005957.jpg,ROBOFLOW__15af525c-528c-42e7-89d4-2a8d7531d788_jpeg_jpg.rf.b015d21d2fddb2be1a1a73e521bdd67b.jpg,v4,1,0,17,93
img_005958.jpg,ROBOFLOW__15af525c-528c-42e7-89d4-2a8d7531d788_jpeg_jpg.rf.b015d21d2fddb2be1a1a73e521bdd67b.jpg,v4,2,0,30,93
img_005959.jpg,ROBOFLOW__15e4a293-3111-4fd2-8eae-2d012528627c_jpeg_jpg.rf.dee78cb29ad0cc7e04e0ffee4ba0a2ba.jpg,v4,0,0,30,96
img_005960.jpg,ROBOFLOW__15e4a293-3111-4fd2-8eae-2d012528627c_jpeg_jpg.rf.dee78cb29ad0cc7e04e0ffee4ba0a2ba.jpg,v4,1,0,21,96
img_005961.jpg,ROBOFLOW__15e4a293-3111-4fd2-8eae-2d012528627c_jpeg_jpg.rf.dee78cb29ad0cc7e04e0ffee4ba0a2ba.jpg,v4,2,0,30,96
img_005962.jpg,ROBOFLOW__1afd0c91-5850-473d-a01e-41a5dd3876a4_jpeg_jpg.rf.50586c4ce981cccc6505a0a139e351ba.jpg,v4,0,0,30,95
img_005963.jpg,ROBOFLOW__1afd0c91-5850-473d-a01e-41a5dd3876a4_jpeg_jpg.rf.50586c4ce981cccc6505a0a139e351ba.jpg,v4,1,0,24,95
img_005964.jpg,ROBOFLOW__1afd0c91-5850-473d-a01e-41a5dd3876a4_jpeg_jpg.rf.50586c4ce981cccc6505a0a139e351ba.jpg,v4,2,0,30,95
img_005965.jpg,ROBOFLOW__1c4d3313-2640-43b1-bb11-85bad3440abf_jpeg_jpg.rf.f040a5238efed2153b52002dee32f500.jpg,v4,0,0,30,16
img_005966.jpg,ROBOFLOW__1c4d3313-2640-43b1-bb11-85bad3440abf_jpeg_jpg.rf.f040a5238efed2153b52002dee32f500.jpg,v4,1,0,30,16
img_005967.jpg,ROBOFLOW__1c4d3313-2640-43b1-bb11-85bad3440abf_jpeg_jpg.rf.f040a5238efed2153b52002dee32f500.jpg,v4,2,0,30,16
img_005968.jpg,ROBOFLOW__2b3c819e-a9fb-4a03-bd8f-86d58bb28e6f_jpeg_jpg.rf.882988fa3de248af341963c89bd7a81b.jpg,v4,0,0,30,52
img_005969.jpg,ROBOFLOW__2b3c819e-a9fb-4a03-bd8f-86d58bb28e6f_jpeg_jpg.rf.882988fa3de248af341963c89bd7a81b.jpg,v4,1,0,30,52
img_005970.jpg,ROBOFLOW__2b3c819e-a9fb-4a03-bd8f-86d58bb28e6f_jpeg_jpg.rf.882988fa3de248af341963c89bd7a81b.jpg,v4,2,0,30,52
img_005971.jpg,ROBOFLOW__35496b98-853a-4161-8742-5acce7c58267_jpeg_jpg.rf.564f44278c3b7ac03bcad48315e8fc2f.jpg,v4,0,0,30,101
img_005972.jpg,ROBOFLOW__35496b98-853a-4161-8742-5acce7c58267_jpeg_jpg.rf.564f44278c3b7ac03bcad48315e8fc2f.jpg,v4,1,0,30,101
img_005973.jpg,ROBOFLOW__35496b98-853a-4161-8742-5acce7c58267_jpeg_jpg.rf.564f44278c3b7ac03bcad48315e8fc2f.jpg,v4,2,0,30,101
img_005974.jpg,ROBOFLOW__3995c870-1e43-49de-9325-30637663c475_jpeg_jpg.rf.fae637a587f56d7e617ba1ca9a4b1ad5.jpg,v4,0,0,30,67
img_005975.jpg,ROBOFLOW__3995c870-1e43-49de-9325-30637663c475_jpeg_jpg.rf.fae637a587f56d7e617ba1ca9a4b1ad5.jpg,v4,1,0,30,67
img_005976.jpg,ROBOFLOW__3995c870-1e43-49de-9325-30637663c475_jpeg_jpg.rf.fae637a587f56d7e617ba1ca9a4b1ad5.jpg,v4,2,0,30,67
img_005977.jpg,ROBOFLOW__3c6953fc-2e46-4b7a-81e6-253781a63791_jpeg_jpg.rf.bf450540a47d1ce6ad70e5762da1b478.jpg,v4,0,0,30,72
img_005978.jpg,ROBOFLOW__3c6953fc-2e46-4b7a-81e6-253781a63791_jpeg_jpg.rf.bf450540a47d1ce6ad70e5762da1b478.jpg,v4,1,0,24,72
img_005979.jpg,ROBOFLOW__3c6953fc-2e46-4b7a-81e6-253781a63791_jpeg_jpg.rf.bf450540a47d1ce6ad70e5762da1b478.jpg,v4,2,0,30,72
img_005980.jpg,ROBOFLOW__3e473f0c-5fc1-4785-9dcc-d19411d9ce42_jpeg_jpg.rf.7b95a1da950c414c4f748cac96ab0862.jpg,v4,0,0,30,53
img_005981.jpg,ROBOFLOW__3e473f0c-5fc1-4785-9dcc-d19411d9ce42_jpeg_jpg.rf.7b95a1da950c414c4f748cac96ab0862.jpg,v4,1,0,30,53
img_005982.jpg,ROBOFLOW__3e473f0c-5fc1-4785-9dcc-d19411d9ce42_jpeg_jpg.rf.7b95a1da950c414c4f748cac96ab0862.jpg,v4,2,0,30,53
img_005983.jpg,ROBOFLOW__3ff6fa6b-8e82-4927-8b7c-348b4959e83c_jpeg_jpg.rf.8223f4f47111635b79848123224cfaad.jpg,v4,0,0,30,29
img_005984.jpg,ROBOFLOW__3ff6fa6b-8e82-4927-8b7c-348b4959e83c_jpeg_jpg.rf.8223f4f47111635b79848123224cfaad.jpg,v4,1,0,30,29
img_005985.jpg,ROBOFLOW__3ff6fa6b-8e82-4927-8b7c-348b4959e83c_jpeg_jpg.rf.8223f4f47111635b79848123224cfaad.jpg,v4,2,0,30,29
img_005986.jpg,ROBOFLOW__498341c7-1e59-4e7e-beb9-7c83c97087e1_jpeg_jpg.rf.0182b421e2a0b34bbf05176fd5c89e50.jpg,v4,0,0,30,21
img_005987.jpg,ROBOFLOW__498341c7-1e59-4e7e-beb9-7c83c97087e1_jpeg_jpg.rf.0182b421e2a0b34bbf05176fd5c89e50.jpg,v4,1,0,24,21
img_005988.jpg,ROBOFLOW__498341c7-1e59-4e7e-beb9-7c83c97087e1_jpeg_jpg.rf.0182b421e2a0b34bbf05176fd5c89e50.jpg,v4,2,0,30,21
img_005989.jpg,ROBOFLOW__4f8b7608-f6be-41c9-9c6c-f6946b6225c8_jpeg_jpg.rf.44d65b41f80dd43ca0be326ff9c3e909.jpg,v4,0,0,30,0
img_005990.jpg,ROBOFLOW__4f8b7608-f6be-41c9-9c6c-f6946b6225c8_jpeg_jpg.rf.44d65b41f80dd43ca0be326ff9c3e909.jpg,v4,1,0,30,0
img_005991.jpg,ROBOFLOW__4f8b7608-f6be-41c9-9c6c-f6946b6225c8_jpeg_jpg.rf.44d65b41f80dd43ca0be326ff9c3e909.jpg,v4,2,0,30,0
img_005992.jpg,ROBOFLOW__5b5f5031-0645-48a9-be30-47e6480072ff_jpeg_jpg.rf.877f02bd0c8a3af230de6039b88ce8be.jpg,v4,0,0,30,0
img_005993.jpg,ROBOFLOW__5b5f5031-0645-48a9-be30-47e6480072ff_jpeg_jpg.rf.877f02bd0c8a3af230de6039b88ce8be.jpg,v4,1,0,27,0
img_005994.jpg,ROBOFLOW__5b5f5031-0645-48a9-be30-47e6480072ff_jpeg_jpg.rf.877f02bd0c8a3af230de6039b88ce8be.jpg,v4,2,0,30,0
img_005995.jpg,ROBOFLOW__66d57025-c524-4081-ad0b-1ad0d09d196f_jpeg_jpg.rf.9b7031b62433e5cde746f32e41cffe79.jpg,v4,0,0,30,65
img_005996.jpg,ROBOFLOW__66d57025-c524-4081-ad0b-1ad0d09d196f_jpeg_jpg.rf.9b7031b62433e5cde746f32e41cffe79.jpg,v4,1,0,25,65
img_005997.jpg,ROBOFLOW__66d57025-c524-4081-ad0b-1ad0d09d196f_jpeg_jpg.rf.9b7031b62433e5cde746f32e41cffe79.jpg,v4,2,0,30,65
img_005998.jpg,ROBOFLOW__6ab0fca4-68eb-4c6c-9dc0-bd140974b62b_jpeg_jpg.rf.162fdb414a219b2c7f83310a18a8c04c.jpg,v4,0,0,22,94
img_005999.jpg,ROBOFLOW__6ab0fca4-68eb-4c6c-9dc0-bd140974b62b_jpeg_jpg.rf.162fdb414a219b2c7f83310a18a8c04c.jpg,v4,1,0,30,94
img_006000.jpg,ROBOFLOW__6ab0fca4-68eb-4c6c-9dc0-bd140974b62b_jpeg_jpg.rf.162fdb414a219b2c7f83310a18a8c04c.jpg,v4,2,0,30,94
img_006001.jpg,ROBOFLOW__6dbd1822-c85b-446e-bba1-f28cf2affa76_jpeg_jpg.rf.c85a128d67e1f4e09c05cb9be3e8593b.jpg,v4,0,0,30,16
img_006002.jpg,ROBOFLOW__6dbd1822-c85b-446e-bba1-f28cf2affa76_jpeg_jpg.rf.c85a128d67e1f4e09c05cb9be3e8593b.jpg,v4,1,0,30,16
img_006003.jpg,ROBOFLOW__6dbd1822-c85b-446e-bba1-f28cf2affa76_jpeg_jpg.rf.c85a128d67e1f4e09c05cb9be3e8593b.jpg,v4,2,0,22,16
img_006004.jpg,ROBOFLOW__73fe912e-275d-4547-96c6-3ab2c8326b44_jpeg_jpg.rf.a49e6b49d39fb85cfa6ce9d8151f408d.jpg,v4,0,0,30,20
img_006005.jpg,ROBOFLOW__73fe912e-275d-4547-96c6-3ab2c8326b44_jpeg_jpg.rf.a49e6b49d39fb85cfa6ce9d8151f408d.jpg,v4,1,0,24,20
img_006006.jpg,ROBOFLOW__73fe912e-275d-4547-96c6-3ab2c8326b44_jpeg_jpg.rf.a49e6b49d39fb85cfa6ce9d8151f408d.jpg,v4,2,0,21,20
img_006007.jpg,ROBOFLOW__7c053621-5a5a-4b7e-8613-288286c19657_jpeg_jpg.rf.f800e03107bd0b0ba3ed6a4e5ef292e9.jpg,v4,0,0,30,10
img_006008.jpg,ROBOFLOW__7c053621-5a5a-4b7e-8613-288286c19657_jpeg_jpg.rf.f800e03107bd0b0ba3ed6a4e5ef292e9.jpg,v4,1,0,30,10
img_006009.jpg,ROBOFLOW__7c053621-5a5a-4b7e-8613-288286c19657_jpeg_jpg.rf.f800e03107bd0b0ba3ed6a4e5ef292e9.jpg,v4,2,0,24,10
img_006010.jpg,ROBOFLOW__7c79acbe-1967-4412-a28e-e07b4179907c_jpeg_jpg.rf.2058e944994574a81c292e864b31e3a3.jpg,v4,0,0,22,25
img_006011.jpg,ROBOFLOW__7c79acbe-1967-4412-a28e-e07b4179907c_jpeg_jpg.rf.2058e944994574a81c292e864b31e3a3.jpg,v4,1,0,30,25
img_006012.jpg,ROBOFLOW__7c79acbe-1967-4412-a28e-e07b4179907c_jpeg_jpg.rf.2058e944994574a81c292e864b31e3a3.jpg,v4,2,0,30,25
img_006013.jpg,ROBOFLOW__7d092544-e5cc-4295-9eae-378d9d8cdd0e_jpeg_jpg.rf.da9003a2b94d265060403c19ddd1f776.jpg,v4,0,0,30,0
img_006014.jpg,ROBOFLOW__7d092544-e5cc-4295-9eae-378d9d8cdd0e_jpeg_jpg.rf.da9003a2b94d265060403c19ddd1f776.jpg,v4,1,0,30,0
img_006015.jpg,ROBOFLOW__7d092544-e5cc-4295-9eae-378d9d8cdd0e_jpeg_jpg.rf.da9003a2b94d265060403c19ddd1f776.jpg,v4,2,0,24,0
img_006016.jpg,ROBOFLOW__88c44907-8545-4104-86a2-8a1a0bb6ae43_jpeg_jpg.rf.48f4b0624e7402b06c88f8c2945576cf.jpg,v4,0,0,25,83
img_006017.jpg,ROBOFLOW__88c44907-8545-4104-86a2-8a1a0bb6ae43_jpeg_jpg.rf.48f4b0624e7402b06c88f8c2945576cf.jpg,v4,1,0,30,83
img_006018.jpg,ROBOFLOW__88c44907-8545-4104-86a2-8a1a0bb6ae43_jpeg_jpg.rf.48f4b0624e7402b06c88f8c2945576cf.jpg,v4,2,0,30,83
img_006019.jpg,ROBOFLOW__8bd70bb1-5a70-4c66-95e1-c388427eace0_jpeg_jpg.rf.3016ccf27b91502d2b7dbe721b25464a.jpg,v4,0,0,21,44
img_006020.jpg,ROBOFLOW__8bd70bb1-5a70-4c66-95e1-c388427eace0_jpeg_jpg.rf.3016ccf27b91502d2b7dbe721b25464a.jpg,v4,1,0,30,44
img_006021.jpg,ROBOFLOW__8bd70bb1-5a70-4c66-95e1-c388427eace0_jpeg_jpg.rf.3016ccf27b91502d2b7dbe721b25464a.jpg,v4,2,0,18,44
img_006022.jpg,ROBOFLOW__92182f6d-0d84-4d03-aa3b-f0d470c38a02_jpeg_jpg.rf.609a7ed5460c4fc4298d169628981680.jpg,v4,0,0,30,0
img_006023.jpg,ROBOFLOW__92182f6d-0d84-4d03-aa3b-f0d470c38a02_jpeg_jpg.rf.609a7ed5460c4fc4298d169628981680.jpg,v4,1,0,30,0
img_006024.jpg,ROBOFLOW__92182f6d-0d84-4d03-aa3b-f0d470c38a02_jpeg_jpg.rf.609a7ed5460c4fc4298d169628981680.jpg,v4,2,0,22,0
img_006025.jpg,ROBOFLOW__934ae881-a828-4b3d-8ba1-8365bd0e4586_jpeg_jpg.rf.7e8cb54a3c5b89cd1836d97a193591b2.jpg,v4,0,0,30,0
img_006026.jpg,ROBOFLOW__934ae881-a828-4b3d-8ba1-8365bd0e4586_jpeg_jpg.rf.7e8cb54a3c5b89cd1836d97a193591b2.jpg,v4,1,0,30,0
img_006027.jpg,ROBOFLOW__934ae881-a828-4b3d-8ba1-8365bd0e4586_jpeg_jpg.rf.7e8cb54a3c5b89cd1836d97a193591b2.jpg,v4,2,0,30,0
img_006028.jpg,ROBOFLOW__9c918374-8131-4a6b-b463-7669d27fb235_jpeg_jpg.rf.0e2efbf9c6c67197f23ee91d8d0f18b7.jpg,v4,0,0,30,62
img_006029.jpg,ROBOFLOW__9c918374-8131-4a6b-b463-7669d27fb235_jpeg_jpg.rf.0e2efbf9c6c67197f23ee91d8d0f18b7.jpg,v4,1,0,30,62
img_006030.jpg,ROBOFLOW__9c918374-8131-4a6b-b463-7669d27fb235_jpeg_jpg.rf.0e2efbf9c6c67197f23ee91d8d0f18b7.jpg,v4,2,0,24,62
img_006031.jpg,ROBOFLOW__a30213e7-9729-407f-bd08-f3e4b642fbda_jpeg_jpg.rf.3e353e6e756b6c8126448fecdf31b4c5.jpg,v4,0,0,30,0
img_006032.jpg,ROBOFLOW__a30213e7-9729-407f-bd08-f3e4b642fbda_jpeg_jpg.rf.3e353e6e756b6c8126448fecdf31b4c5.jpg,v4,1,0,25,0
img_006033.jpg,ROBOFLOW__a30213e7-9729-407f-bd08-f3e4b642fbda_jpeg_jpg.rf.3e353e6e756b6c8126448fecdf31b4c5.jpg,v4,2,0,30,0
img_006034.jpg,ROBOFLOW__a6ef1a2e-d0f7-404f-b3e1-cf299aadf8fd_jpeg_jpg.rf.8062341123435e88da8c2e0976440fb6.jpg,v4,0,0,30,65
img_006035.jpg,ROBOFLOW__a6ef1a2e-d0f7-404f-b3e1-cf299aadf8fd_jpeg_jpg.rf.8062341123435e88da8c2e0976440fb6.jpg,v4,1,0,30,65
img_006036.jpg,ROBOFLOW__a6ef1a2e-d0f7-404f-b3e1-cf299aadf8fd_jpeg_jpg.rf.8062341123435e88da8c2e0976440fb6.jpg,v4,2,0,30,65
img_006037.jpg,ROBOFLOW__ab97c956-62cd-45f0-81d3-5aff8229540f_jpeg_jpg.rf.39d7b61e9eccf7b620212e1169be2abf.jpg,v4,0,0,30,45
img_006038.jpg,ROBOFLOW__ab97c956-62cd-45f0-81d3-5aff8229540f_jpeg_jpg.rf.39d7b61e9eccf7b620212e1169be2abf.jpg,v4,1,0,27,45
img_006039.jpg,ROBOFLOW__ab97c956-62cd-45f0-81d3-5aff8229540f_jpeg_jpg.rf.39d7b61e9eccf7b620212e1169be2abf.jpg,v4,2,0,30,45
img_006040.jpg,ROBOFLOW__acdedd21-c2a7-412f-8b82-04e118b800be_jpeg_jpg.rf.1f4b8e4df69e626265e5e656f1a8df4b.jpg,v4,0,0,30,25
img_006041.jpg,ROBOFLOW__acdedd21-c2a7-412f-8b82-04e118b800be_jpeg_jpg.rf.1f4b8e4df69e626265e5e656f1a8df4b.jpg,v4,1,0,25,25
img_006042.jpg,ROBOFLOW__acdedd21-c2a7-412f-8b82-04e118b800be_jpeg_jpg.rf.1f4b8e4df69e626265e5e656f1a8df4b.jpg,v4,2,0,30,25
img_006043.jpg,ROBOFLOW__ad605372-fc0a-42dc-952f-824aecafe81f_jpeg_jpg.rf.ffc563ef967393889594b78baf9fe8fd.jpg,v4,0,0,30,93
img_006044.jpg,ROBOFLOW__ad605372-fc0a-42dc-952f-824aecafe81f_jpeg_jpg.rf.ffc563ef967393889594b78baf9fe8fd.jpg,v4,1,0,16,93
img_006045.jpg,ROBOFLOW__ad605372-fc0a-42dc-952f-824aecafe81f_jpeg_jpg.rf.ffc563ef967393889594b78baf9fe8fd.jpg,v4,2,0,23,93
img_006046.jpg,ROBOFLOW__b5839648-9c7f-4d47-8799-9cdeaf91fa85_jpeg_jpg.rf.d25b85b014cacc29959b776a7e7e2e28.jpg,v4,0,0,30,0
img_006047.jpg,ROBOFLOW__b5839648-9c7f-4d47-8799-9cdeaf91fa85_jpeg_jpg.rf.d25b85b014cacc29959b776a7e7e2e28.jpg,v4,1,0,30,0
img_006048.jpg,ROBOFLOW__b5839648-9c7f-4d47-8799-9cdeaf91fa85_jpeg_jpg.rf.d25b85b014cacc29959b776a7e7e2e28.jpg,v4,2,0,30,0
img_006049.jpg,ROBOFLOW__baf3edb1-c7c0-4d80-bbf7-f63b68415721_jpeg_jpg.rf.cef91e74be7e4492461f4f34c2e894f0.jpg,v4,0,0,30,0
img_006050.jpg,ROBOFLOW__baf3edb1-c7c0-4d80-bbf7-f63b68415721_jpeg_jpg.rf.cef91e74be7e4492461f4f34c2e894f0.jpg,v4,1,0,21,0
img_006051.jpg,ROBOFLOW__baf3edb1-c7c0-4d80-bbf7-f63b68415721_jpeg_jpg.rf.cef91e74be7e4492461f4f34c2e894f0.jpg,v4,2,0,30,0
img_006052.jpg,ROBOFLOW__bc6510e9-3ff4-4ac4-9b7e-74e0bc26152b_jpeg_jpg.rf.2a950de8fcf5648ea9f36d1dd4656874.jpg,v4,0,0,23,60
img_006053.jpg,ROBOFLOW__bc6510e9-3ff4-4ac4-9b7e-74e0bc26152b_jpeg_jpg.rf.2a950de8fcf5648ea9f36d1dd4656874.jpg,v4,1,0,21,60
img_006054.jpg,ROBOFLOW__bc6510e9-3ff4-4ac4-9b7e-74e0bc26152b_jpeg_jpg.rf.2a950de8fcf5648ea9f36d1dd4656874.jpg,v4,2,0,30,60
img_006055.jpg,ROBOFLOW__bedeade4-35a0-4e06-be42-3859e636a101_jpeg_jpg.rf.d8838974ce940be4d077936a1240a88b.jpg,v4,0,0,30,33
img_006056.jpg,ROBOFLOW__bedeade4-35a0-4e06-be42-3859e636a101_jpeg_jpg.rf.d8838974ce940be4d077936a1240a88b.jpg,v4,1,0,30,33
img_006057.jpg,ROBOFLOW__bedeade4-35a0-4e06-be42-3859e636a101_jpeg_jpg.rf.d8838974ce940be4d077936a1240a88b.jpg,v4,2,0,30,33
img_006058.jpg,ROBOFLOW__c3a97868-31f4-4303-a5d4-a401ee3e18d1_jpeg_jpg.rf.1211b31a37107145d4f67803403ba876.jpg,v4,0,0,30,0
img_006059.jpg,ROBOFLOW__c3a97868-31f4-4303-a5d4-a401ee3e18d1_jpeg_jpg.rf.1211b31a37107145d4f67803403ba876.jpg,v4,1,0,30,0
img_006060.jpg,ROBOFLOW__c3a97868-31f4-4303-a5d4-a401ee3e18d1_jpeg_jpg.rf.1211b31a37107145d4f67803403ba876.jpg,v4,2,0,19,0
img_006061.jpg,ROBOFLOW__cbe68812-0afc-460b-8921-da28ffa81136_jpeg_jpg.rf.7ac148fb9b54600c99e31adde49b991b.jpg,v4,0,0,30,48
img_006062.jpg,ROBOFLOW__cbe68812-0afc-460b-8921-da28ffa81136_jpeg_jpg.rf.7ac148fb9b54600c99e31adde49b991b.jpg,v4,1,0,30,48
img_006063.jpg,ROBOFLOW__cbe68812-0afc-460b-8921-da28ffa81136_jpeg_jpg.rf.7ac148fb9b54600c99e31adde49b991b.jpg,v4,2,0,30,48
img_006064.jpg,ROBOFLOW__d1005410-9f26-4b03-9bc8-5448c227ba23_jpeg_jpg.rf.1e0f0eeb385acde3679648fb5523b4f6.jpg,v4,0,0,25,59
img_006065.jpg,ROBOFLOW__d1005410-9f26-4b03-9bc8-5448c227ba23_jpeg_jpg.rf.1e0f0eeb385acde3679648fb5523b4f6.jpg,v4,1,0,30,59
img_006066.jpg,ROBOFLOW__d1005410-9f26-4b03-9bc8-5448c227ba23_jpeg_jpg.rf.1e0f0eeb385acde3679648fb5523b4f6.jpg,v4,2,0,30,59
img_006067.jpg,ROBOFLOW__d3fd08f2-ad32-4132-a85d-fca9ea189b93_jpeg_jpg.rf.6f4158dccbdbcc7847ed7e0ff29d909b.jpg,v4,0,0,30,43
img_006068.jpg,ROBOFLOW__d3fd08f2-ad32-4132-a85d-fca9ea189b93_jpeg_jpg.rf.6f4158dccbdbcc7847ed7e0ff29d909b.jpg,v4,1,0,30,43
img_006069.jpg,ROBOFLOW__d3fd08f2-ad32-4132-a85d-fca9ea189b93_jpeg_jpg.rf.6f4158dccbdbcc7847ed7e0ff29d909b.jpg,v4,2,0,24,43
img_006070.jpg,ROBOFLOW__deddeaee-9418-4747-beb3-dd2303ea01da_jpeg_jpg.rf.c8cb107e49d990e90277e81431763386.jpg,v4,0,0,23,53
img_006071.jpg,ROBOFLOW__deddeaee-9418-4747-beb3-dd2303ea01da_jpeg_jpg.rf.c8cb107e49d990e90277e81431763386.jpg,v4,1,0,30,53
img_006072.jpg,ROBOFLOW__deddeaee-9418-4747-beb3-dd2303ea01da_jpeg_jpg.rf.c8cb107e49d990e90277e81431763386.jpg,v4,2,0,30,53
img_006073.jpg,ROBOFLOW__e5027a2c-4216-4ead-b168-b887cd6cbd15_jpeg_jpg.rf.39fc9d5cf55cf71837e6e7b0c67feb89.jpg,v4,0,0,30,28
img_006074.jpg,ROBOFLOW__e5027a2c-4216-4ead-b168-b887cd6cbd15_jpeg_jpg.rf.39fc9d5cf55cf71837e6e7b0c67feb89.jpg,v4,1,0,30,28
img_006075.jpg,ROBOFLOW__e5027a2c-4216-4ead-b168-b887cd6cbd15_jpeg_jpg.rf.39fc9d5cf55cf71837e6e7b0c67feb89.jpg,v4,2,0,30,28
img_006076.jpg,ROBOFLOW__f17f527d-8ab3-429b-b3a5-3c411f4071f4_jpeg_jpg.rf.73410e2b44b04d71315570b1b1c1f0bd.jpg,v4,0,0,30,42
img_006077.jpg,ROBOFLOW__f17f527d-8ab3-429b-b3a5-3c411f4071f4_jpeg_jpg.rf.73410e2b44b04d71315570b1b1c1f0bd.jpg,v4,1,0,30,42
img_006078.jpg,ROBOFLOW__f17f527d-8ab3-429b-b3a5-3c411f4071f4_jpeg_jpg.rf.73410e2b44b04d71315570b1b1c1f0bd.jpg,v4,2,0,30,42
img_006079.jpg,ROBOFLOW__f4507afb-372e-4d05-9cb8-b4ed94b55df3_jpeg_jpg.rf.af92d1935a70d53cf9d2bdc250c89d49.jpg,v4,0,0,30,26
img_006080.jpg,ROBOFLOW__f4507afb-372e-4d05-9cb8-b4ed94b55df3_jpeg_jpg.rf.af92d1935a70d53cf9d2bdc250c89d49.jpg,v4,1,0,30,26
img_006081.jpg,ROBOFLOW__f4507afb-372e-4d05-9cb8-b4ed94b55df3_jpeg_jpg.rf.af92d1935a70d53cf9d2bdc250c89d49.jpg,v4,2,0,30,26
img_006082.jpg,ROBOFLOW__f552d00c-f44f-4384-8623-f9a545dc3af8_jpeg_jpg.rf.b7f5a5df9b588b1acffa5f35eacb3066.jpg,v4,0,0,25,11
img_006083.jpg,ROBOFLOW__f552d00c-f44f-4384-8623-f9a545dc3af8_jpeg_jpg.rf.b7f5a5df9b588b1acffa5f35eacb3066.jpg,v4,1,0,30,11
img_006084.jpg,ROBOFLOW__f552d00c-f44f-4384-8623-f9a545dc3af8_jpeg_jpg.rf.b7f5a5df9b588b1acffa5f35eacb3066.jpg,v4,2,0,30,11
img_006085.jpg,ROBOFLOW_flood_image0019_jpg.rf.7265a7957b4a45391d0e66f3aee613b6.jpg,v4,0,0,30,0
img_006086.jpg,ROBOFLOW_flood_image0019_jpg.rf.7265a7957b4a45391d0e66f3aee613b6.jpg,v4,1,0,30,0
img_006087.jpg,ROBOFLOW_flood_image0019_jpg.rf.7265a7957b4a45391d0e66f3aee613b6.jpg,v4,2,0,30,0
img_006088.jpg,ROBOFLOW_flood_image0032_jpg.rf.281a206652a7ac2e1b7fe611aec60915.jpg,v4,0,0,30,0
img_006089.jpg,ROBOFLOW_flood_image0032_jpg.rf.281a206652a7ac2e1b7fe611aec60915.jpg,v4,1,0,30,0
img_006090.jpg,ROBOFLOW_flood_image0032_jpg.rf.281a206652a7ac2e1b7fe611aec60915.jpg,v4,2,0,22,0
img_006091.jpg,ROBOFLOW_flood_image0051_jpg.rf.6f206b3fda74b06c2de7ca09b35b77b9.jpg,v4,0,0,30,385
img_006092.jpg,ROBOFLOW_flood_image0051_jpg.rf.6f206b3fda74b06c2de7ca09b35b77b9.jpg,v4,1,0,30,385
img_006093.jpg,ROBOFLOW_flood_image0051_jpg.rf.6f206b3fda74b06c2de7ca09b35b77b9.jpg,v4,2,0,30,385
img_006094.jpg,ROBOFLOW_flood_image0066_jpg.rf.d0336bde47ee6de525aaeb55edd288fb.jpg,v4,0,0,30,0
img_006095.jpg,ROBOFLOW_flood_image0066_jpg.rf.d0336bde47ee6de525aaeb55edd288fb.jpg,v4,1,0,30,0
img_006096.jpg,ROBOFLOW_flood_image0066_jpg.rf.d0336bde47ee6de525aaeb55edd288fb.jpg,v4,2,0,30,0
img_006097.jpg,ROBOFLOW_flood_image0200_jpg.rf.5228148518bb0f07f8b88facdcc0d362.jpg,v4,0,0,30,188
img_006098.jpg,ROBOFLOW_flood_image0200_jpg.rf.5228148518bb0f07f8b88facdcc0d362.jpg,v4,1,0,30,188
img_006099.jpg,ROBOFLOW_flood_image0200_jpg.rf.5228148518bb0f07f8b88facdcc0d362.jpg,v4,2,0,30,188
img_006100.jpg,ROBOFLOW_flood_image0350_jpg.rf.01b5ebfe3b6da0a81eed820acfea23a3.jpg,v4,0,0,30,0
img_006101.jpg,ROBOFLOW_flood_image0350_jpg.rf.01b5ebfe3b6da0a81eed820acfea23a3.jpg,v4,1,0,30,0
img_006102.jpg,ROBOFLOW_flood_image0350_jpg.rf.01b5ebfe3b6da0a81eed820acfea23a3.jpg,v4,2,0,30,0
img_006103.jpg,ROBOFLOW_flood_image0418_jpg.rf.112afa80d163c8a94c5ceea014cb2c1d.jpg,v4,0,0,30,0
img_006104.jpg,ROBOFLOW_flood_image0418_jpg.rf.112afa80d163c8a94c5ceea014cb2c1d.jpg,v4,1,0,30,0
img_006105.jpg,ROBOFLOW_flood_image0418_jpg.rf.112afa80d163c8a94c5ceea014cb2c1d.jpg,v4,2,0,30,0
img_006106.jpg,ROBOFLOW_flood_image0426_jpg.rf.30f6b076c24cb9434b88559d81d15644.jpg,v4,0,0,30,131
img_006107.jpg,ROBOFLOW_flood_image0426_jpg.rf.30f6b076c24cb9434b88559d81d15644.jpg,v4,1,0,30,131
img_006108.jpg,ROBOFLOW_flood_image0426_jpg.rf.30f6b076c24cb9434b88559d81d15644.jpg,v4,2,0,30,131
img_006109.jpg,ROBOFLOW_flood_image0430_jpg.rf.ac846e2b92fa594fcf776f3107003162.jpg,v4,0,0,30,52
img_006110.jpg,ROBOFLOW_flood_image0430_jpg.rf.ac846e2b92fa594fcf776f3107003162.jpg,v4,1,0,30,52
img_006111.jpg,ROBOFLOW_flood_image0430_jpg.rf.ac846e2b92fa594fcf776f3107003162.jpg,v4,2,0,30,52
img_006112.jpg,ROBOFLOW_flood_image0440_jpg.rf.d88ee13059c908b3c640488ff3e6ba73.jpg,v4,0,0,30,0
img_006113.jpg,ROBOFLOW_flood_image0440_jpg.rf.d88ee13059c908b3c640488ff3e6ba73.jpg,v4,1,0,30,0
img_006114.jpg,ROBOFLOW_flood_image0440_jpg.rf.d88ee13059c908b3c640488ff3e6ba73.jpg,v4,2,0,30,0
img_006115.jpg,ROBOFLOW_flood_image0497_jpg.rf.4bbf347b1d964c1a03d54eab5e3c94da.jpg,v4,0,0,16,0
img_006116.jpg,ROBOFLOW_flood_image0497_jpg.rf.4bbf347b1d964c1a03d54eab5e3c94da.jpg,v4,1,0,30,0
img_006117.jpg,ROBOFLOW_flood_image0497_jpg.rf.4bbf347b1d964c1a03d54eab5e3c94da.jpg,v4,2,0,22,0
img_006118.jpg,ROBOFLOW_flood_image0509_jpg.rf.aa4937c0ac7e180584298d9da63784a7.jpg,v4,0,0,30,79
img_006119.jpg,ROBOFLOW_flood_image0509_jpg.rf.aa4937c0ac7e180584298d9da63784a7.jpg,v4,1,0,30,79
img_006120.jpg,ROBOFLOW_flood_image0509_jpg.rf.aa4937c0ac7e180584298d9da63784a7.jpg,v4,2,0,30,79
img_006121.jpg,ROBOFLOW_image_106_jpg.rf.b320da1d418afd05eb788dd26e0f5cf6.jpg,v4,0,0,30,0
img_006122.jpg,ROBOFLOW_image_106_jpg.rf.b320da1d418afd05eb788dd26e0f5cf6.jpg,v4,1,0,30,0
img_006123.jpg,ROBOFLOW_image_106_jpg.rf.b320da1d418afd05eb788dd26e0f5cf6.jpg,v4,2,0,30,0
img_006124.jpg,ROBOFLOW_pollution_11_jpg.rf.90518b2db032ae9861a0182ef042cc3d.jpg,v4,0,0,30,0
img_006125.jpg,ROBOFLOW_pollution_11_jpg.rf.90518b2db032ae9861a0182ef042cc3d.jpg,v4,1,0,30,0
img_006126.jpg,ROBOFLOW_pollution_11_jpg.rf.90518b2db032ae9861a0182ef042cc3d.jpg,v4,2,0,30,0
img_006127.jpg,ROBOFLOW_pollution_16_jpg.rf.5a10d22f52304c4cdf769202935a90ac.jpg,v4,0,0,20,378
img_006128.jpg,ROBOFLOW_pollution_16_jpg.rf.5a10d22f52304c4cdf769202935a90ac.jpg,v4,1,0,30,378
img_006129.jpg,ROBOFLOW_pollution_16_jpg.rf.5a10d22f52304c4cdf769202935a90ac.jpg,v4,2,0,21,378
img_006130.jpg,ROBOFLOW_pollution_208_jpg.rf.a06dbe6a9492a248bc317b69ad12968f.jpg,v4,0,0,30,0
img_006131.jpg,ROBOFLOW_pollution_208_jpg.rf.a06dbe6a9492a248bc317b69ad12968f.jpg,v4,1,0,30,0
img_006132.jpg,ROBOFLOW_pollution_208_jpg.rf.a06dbe6a9492a248bc317b69ad12968f.jpg,v4,2,0,30,0
img_006133.jpg,ROBOFLOW_pollution_20_jpg.rf.627efdbe96534efd8ac0bc03d356c6b1.jpg,v4,0,0,30,0
img_006134.jpg,ROBOFLOW_pollution_20_jpg.rf.627efdbe96534efd8ac0bc03d356c6b1.jpg,v4,1,0,30,0
img_006135.jpg,ROBOFLOW_pollution_20_jpg.rf.627efdbe96534efd8ac0bc03d356c6b1.jpg,v4,2,0,24,0
img_006136.jpg,AIDER_flood_image0001.jpg,v4,bg,0,0,0
img_006137.jpg,AIDER_flood_image0002.jpg,v4,bg,0,0,0
img_006138.jpg,AIDER_flood_image0004.jpg,v4,bg,0,0,17
img_006139.jpg,AIDER_flood_image0005.jpg,v4,bg,0,0,0
img_006140.jpg,AIDER_flood_image0007.jpg,v4,bg,0,0,0
img_006141.jpg,AIDER_flood_image0008.jpg,v4,bg,0,0,0
img_006142.jpg,AIDER_flood_image0012.jpg,v4,bg,0,0,13
img_006143.jpg,AIDER_flood_image0014.jpg,v4,bg,0,0,8
img_006144.jpg,AIDER_flood_image0015.jpg,v4,bg,0,0,0
img_006145.jpg,AIDER_flood_image0017.jpg,v4,bg,0,0,0
img_006146.jpg,AIDER_flood_image0020.jpg,v4,bg,0,0,0
img_006147.jpg,AIDER_flood_image0024.jpg,v4,bg,0,0,0
img_006148.jpg,AIDER_flood_image0031.jpg,v4,bg,0,0,0
img_006149.jpg,AIDER_flood_image0041.jpg,v4,bg,0,0,0
img_006150.jpg,AIDER_flood_image0045.jpg,v4,bg,0,0,0
img_006151.jpg,AIDER_flood_image0050.jpg,v4,bg,0,0,0
img_006152.jpg,AIDER_flood_image0052.jpg,v4,bg,0,0,0
img_006153.jpg,AIDER_flood_image0053.jpg,v4,bg,0,0,0
img_006154.jpg,AIDER_flood_image0056.jpg,v4,bg,0,0,0
img_006155.jpg,AIDER_flood_image0058.jpg,v4,bg,0,0,0
img_006156.jpg,AIDER_flood_image0063.jpg,v4,bg,0,0,0
img_006157.jpg,AIDER_flood_image0066.jpg,v4,bg,0,0,0
img_006158.jpg,AIDER_flood_image0067.jpg,v4,bg,0,0,0
img_006159.jpg,AIDER_flood_image0075.jpg,v4,bg,0,0,0
img_006160.jpg,AIDER_flood_image0080.jpg,v4,bg,0,0,0
img_006161.jpg,AIDER_flood_image0082.jpg,v4,bg,0,0,0
img_006162.jpg,AIDER_flood_image0084.jpg,v4,bg,0,0,0
img_006163.jpg,AIDER_flood_image0090.jpg,v4,bg,0,0,11
img_006164.jpg,AIDER_flood_image0094.jpg,v4,bg,0,0,133
img_006165.jpg,AIDER_flood_image0096.jpg,v4,bg,0,0,18
img_006166.jpg,AIDER_flood_image0101.jpg,v4,bg,0,0,0
img_006167.jpg,AIDER_flood_image0102.jpg,v4,bg,0,0,0
img_006168.jpg,AIDER_flood_image0104.jpg,v4,bg,0,0,258
img_006169.jpg,AIDER_flood_image0112.jpg,v4,bg,0,0,17
img_006170.jpg,AIDER_flood_image0113.jpg,v4,bg,0,0,0
img_006171.jpg,AIDER_flood_image0114.jpg,v4,bg,0,0,8
img_006172.jpg,AIDER_flood_image0122.jpg,v4,bg,0,0,0
img_006173.jpg,AIDER_flood_image0127.jpg,v4,bg,0,0,54
img_006174.jpg,AIDER_flood_image0130.jpg,v4,bg,0,0,148
img_006175.jpg,AIDER_flood_image0131.jpg,v4,bg,0,0,0
img_006176.jpg,AIDER_flood_image0132.jpg,v4,bg,0,0,0
img_006177.jpg,AIDER_flood_image0133.jpg,v4,bg,0,0,0
img_006178.jpg,AIDER_flood_image0134.jpg,v4,bg,0,0,0
img_006179.jpg,AIDER_flood_image0138.jpg,v4,bg,0,0,0
img_006180.jpg,AIDER_flood_image0144.jpg,v4,bg,0,0,22
img_006181.jpg,AIDER_flood_image0145.jpg,v4,bg,0,0,99
img_006182.jpg,AIDER_flood_image0149.jpg,v4,bg,0,0,0
img_006183.jpg,AIDER_flood_image0152.jpg,v4,bg,0,0,0
img_006184.jpg,AIDER_flood_image0153.jpg,v4,bg,0,0,0
img_006185.jpg,AIDER_flood_image0154.jpg,v4,bg,0,0,10
img_006186.jpg,AIDER_flood_image0155.jpg,v4,bg,0,0,52
img_006187.jpg,AIDER_flood_image0156.jpg,v4,bg,0,0,181
img_006188.jpg,AIDER_flood_image0157.jpg,v4,bg,0,0,0
img_006189.jpg,AIDER_flood_image0159.jpg,v4,bg,0,0,101
img_006190.jpg,AIDER_flood_image0161.jpg,v4,bg,0,0,0
img_006191.jpg,AIDER_flood_image0163.jpg,v4,bg,0,0,0
img_006192.jpg,AIDER_flood_image0164.jpg,v4,bg,0,0,0
img_006193.jpg,AIDER_flood_image0165.jpg,v4,bg,0,0,38
img_006194.jpg,AIDER_flood_image0169.jpg,v4,bg,0,0,208
img_006195.jpg,AIDER_flood_image0173.jpg,v4,bg,0,0,0
img_006196.jpg,AIDER_flood_image0176.jpg,v4,bg,0,0,0
img_006197.jpg,AIDER_flood_image0178.jpg,v4,bg,0,0,0
img_006198.jpg,AIDER_flood_image0179.jpg,v4,bg,0,0,0
img_006199.jpg,AIDER_flood_image0180.jpg,v4,bg,0,0,0
img_006200.jpg,AIDER_flood_image0182.jpg,v4,bg,0,0,0
img_006201.jpg,AIDER_flood_image0188.jpg,v4,bg,0,0,314
img_006202.jpg,AIDER_flood_image0191.jpg,v4,bg,0,0,0
img_006203.jpg,AIDER_flood_image0194.jpg,v4,bg,0,0,0
img_006204.jpg,AIDER_flood_image0205.jpg,v4,bg,0,0,2
img_006205.jpg,AIDER_flood_image0208.jpg,v4,bg,0,0,23
img_006206.jpg,AIDER_flood_image0210.jpg,v4,bg,0,0,74
img_006207.jpg,AIDER_flood_image0212.jpg,v4,bg,0,0,39
img_006208.jpg,AIDER_flood_image0217.jpg,v4,bg,0,0,21
img_006209.jpg,AIDER_flood_image0219.jpg,v4,bg,0,0,0
img_006210.jpg,AIDER_flood_image0220.jpg,v4,bg,0,0,0
img_006211.jpg,AIDER_flood_image0223.jpg,v4,bg,0,0,0
img_006212.jpg,AIDER_flood_image0225.jpg,v4,bg,0,0,101
img_006213.jpg,AIDER_flood_image0228.jpg,v4,bg,0,0,43
img_006214.jpg,AIDER_flood_image0229.jpg,v4,bg,0,0,0
img_006215.jpg,AIDER_flood_image0231.jpg,v4,bg,0,0,0
img_006216.jpg,AIDER_flood_image0237.jpg,v4,bg,0,0,88
img_006217.jpg,AIDER_flood_image0238.jpg,v4,bg,0,0,0
img_006218.jpg,AIDER_flood_image0239.jpg,v4,bg,0,0,0
img_006219.jpg,AIDER_flood_image0241.jpg,v4,bg,0,0,0
img_006220.jpg,AIDER_flood_image0243.jpg,v4,bg,0,0,311
img_006221.jpg,AIDER_flood_image0244.jpg,v4,bg,0,0,15
img_006222.jpg,AIDER_flood_image0245.jpg,v4,bg,0,0,0
img_006223.jpg,AIDER_flood_image0249.jpg,v4,bg,0,0,0
img_006224.jpg,AIDER_flood_image0250.jpg,v4,bg,0,0,0
img_006225.jpg,AIDER_flood_image0255.jpg,v4,bg,0,0,23
img_006226.jpg,AIDER_flood_image0257.jpg,v4,bg,0,0,35
img_006227.jpg,AIDER_flood_image0266.jpg,v4,bg,0,0,0
img_006228.jpg,AIDER_flood_image0268.jpg,v4,bg,0,0,0
img_006229.jpg,AIDER_flood_image0269.jpg,v4,bg,0,0,0
img_006230.jpg,AIDER_flood_image0278.jpg,v4,bg,0,0,202
img_006231.jpg,AIDER_flood_image0281.jpg,v4,bg,0,0,260
img_006232.jpg,AIDER_flood_image0284.jpg,v4,bg,0,0,135
img_006233.jpg,AIDER_flood_image0285.jpg,v4,bg,0,0,14
img_006234.jpg,AIDER_flood_image0286.jpg,v4,bg,0,0,0
img_006235.jpg,AIDER_flood_image0291.jpg,v4,bg,0,0,0
img_006236.jpg,AIDER_flood_image0292.jpg,v4,bg,0,0,0
img_006237.jpg,AIDER_flood_image0294.jpg,v4,bg,0,0,0
img_006238.jpg,AIDER_flood_image0295.jpg,v4,bg,0,0,0
img_006239.jpg,AIDER_flood_image0297.jpg,v4,bg,0,0,39
img_006240.jpg,AIDER_flood_image0299.jpg,v4,bg,0,0,0
img_006241.jpg,AIDER_flood_image0307.jpg,v4,bg,0,0,0
img_006242.jpg,AIDER_flood_image0309.jpg,v4,bg,0,0,0
img_006243.jpg,AIDER_flood_image0311.jpg,v4,bg,0,0,38
img_006244.jpg,AIDER_flood_image0316.jpg,v4,bg,0,0,0
img_006245.jpg,AIDER_flood_image0325.jpg,v4,bg,0,0,106
img_006246.jpg,AIDER_flood_image0326.jpg,v4,bg,0,0,0
img_006247.jpg,AIDER_flood_image0327.jpg,v4,bg,0,0,0
img_006248.jpg,AIDER_flood_image0329.jpg,v4,bg,0,0,0
img_006249.jpg,AIDER_flood_image0332.jpg,v4,bg,0,0,6
img_006250.jpg,AIDER_flood_image0337.jpg,v4,bg,0,0,0
img_006251.jpg,AIDER_flood_image0338.jpg,v4,bg,0,0,405
img_006252.jpg,AIDER_flood_image0341.jpg,v4,bg,0,0,0
img_006253.jpg,AIDER_flood_image0342.jpg,v4,bg,0,0,0
img_006254.jpg,AIDER_flood_image0343.jpg,v4,bg,0,0,0
img_006255.jpg,AIDER_flood_image0347.jpg,v4,bg,0,0,115
img_006256.jpg,AIDER_flood_image0348.jpg,v4,bg,0,0,0
img_006257.jpg,AIDER_flood_image0350.jpg,v4,bg,0,0,0
img_006258.jpg,AIDER_flood_image0351.jpg,v4,bg,0,0,0
img_006259.jpg,AIDER_flood_image0352.jpg,v4,bg,0,0,0
img_006260.jpg,AIDER_flood_image0355.jpg,v4,bg,0,0,115
img_006261.jpg,AIDER_flood_image0357.jpg,v4,bg,0,0,0
img_006262.jpg,AIDER_flood_image0358.jpg,v4,bg,0,0,190
img_006263.jpg,AIDER_flood_image0359.jpg,v4,bg,0,0,11
img_006264.jpg,AIDER_flood_image0362.jpg,v4,bg,0,0,104
img_006265.jpg,AIDER_flood_image0363.jpg,v4,bg,0,0,0
img_006266.jpg,AIDER_flood_image0365.jpg,v4,bg,0,0,0
img_006267.jpg,AIDER_flood_image0372.jpg,v4,bg,0,0,0
img_006268.jpg,AIDER_flood_image0375.jpg,v4,bg,0,0,22
img_006269.jpg,AIDER_flood_image0381.jpg,v4,bg,0,0,0
img_006270.jpg,AIDER_flood_image0386.jpg,v4,bg,0,0,0
img_006271.jpg,AIDER_flood_image0388.jpg,v4,bg,0,0,84
img_006272.jpg,AIDER_flood_image0391.jpg,v4,bg,0,0,0
img_006273.jpg,AIDER_flood_image0393.jpg,v4,bg,0,0,0
img_006274.jpg,AIDER_flood_image0402.jpg,v4,bg,0,0,0
img_006275.jpg,AIDER_flood_image0407.jpg,v4,bg,0,0,0
img_006276.jpg,AIDER_flood_image0416.jpg,v4,bg,0,0,0
img_006277.jpg,AIDER_flood_image0417.jpg,v4,bg,0,0,0
img_006278.jpg,AIDER_flood_image0421.jpg,v4,bg,0,0,0
img_006279.jpg,AIDER_flood_image0422.jpg,v4,bg,0,0,0
img_006280.jpg,AIDER_flood_image0424.jpg,v4,bg,0,0,11
img_006281.jpg,AIDER_flood_image0427.jpg,v4,bg,0,0,25
img_006282.jpg,AIDER_flood_image0432.jpg,v4,bg,0,0,0
img_006283.jpg,AIDER_flood_image0436.jpg,v4,bg,0,0,0
img_006284.jpg,AIDER_flood_image0437.jpg,v4,bg,0,0,12
img_006285.jpg,AIDER_flood_image0440.jpg,v4,bg,0,0,57
img_006286.jpg,AIDER_flood_image0447.jpg,v4,bg,0,0,0
img_006287.jpg,AIDER_flood_image0449.jpg,v4,bg,0,0,0
img_006288.jpg,AIDER_flood_image0461.jpg,v4,bg,0,0,0
img_006289.jpg,AIDER_flood_image0462.jpg,v4,bg,0,0,106
img_006290.jpg,AIDER_flood_image0463.jpg,v4,bg,0,0,12
img_006291.jpg,AIDER_flood_image0464.jpg,v4,bg,0,0,125
img_006292.jpg,AIDER_flood_image0465.jpg,v4,bg,0,0,0
img_006293.jpg,AIDER_flood_image0468.jpg,v4,bg,0,0,251
img_006294.jpg,AIDER_flood_image0469.jpg,v4,bg,0,0,163
img_006295.jpg,AIDER_flood_image0470.jpg,v4,bg,0,0,74
img_006296.jpg,AIDER_flood_image0471.jpg,v4,bg,0,0,63
img_006297.jpg,AIDER_flood_image0473.jpg,v4,bg,0,0,88
img_006298.jpg,AIDER_flood_image0478.jpg,v4,bg,0,0,20
img_006299.jpg,AIDER_flood_image0480.jpg,v4,bg,0,0,0
img_006300.jpg,AIDER_flood_image0482.jpg,v4,bg,0,0,0
img_006301.jpg,AIDER_flood_image0483.jpg,v4,bg,0,0,0
img_006302.jpg,AIDER_flood_image0487.jpg,v4,bg,0,0,0
img_006303.jpg,AIDER_flood_image0491.jpg,v4,bg,0,0,0
img_006304.jpg,AIDER_flood_image0492.jpg,v4,bg,0,0,0
img_006305.jpg,AIDER_flood_image0493.jpg,v4,bg,0,0,0
img_006306.jpg,AIDER_flood_image0496.jpg,v4,bg,0,0,0
img_006307.jpg,AIDER_flood_image0505.jpg,v4,bg,0,0,0
img_006308.jpg,AIDER_flood_image0507.jpg,v4,bg,0,0,0
img_006309.jpg,AIDER_flood_image0508.jpg,v4,bg,0,0,0
img_006310.jpg,AIDER_flood_image0510.jpg,v4,bg,0,0,0
img_006311.jpg,AIDER_flood_image0512.jpg,v4,bg,0,0,0
img_006312.jpg,AIDER_flood_image0515.jpg,v4,bg,0,0,0
img_006313.jpg,AIDER_flood_image0519.jpg,v4,bg,0,0,362
img_006314.jpg,AIDER_flood_image0521.jpg,v4,bg,0,0,0
img_006315.jpg,AIDER_flood_image0524.jpg,v4,bg,0,0,0
img_006316.jpg,ALLEY_3142_6884_5650.jpg,v4,bg,0,0,218
img_006317.jpg,ALLEY_3cbf55ff-d524-461d-bf40-fa489285474d.jpg,v4,bg,0,0,35
img_006318.jpg,ALLEY____________9__1.jpg,v4,bg,0,0,28
img_006319.jpg,ALLEY_images_-_2025-01-28T151207.888.jpg,v4,bg,0,0,51
img_006320.jpg,ALLEY_images_-_2025-01-28T163948.667.jpg,v4,bg,0,0,135
img_006321.jpg,ALLEY_images__46_.jpg,v4,bg,0,0,9
img_006322.jpg,ERA_Flood_002.png,v4,bg,0,0,179
img_006323.jpg,ERA_Flood_002_1.png,v4,bg,0,0,0
img_006324.jpg,ERA_Flood_003.png,v4,bg,0,0,0
img_006325.jpg,ERA_Flood_004_1.png,v4,bg,0,0,19
img_006326.jpg,ERA_Flood_005.png,v4,bg,0,0,640
img_006327.jpg,ERA_Flood_005_1.png,v4,bg,0,0,0
img_006328.jpg,ERA_Flood_006.png,v4,bg,0,0,97
img_006329.jpg,ERA_Flood_006_1.png,v4,bg,0,0,62
img_006330.jpg,ERA_Flood_007.png,v4,bg,0,0,0
img_006331.jpg,ERA_Flood_007_1.png,v4,bg,0,0,0
img_006332.jpg,ERA_Flood_008.png,v4,bg,0,0,130
img_006333.jpg,ERA_Flood_010_1.png,v4,bg,0,0,129
img_006334.jpg,ERA_Flood_014_1.png,v4,bg,0,0,3
img_006335.jpg,ERA_Flood_020.png,v4,bg,0,0,0
img_006336.jpg,ERA_Flood_024.png,v4,bg,0,0,0
img_006337.jpg,ERA_Flood_025_1.png,v4,bg,0,0,0
img_006338.jpg,ERA_Flood_026_1.png,v4,bg,0,0,193
img_006339.jpg,ERA_Flood_027.png,v4,bg,0,0,599
img_006340.jpg,ERA_Flood_027_1.png,v4,bg,0,0,0
img_006341.jpg,ERA_Flood_028.png,v4,bg,0,0,86
img_006342.jpg,ERA_Flood_028_1.png,v4,bg,0,0,0
img_006343.jpg,ERA_Flood_029.png,v4,bg,0,0,0
img_006344.jpg,ERA_Flood_031.png,v4,bg,0,0,0
img_006345.jpg,ERA_Flood_032.png,v4,bg,0,0,0
img_006346.jpg,ERA_Flood_034_1.png,v4,bg,0,0,0
img_006347.jpg,ERA_Flood_036_1.png,v4,bg,0,0,0
img_006348.jpg,ERA_Flood_037.png,v4,bg,0,0,209
img_006349.jpg,ERA_Flood_039_1.png,v4,bg,0,0,0
img_006350.jpg,ERA_Flood_040.png,v4,bg,0,0,58
img_006351.jpg,ERA_Flood_042.png,v4,bg,0,0,129
img_006352.jpg,ERA_Flood_042_1.png,v4,bg,0,0,304
img_006353.jpg,ERA_Flood_043_1.png,v4,bg,0,0,13
img_006354.jpg,ERA_Flood_044.png,v4,bg,0,0,20
img_006355.jpg,ERA_Flood_044_1.png,v4,bg,0,0,0
img_006356.jpg,ERA_Flood_047_1.png,v4,bg,0,0,0
img_006357.jpg,ERA_Flood_049_1.png,v4,bg,0,0,73
img_006358.jpg,ERA_Flood_051.png,v4,bg,0,0,77
img_006359.jpg,ERA_Landslide_001.png,v4,bg,0,0,0
img_006360.jpg,ERA_Landslide_001_1.png,v4,bg,0,0,144
img_006361.jpg,ERA_Landslide_003_1.png,v4,bg,0,0,213
img_006362.jpg,ERA_Landslide_006_1.png,v4,bg,0,0,0
img_006363.jpg,ERA_Landslide_010_1.png,v4,bg,0,0,0
img_006364.jpg,ERA_Landslide_011.png,v4,bg,0,0,0
img_006365.jpg,ERA_Landslide_013.png,v4,bg,0,0,0
img_006366.jpg,ERA_Landslide_014_1.png,v4,bg,0,0,0
img_006367.jpg,ERA_Landslide_016_1.png,v4,bg,0,0,0
img_006368.jpg,ERA_Landslide_018.png,v4,bg,0,0,0
img_006369.jpg,ERA_Landslide_018_1.png,v4,bg,0,0,28
img_006370.jpg,ERA_Landslide_019.png,v4,bg,0,0,0
img_006371.jpg,ERA_Landslide_019_1.png,v4,bg,0,0,0
img_006372.jpg,ERA_Landslide_021.png,v4,bg,0,0,181
img_006373.jpg,ERA_Landslide_023_1.png,v4,bg,0,0,0
img_006374.jpg,ERA_Landslide_025.png,v4,bg,0,0,86
img_006375.jpg,ERA_Landslide_027.png,v4,bg,0,0,257
img_006376.jpg,ERA_Landslide_028_1.png,v4,bg,0,0,0
img_006377.jpg,ERA_Landslide_029_1.png,v4,bg,0,0,0
img_006378.jpg,ERA_Landslide_030_1.png,v4,bg,0,0,0
img_006379.jpg,ERA_Landslide_033.png,v4,bg,0,0,0
img_006380.jpg,ERA_Landslide_035_1.png,v4,bg,0,0,0
img_006381.jpg,ERA_Landslide_036.png,v4,bg,0,0,33
img_006382.jpg,ERA_Landslide_036_1.png,v4,bg,0,0,0
img_006383.jpg,ERA_Landslide_037_1.png,v4,bg,0,0,108
img_006384.jpg,ERA_Landslide_039.png,v4,bg,0,0,229
img_006385.jpg,ERA_Landslide_040.png,v4,bg,0,0,0
img_006386.jpg,ERA_Landslide_043_1.png,v4,bg,0,0,84
img_006387.jpg,ERA_Landslide_046.png,v4,bg,0,0,41
img_006388.jpg,ERA_Landslide_048.png,v4,bg,0,0,0
img_006389.jpg,ERA_Landslide_049_1.png,v4,bg,0,0,0
img_006390.jpg,ERA_Mudslide_001_1.png,v4,bg,0,0,0
img_006391.jpg,ERA_Mudslide_003_1.png,v4,bg,0,0,0
img_006392.jpg,ERA_Mudslide_005_1.png,v4,bg,0,0,0
img_006393.jpg,ERA_Mudslide_006.png,v4,bg,0,0,0
img_006394.jpg,ERA_Mudslide_006_1.png,v4,bg,0,0,0
img_006395.jpg,ERA_Mudslide_007_1.png,v4,bg,0,0,0
img_006396.jpg,ERA_Mudslide_009_1.png,v4,bg,0,0,0
img_006397.jpg,ERA_Mudslide_011.png,v4,bg,0,0,0
img_006398.jpg,ERA_Mudslide_011_1.png,v4,bg,0,0,0
img_006399.jpg,ERA_Mudslide_012_1.png,v4,bg,0,0,0
img_006400.jpg,ERA_Mudslide_014.png,v4,bg,0,0,0
img_006401.jpg,ERA_Mudslide_015.png,v4,bg,0,0,0
img_006402.jpg,ERA_Mudslide_016.png,v4,bg,0,0,0
img_006403.jpg,ERA_Mudslide_019.png,v4,bg,0,0,0
img_006404.jpg,ERA_Mudslide_020.png,v4,bg,0,0,0
img_006405.jpg,ERA_Mudslide_021_1.png,v4,bg,0,0,0
img_006406.jpg,ERA_Mudslide_025.png,v4,bg,0,0,110
img_006407.jpg,ERA_Mudslide_026.png,v4,bg,0,0,44
img_006408.jpg,ERA_Mudslide_027_1.png,v4,bg,0,0,0
img_006409.jpg,ERA_Mudslide_031.png,v4,bg,0,0,175
img_006410.jpg,ERA_Mudslide_031_1.png,v4,bg,0,0,0
img_006411.jpg,ERA_Mudslide_033.png,v4,bg,0,0,0
img_006412.jpg,ERA_Mudslide_035_1.png,v4,bg,0,0,0
img_006413.jpg,ERA_Mudslide_037.png,v4,bg,0,0,0
img_006414.jpg,ERA_Mudslide_039_1.png,v4,bg,0,0,135
img_006415.jpg,ERA_Mudslide_040.png,v4,bg,0,0,0
img_006416.jpg,ERA_Mudslide_041.png,v4,bg,0,0,20
img_006417.jpg,ERA_Mudslide_043.png,v4,bg,0,0,0
img_006418.jpg,ERA_Mudslide_043_1.png,v4,bg,0,0,18
img_006419.jpg,ERA_Mudslide_044.png,v4,bg,0,0,0
img_006420.jpg,ERA_Mudslide_048_1.png,v4,bg,0,0,0
img_006421.jpg,ERA_Mudslide_049_1.png,v4,bg,0,0,0
img_006422.jpg,ERA_Mudslide_053.png,v4,bg,0,0,0
img_006423.jpg,ERA_Mudslide_054.png,v4,bg,0,0,154
img_006424.jpg,KAGGLE_1008.jpg,v4,bg,0,0,0
img_006425.jpg,KAGGLE_1009.jpg,v4,bg,0,0,0
img_006426.jpg,KAGGLE_1010.jpg,v4,bg,0,0,247
img_006427.jpg,KAGGLE_1011.jpg,v4,bg,0,0,25
img_006428.jpg,KAGGLE_1014.jpg,v4,bg,0,0,186
img_006429.jpg,KAGGLE_1016.jpg,v4,bg,0,0,207
img_006430.jpg,KAGGLE_1017.jpg,v4,bg,0,0,81
img_006431.jpg,KAGGLE_1019.jpg,v4,bg,0,0,122
img_006432.jpg,KAGGLE_1022.jpg,v4,bg,0,0,16
img_006433.jpg,KAGGLE_1034.jpg,v4,bg,0,0,0
img_006434.jpg,KAGGLE_1045.jpg,v4,bg,0,0,193
img_006435.jpg,KAGGLE_1051.jpg,v4,bg,0,0,0
img_006436.jpg,KAGGLE_1052.jpg,v4,bg,0,0,106
img_006437.jpg,KAGGLE_1053.jpg,v4,bg,0,0,36
img_006438.jpg,KAGGLE_1056.jpg,v4,bg,0,0,248
img_006439.jpg,KAGGLE_1062.jpg,v4,bg,0,0,300
img_006440.jpg,KAGGLE_1064.jpg,v4,bg,0,0,0
img_006441.jpg,KAGGLE_1070.jpg,v4,bg,0,0,0
img_006442.jpg,KAGGLE_1071.jpg,v4,bg,0,0,185
img_006443.jpg,KAGGLE_1072.jpg,v4,bg,0,0,98
img_006444.jpg,KAGGLE_1073.jpg,v4,bg,0,0,31
img_006445.jpg,KAGGLE_1076.jpg,v4,bg,0,0,0
img_006446.jpg,KAGGLE_1082.jpg,v4,bg,0,0,181
img_006447.jpg,KAGGLE_1084.jpg,v4,bg,0,0,120
img_006448.jpg,KAGGLE_1085.jpg,v4,bg,0,0,44
img_006449.jpg,KAGGLE_13.jpg,v4,bg,0,0,231
img_006450.jpg,KAGGLE_15.jpg,v4,bg,0,0,34
img_006451.jpg,KAGGLE_2005.jpg,v4,bg,0,0,0
img_006452.jpg,KAGGLE_2006.jpg,v4,bg,0,0,0
img_006453.jpg,KAGGLE_2008.jpg,v4,bg,0,0,75
img_006454.jpg,KAGGLE_2011.jpg,v4,bg,0,0,0
img_006455.jpg,KAGGLE_2012.jpg,v4,bg,0,0,42
img_006456.jpg,KAGGLE_2013.jpg,v4,bg,0,0,45
img_006457.jpg,KAGGLE_2014.jpg,v4,bg,0,0,105
img_006458.jpg,KAGGLE_2017.jpg,v4,bg,0,0,25
img_006459.jpg,KAGGLE_2020.jpg,v4,bg,0,0,0
img_006460.jpg,KAGGLE_2023.jpg,v4,bg,0,0,0
img_006461.jpg,KAGGLE_2025.jpg,v4,bg,0,0,0
img_006462.jpg,KAGGLE_2028.jpg,v4,bg,0,0,341
img_006463.jpg,KAGGLE_2030.jpg,v4,bg,0,0,0
img_006464.jpg,KAGGLE_2031.jpg,v4,bg,0,0,0
img_006465.jpg,KAGGLE_2037.jpg,v4,bg,0,0,0
img_006466.jpg,KAGGLE_2038.jpg,v4,bg,0,0,67
img_006467.jpg,KAGGLE_2041.jpg,v4,bg,0,0,225
img_006468.jpg,KAGGLE_2045.jpg,v4,bg,0,0,0
img_006469.jpg,KAGGLE_2048.jpg,v4,bg,0,0,0
img_006470.jpg,KAGGLE_2053.jpg,v4,bg,0,0,0
img_006471.jpg,KAGGLE_22.jpg,v4,bg,0,0,314
img_006472.jpg,KAGGLE_23.jpg,v4,bg,0,0,112
img_006473.jpg,KAGGLE_25.jpg,v4,bg,0,0,0
img_006474.jpg,KAGGLE_3000.jpg,v4,bg,0,0,33
img_006475.jpg,KAGGLE_3006.jpg,v4,bg,0,0,0
img_006476.jpg,KAGGLE_3007.jpg,v4,bg,0,0,0
img_006477.jpg,KAGGLE_3009.jpg,v4,bg,0,0,579
img_006478.jpg,KAGGLE_3014.jpg,v4,bg,0,0,18
img_006479.jpg,KAGGLE_3018.jpg,v4,bg,0,0,4
img_006480.jpg,KAGGLE_3021.jpg,v4,bg,0,0,105
img_006481.jpg,KAGGLE_3023.jpg,v4,bg,0,0,227
img_006482.jpg,KAGGLE_3024.jpg,v4,bg,0,0,217
img_006483.jpg,KAGGLE_3026.jpg,v4,bg,0,0,79
img_006484.jpg,KAGGLE_3030.jpg,v4,bg,0,0,539
img_006485.jpg,KAGGLE_3032.jpg,v4,bg,0,0,499
img_006486.jpg,KAGGLE_3034.jpg,v4,bg,0,0,42
img_006487.jpg,KAGGLE_3035.jpg,v4,bg,0,0,0
img_006488.jpg,KAGGLE_3037.jpg,v4,bg,0,0,0
img_006489.jpg,KAGGLE_3041.jpg,v4,bg,0,0,0
img_006490.jpg,KAGGLE_3042.jpg,v4,bg,0,0,94
img_006491.jpg,KAGGLE_3048.jpg,v4,bg,0,0,9
img_006492.jpg,KAGGLE_3049.jpg,v4,bg,0,0,0
img_006493.jpg,KAGGLE_3051.jpg,v4,bg,0,0,0
img_006494.jpg,KAGGLE_3054.jpg,v4,bg,0,0,30
img_006495.jpg,KAGGLE_3056.jpg,v4,bg,0,0,106
img_006496.jpg,KAGGLE_3061.jpg,v4,bg,0,0,82
img_006497.jpg,KAGGLE_3069.jpg,v4,bg,0,0,0
img_006498.jpg,KAGGLE_3070.jpg,v4,bg,0,0,33
img_006499.jpg,KAGGLE_3073.jpg,v4,bg,0,0,0
img_006500.jpg,KAGGLE_3075.jpg,v4,bg,0,0,0
img_006501.jpg,KAGGLE_3078.jpg,v4,bg,0,0,0
img_006502.jpg,KAGGLE_3087.jpg,v4,bg,0,0,0
img_006503.jpg,KAGGLE_3094.jpg,v4,bg,0,0,15
img_006504.jpg,KAGGLE_3097.jpg,v4,bg,0,0,0
img_006505.jpg,KAGGLE_3098.jpg,v4,bg,0,0,0
img_006506.jpg,KAGGLE_31.jpg,v4,bg,0,0,0
img_006507.jpg,KAGGLE_36.jpg,v4,bg,0,0,65
img_006508.jpg,KAGGLE_48.jpg,v4,bg,0,0,6
img_006509.jpg,KAGGLE_6.jpg,v4,bg,0,0,0
img_006510.jpg,ROBOFLOW_13-06-2023_12-28-15_REC_png_jpg.rf.8bfe785d60fe44471dbb4cc734e0e5d2.jpg,v4,bg,0,0,0
img_006511.jpg,ROBOFLOW_13-06-2023_12-30-47_REC_png_jpg.rf.d708547d01afe5a3e990b3d1af991e2f.jpg,v4,bg,0,0,512
img_006512.jpg,ROBOFLOW_13-06-2023_12-32-03_REC_png_jpg.rf.0ba23eb1483f6c304f9eeead4e340709.jpg,v4,bg,0,0,66
img_006513.jpg,ROBOFLOW_13-06-2023_12-35-59_REC_png_jpg.rf.e1f123d925314f98a037c5a9b09a8c86.jpg,v4,bg,0,0,0
img_006514.jpg,ROBOFLOW_13-06-2023_12-36-17_REC_png_jpg.rf.b1a04e41fcd73536c8281590371febf6.jpg,v4,bg,0,0,0
img_006515.jpg,ROBOFLOW_13-06-2023_12-37-01_REC_png_jpg.rf.29c678bbd5ed716eb696d95f1fb2b269.jpg,v4,bg,0,0,142
img_006516.jpg,ROBOFLOW_13-06-2023_12-37-53_REC_png_jpg.rf.44b20d4c4a238fb4badfc244a8255dc3.jpg,v4,bg,0,0,154
img_006517.jpg,ROBOFLOW_13-06-2023_12-38-40_REC_png_jpg.rf.4c7037d22972163371c4b2141868d68c.jpg,v4,bg,0,0,75
img_006518.jpg,ROBOFLOW_13-06-2023_12-38-58_REC_png_jpg.rf.57d6133ef470a006a019c7b80db82602.jpg,v4,bg,0,0,245
img_006519.jpg,ROBOFLOW_13-06-2023_12-40-08_REC_png_jpg.rf.9e5a3c98accd9b7e060aef64090d109f.jpg,v4,bg,0,0,46
img_006520.jpg,ROBOFLOW_13-06-2023_12-41-06_REC_png_jpg.rf.7ed6f110443551df602ba0a4459aec59.jpg,v4,bg,0,0,58
img_006521.jpg,ROBOFLOW_13-06-2023_12-42-16_REC_png_jpg.rf.5d43d4c014cb4150977d417440543544.jpg,v4,bg,0,0,8
img_006522.jpg,ROBOFLOW_13-06-2023_12-42-32_REC_png_jpg.rf.fe743fdad6f78057905ca5f2585c833a.jpg,v4,bg,0,0,0
img_006523.jpg,ROBOFLOW_13-06-2023_12-43-54_REC_png_jpg.rf.ed39cef7f2272cadeec3bc8bd6f52c31.jpg,v4,bg,0,0,0
img_006524.jpg,ROBOFLOW_13-06-2023_12-45-15_REC_png_jpg.rf.934dc563a45975e69060b894af39237b.jpg,v4,bg,0,0,0
img_006525.jpg,ROBOFLOW_13-06-2023_12-47-42_REC_png_jpg.rf.f310ed404b49665044b8ed8ecb3cab97.jpg,v4,bg,0,0,65
img_006526.jpg,ROBOFLOW_13-06-2023_12-48-14_REC_png_jpg.rf.fabd5c5c9e2acc23a0bf4c1a6537e059.jpg,v4,bg,0,0,69
img_006527.jpg,ROBOFLOW_13-06-2023_12-50-25_REC_png_jpg.rf.cf409f1d5a5b86feeac084978cef086a.jpg,v4,bg,0,0,214
img_006528.jpg,ROBOFLOW_13-06-2023_12-51-01_REC_png_jpg.rf.0b98b53633a386e434eeb42fe35458f9.jpg,v4,bg,0,0,0
img_006529.jpg,ROBOFLOW_13-06-2023_12-52-12_REC_png_jpg.rf.763a58a94780d4a24ee613fe692711bc.jpg,v4,bg,0,0,115
img_006530.jpg,ROBOFLOW_13-06-2023_12-59-16_REC_png_jpg.rf.ab46b4d7b085eb134444efe5b1ac739b.jpg,v4,bg,0,0,24
img_006531.jpg,ROBOFLOW_13-06-2023_13-01-33_REC_png_jpg.rf.e1b516fe6d5c4a8d2b1567e86d26dfa8.jpg,v4,bg,0,0,28
img_006532.jpg,ROBOFLOW_13-06-2023_13-03-33_REC_png_jpg.rf.baccc7e200da31ca2a14356dcede8de0.jpg,v4,bg,0,0,0
img_006533.jpg,ROBOFLOW_13-06-2023_13-03-58_REC_png_jpg.rf.05d1ca8bc0aa00055db8b8dcc9a10573.jpg,v4,bg,0,0,84
img_006534.jpg,ROBOFLOW_13-06-2023_13-05-03_REC_png_jpg.rf.c2b00d08dfca26772b8132acbe3396b8.jpg,v4,bg,0,0,119
img_006535.jpg,ROBOFLOW_13-06-2023_13-05-51_REC_png_jpg.rf.cd626e4f3e66840ed548d52a29e6c75d.jpg,v4,bg,0,0,0
img_006536.jpg,ROBOFLOW_13-06-2023_13-07-37_REC_png_jpg.rf.7e48e994dc2202fd57bdba10bb6f243b.jpg,v4,bg,0,0,63
img_006537.jpg,ROBOFLOW_13-06-2023_13-07-50_REC_png_jpg.rf.a2ca6625bb82f08fd21fa6f2a6adc7f3.jpg,v4,bg,0,0,50
img_006538.jpg,ROBOFLOW_13-06-2023_13-09-04_REC_png_jpg.rf.c6f70d12941620fcef26e03bb0743d6e.jpg,v4,bg,0,0,67
img_006539.jpg,ROBOFLOW_13-06-2023_13-09-39_REC_png_jpg.rf.1ae2e4d9ace2bcc674b141f33aa94952.jpg,v4,bg,0,0,0
img_006540.jpg,ROBOFLOW_13-06-2023_13-10-00_REC_png_jpg.rf.b5861f94ee1bc9041bd2f976e147a1d3.jpg,v4,bg,0,0,97
img_006541.jpg,ROBOFLOW_13-06-2023_13-10-21_REC_png_jpg.rf.8751f439fe7337b808ae27b32e43def5.jpg,v4,bg,0,0,0
img_006542.jpg,ROBOFLOW_13-06-2023_13-10-49_REC_png_jpg.rf.5105f1fb76cf8aff18c3af3c164fe21c.jpg,v4,bg,0,0,15
img_006543.jpg,ROBOFLOW_13-06-2023_14-24-00_REC_png_jpg.rf.9140f48960f66df9e96af50d7ce8c9f1.jpg,v4,bg,0,0,512
img_006544.jpg,ROBOFLOW_13-06-2023_14-27-47_REC_png_jpg.rf.a51ef80ae2e81329470f68c784c45125.jpg,v4,bg,0,0,0
img_006545.jpg,ROBOFLOW_13-06-2023_14-28-18_REC_png_jpg.rf.3452a242299b2f89dec63061cf8d10db.jpg,v4,bg,0,0,0
img_006546.jpg,ROBOFLOW_13-06-2023_14-28-42_REC_png_jpg.rf.c74019946048a41f06c1d753fd4e19e0.jpg,v4,bg,0,0,0
img_006547.jpg,ROBOFLOW_13-06-2023_14-30-24_REC_png_jpg.rf.41d11d89bc021fdcc54a7e31bb691911.jpg,v4,bg,0,0,21
img_006548.jpg,ROBOFLOW_13-06-2023_14-30-53_REC_png_jpg.rf.11d1f0c2e7f7205d80b9f52233417d31.jpg,v4,bg,0,0,0
img_006549.jpg,ROBOFLOW_13-06-2023_14-33-17_REC_png_jpg.rf.6d6a0b597f30d440056cbf9f45264778.jpg,v4,bg,0,0,0
img_006550.jpg,ROBOFLOW_13-06-2023_14-34-25_REC_png_jpg.rf.fa1fd5031ce621a1d6d0ddf484fea705.jpg,v4,bg,0,0,373
img_006551.jpg,ROBOFLOW_13-06-2023_14-34-50_REC_png_jpg.rf.1d189bed4a9062e9b8d765257e879708.jpg,v4,bg,0,0,33
img_006552.jpg,ROBOFLOW_13-06-2023_14-35-21_REC_png_jpg.rf.c5d03886f843f7db11f2641b7ce6d5c8.jpg,v4,bg,0,0,0
img_006553.jpg,ROBOFLOW_13-06-2023_14-35-33_REC_png_jpg.rf.2a045bdc50ad79c73eaf1cc88e21e5fe.jpg,v4,bg,0,0,0
img_006554.jpg,ROBOFLOW_13-06-2023_14-35-48_REC_png_jpg.rf.01334c77570698229c7a7aa17a3dc81a.jpg,v4,bg,0,0,0
img_006555.jpg,ROBOFLOW_13-06-2023_14-36-15_REC_png_jpg.rf.b287205d1f6689397fafbed519fe12cd.jpg,v4,bg,0,0,0
img_006556.jpg,ROBOFLOW_13-06-2023_14-36-40_REC_png_jpg.rf.76cb70e50ddea091601ecb2aed4d755f.jpg,v4,bg,0,0,0
img_006557.jpg,ROBOFLOW_13-06-2023_14-36-55_REC_png_jpg.rf.c39db750fd25f62f033d2ada8f22ce6f.jpg,v4,bg,0,0,3
img_006558.jpg,ROBOFLOW_13-06-2023_14-38-46_REC_png_jpg.rf.f38963cb8634352079b7daea02862bdb.jpg,v4,bg,0,0,0
img_006559.jpg,ROBOFLOW_13-06-2023_14-39-56_REC_png_jpg.rf.22f65ecddccd6b24519bd546a3f4b1b0.jpg,v4,bg,0,0,0
img_006560.jpg,ROBOFLOW_13-06-2023_14-40-26_REC_png_jpg.rf.78e9cf8a0691ff3105a4eefe2e11dd60.jpg,v4,bg,0,0,104
img_006561.jpg,ROBOFLOW_13-06-2023_14-42-24_REC_png_jpg.rf.3696a79df84529d988f152df5ef03d1a.jpg,v4,bg,0,0,0
img_006562.jpg,ROBOFLOW_13-06-2023_14-43-26_REC_png_jpg.rf.0dd65216257e00f80a14bf12b1002042.jpg,v4,bg,0,0,0
img_006563.jpg,ROBOFLOW_13-06-2023_14-43-52_REC_png_jpg.rf.6bddb4239398f8d98fe099ee407a42a2.jpg,v4,bg,0,0,0
img_006564.jpg,ROBOFLOW_13-06-2023_14-44-12_REC_png_jpg.rf.61011574623d5c859642baa505666081.jpg,v4,bg,0,0,0
img_006565.jpg,ROBOFLOW_13-06-2023_14-45-08_REC_png_jpg.rf.04daf3de5756a1997110a0fae20e1ee8.jpg,v4,bg,0,0,0
img_006566.jpg,ROBOFLOW_13-06-2023_14-46-37_REC_png_jpg.rf.f07281c0c46efbb6ea325f2a59d78912.jpg,v4,bg,0,0,0
img_006567.jpg,ROBOFLOW_13-06-2023_14-49-40_REC_png_jpg.rf.03be6bb1d1f3c77ed53d3f6c44793e42.jpg,v4,bg,0,0,11
img_006568.jpg,ROBOFLOW_13-06-2023_14-52-00_REC_png_jpg.rf.723a0a360aca66eb952fae358d430686.jpg,v4,bg,0,0,0
img_006569.jpg,ROBOFLOW_13-06-2023_14-52-15_REC_png_jpg.rf.fe2a236c08ca4a1cca2952efad0b0cf7.jpg,v4,bg,0,0,0
img_006570.jpg,ROBOFLOW_13-06-2023_14-53-31_REC_png_jpg.rf.5ad2cb275f6cf102dba8d62fb3a4a643.jpg,v4,bg,0,0,0
img_006571.jpg,ROBOFLOW_13-06-2023_14-56-58_REC_png_jpg.rf.fcc32d940c8791c6440e213c62aeb6a3.jpg,v4,bg,0,0,0
img_006572.jpg,ROBOFLOW_13-06-2023_14-58-26_REC_png_jpg.rf.6b440035ac21e67e0982863f7268908d.jpg,v4,bg,0,0,0
img_006573.jpg,ROBOFLOW_13-06-2023_14-58-50_REC_png_jpg.rf.eb3e525cfc5b5caef737699087d28574.jpg,v4,bg,0,0,0
img_006574.jpg,ROBOFLOW_13-06-2023_14-59-48_REC_png_jpg.rf.906d387c4bbb68361ee0d7fafdb3c829.jpg,v4,bg,0,0,0
img_006575.jpg,ROBOFLOW_13-06-2023_15-00-44_REC_png_jpg.rf.22aaa8288e460def9d3c8d345c11eca0.jpg,v4,bg,0,0,223
img_006576.jpg,ROBOFLOW_13-06-2023_15-01-02_REC_png_jpg.rf.91250abd6c651a7a401325db3b7f25f0.jpg,v4,bg,0,0,33
img_006577.jpg,ROBOFLOW_13-06-2023_15-02-20_REC_png_jpg.rf.3cf8ad08fb6d370d49162166420145f0.jpg,v4,bg,0,0,41
img_006578.jpg,ROBOFLOW_13-06-2023_15-02-51_REC_png_jpg.rf.4d8d1e52944f75f5ad7aed1cc17c5685.jpg,v4,bg,0,0,7
img_006579.jpg,ROBOFLOW_13-06-2023_15-04-22_REC_png_jpg.rf.c4cdc2673d3245186e2aa0f6de93d770.jpg,v4,bg,0,0,350
img_006580.jpg,ROBOFLOW_13-06-2023_15-04-32_REC_png_jpg.rf.8e600523ca5647bda8d6ee3b8512013a.jpg,v4,bg,0,0,0
img_006581.jpg,ROBOFLOW_13-06-2023_15-04-44_REC_png_jpg.rf.cd8544145702d906cab465e057405c80.jpg,v4,bg,0,0,79
img_006582.jpg,ROBOFLOW_13-06-2023_15-09-18_REC_png_jpg.rf.0eeb1af3771f13c91ef5c75ee289c683.jpg,v4,bg,0,0,0
img_006583.jpg,ROBOFLOW_13-06-2023_15-11-04_REC_png_jpg.rf.e7bbbeb601a3921be95769d4c720a672.jpg,v4,bg,0,0,0
img_006584.jpg,ROBOFLOW_13-06-2023_15-11-16_REC_png_jpg.rf.66c4c66510137ba5a7cbb2c0b1904592.jpg,v4,bg,0,0,0
img_006585.jpg,ROBOFLOW_13-06-2023_15-13-14_REC_png_jpg.rf.e5e171c383db9e996b1c8365dd15ec4e.jpg,v4,bg,0,0,0
img_006586.jpg,ROBOFLOW_13-06-2023_15-18-14_REC_png_jpg.rf.d8fd25d9c7517854ea452ea6ea089a67.jpg,v4,bg,0,0,210
img_006587.jpg,ROBOFLOW_13-06-2023_15-18-52_REC_png_jpg.rf.fb580c38486e181d3262a4720518941c.jpg,v4,bg,0,0,67
img_006588.jpg,ROBOFLOW_13-06-2023_15-19-39_REC_png_jpg.rf.d89db195669eec608d3b5ce4619d88b5.jpg,v4,bg,0,0,0
img_006589.jpg,ROBOFLOW_13-06-2023_15-21-24_REC_png_jpg.rf.f3424ee2a2b5ca4b348245e92e6d7b45.jpg,v4,bg,0,0,0
img_006590.jpg,ROBOFLOW_13-06-2023_15-21-34_REC_png_jpg.rf.2f53ee8512dd73a2d65d5cdc344d17bd.jpg,v4,bg,0,0,0
img_006591.jpg,ROBOFLOW_26451509_jpg.rf.ff548b258139ad471d2778bb11b5a988.jpg,v4,bg,0,0,138
img_006592.jpg,ROBOFLOW_26457961_jpg.rf.6a6eef94186294862052bda752e8bede.jpg,v4,bg,0,0,106
img_006593.jpg,ROBOFLOW_26459097_jpg.rf.80be962c178e2ebb199957e1475af737.jpg,v4,bg,0,0,171
img_006594.jpg,ROBOFLOW_26472481_jpg.rf.eb365f5016fe6b5d28a04765b6ac8baf.jpg,v4,bg,0,0,141
img_006595.jpg,ROBOFLOW_26476461_jpg.rf.319ce6ba03378f49bd6c174f2d6b2852.jpg,v4,bg,0,0,110
img_006596.jpg,ROBOFLOW_26476472_jpg.rf.fad4799c0a0fb65ef644511193531187.jpg,v4,bg,0,0,165
img_006597.jpg,ROBOFLOW_26489994_jpg.rf.58b0f3c7adc86ecbd8d25e40389bedd6.jpg,v4,bg,0,0,231
img_006598.jpg,ROBOFLOW_26493955_jpg.rf.b4621f992e0ea963e47fdd8b08d54cc6.jpg,v4,bg,0,0,187
img_006599.jpg,ROBOFLOW_26499325_jpg.rf.ec9f4fcd05c57b68784b166a337d3740.jpg,v4,bg,0,0,186
img_006600.jpg,ROBOFLOW_26503084_jpg.rf.f71d412de2c3813bb4345b72e8a8d43d.jpg,v4,bg,0,0,39
img_006601.jpg,ROBOFLOW_26504211_jpg.rf.7d203c852e2cfe1b00f15a91978511c3.jpg,v4,bg,0,0,0
img_006602.jpg,ROBOFLOW_26504224_jpg.rf.12c91c5036552d8aeb6d5f4e2538fe24.jpg,v4,bg,0,0,0
img_006603.jpg,ROBOFLOW_26504231_jpg.rf.c7cf5d0b1c0de02c925e4d9eb4420ceb.jpg,v4,bg,0,0,0
img_006604.jpg,ROBOFLOW_26504232_jpg.rf.d8142ba32bd26e21273e6e5ea02b7d38.jpg,v4,bg,0,0,0
img_006605.jpg,ROBOFLOW_26504251_jpg.rf.f4f373e0cbc74ee5d10d569967c056e3.jpg,v4,bg,0,0,0
img_006606.jpg,ROBOFLOW_26514500_jpg.rf.3b2540cd28dc4ebdb806a906fc813d09.jpg,v4,bg,0,0,0
img_006607.jpg,ROBOFLOW_26536560_jpg.rf.77881c2f1d225aab92e1bd6a2b32ac33.jpg,v4,bg,0,0,343
img_006608.jpg,ROBOFLOW_26536565_jpg.rf.a4f24098345043d3347d5bc0d4730521.jpg,v4,bg,0,0,158
img_006609.jpg,ROBOFLOW_26536587_jpg.rf.962a49e1f41c34651d2d2a78103bec24.jpg,v4,bg,0,0,504
img_006610.jpg,ROBOFLOW_26544497_jpg.rf.7aa8f40a180db769c61b47db64c08731.jpg,v4,bg,0,0,94
img_006611.jpg,ROBOFLOW_26544504_jpg.rf.95b050c635ccae9cf100fd1849da2e7c.jpg,v4,bg,0,0,0
img_006612.jpg,ROBOFLOW_26546060_jpg.rf.430f690d41a7454b12abf8973b9d1f4d.jpg,v4,bg,0,0,0
img_006613.jpg,ROBOFLOW_26548293_jpg.rf.6554afc3c9971310616a68ed083f9049.jpg,v4,bg,0,0,0
img_006614.jpg,ROBOFLOW_26548314_jpg.rf.f7689c51f1f4206026e70d3a3ba3e038.jpg,v4,bg,0,0,0
img_006615.jpg,ROBOFLOW_26556178_jpg.rf.1bf16947f0a2a88846f81705a01741e7.jpg,v4,bg,0,0,15
img_006616.jpg,ROBOFLOW_26556190_jpg.rf.67e6c0051780eca4476150fd7ba7505d.jpg,v4,bg,0,0,26
img_006617.jpg,ROBOFLOW_26570667_jpg.rf.1d18dd39208a747de749fd703ae8c252.jpg,v4,bg,0,0,130
img_006618.jpg,ROBOFLOW_26570702_jpg.rf.5ca11b56a9bb4ddddbf1e81e2837ccc4.jpg,v4,bg,0,0,207
img_006619.jpg,ROBOFLOW_26592959_jpg.rf.d38d70159cc5987505d2a1adbdf0b151.jpg,v4,bg,0,0,123
img_006620.jpg,ROBOFLOW_26594016_jpg.rf.fa978b0d60182e75e89e7e2956d37fa7.jpg,v4,bg,0,0,96
img_006621.jpg,ROBOFLOW_26817270_jpg.rf.d982a52ad58ade9815e3563de8d62776.jpg,v4,bg,0,0,231
img_006622.jpg,ROBOFLOW_26818061_jpg.rf.b8fba0ab9b5835de96acf7774d01bd84.jpg,v4,bg,0,0,0
img_006623.jpg,ROBOFLOW_26818062_jpg.rf.6313af1ddaa9f6f72f13bccf84fd3a62.jpg,v4,bg,0,0,0
img_006624.jpg,ROBOFLOW_27612032_jpg.rf.5b9529b0e1364c103144e02a3c18e00a.jpg,v4,bg,0,0,0
img_006625.jpg,ROBOFLOW_30580789_jpg.rf.174dcbe1290b1ee82c0559efe3707a22.jpg,v4,bg,0,0,67
img_006626.jpg,ROBOFLOW_57239635_jpg.rf.d0630632dac6f3a0feca8fa03da59e6f.jpg,v4,bg,0,0,120
img_006627.jpg,ROBOFLOW_6279_jpg.rf.3b0370dbb5ce4b90652c045d06ee8039.jpg,v4,bg,0,0,61
img_006628.jpg,ROBOFLOW_6615_jpg.rf.94f969ae5aaa6cdc4e0af433794e8474.jpg,v4,bg,0,0,0
img_006629.jpg,ROBOFLOW_6618_jpg.rf.d479ae714c2bb09e5080db1974c44d34.jpg,v4,bg,0,0,0
img_006630.jpg,ROBOFLOW_6716_jpg.rf.a3a57ecc709f72aa4d225cb4d0f65709.jpg,v4,bg,0,0,84
img_006631.jpg,ROBOFLOW_7243_jpg.rf.4fd322b535724fa325bc1c650051f285.jpg,v4,bg,0,0,16
img_006632.jpg,ROBOFLOW_7261_jpg.rf.2120043310f8cc4ae9241ab215a69463.jpg,v4,bg,0,0,640
img_006633.jpg,ROBOFLOW_7273_jpg.rf.3f15ccbc0b51345d661ded4e746bc163.jpg,v4,bg,0,0,0
img_006634.jpg,ROBOFLOW_7321_jpg.rf.cf5f52826ccbc9100f4268b13157d0a6.jpg,v4,bg,0,0,0
img_006635.jpg,ROBOFLOW_7331_jpg.rf.7c8191ebd70404256625fc00dd2b5469.jpg,v4,bg,0,0,0
img_006636.jpg,ROBOFLOW_7357_jpg.rf.1f53b88783dc9aff5455896ff796407b.jpg,v4,bg,0,0,0
img_006637.jpg,ROBOFLOW_7405_jpg.rf.40c7257b776d46167c21329df21a1926.jpg,v4,bg,0,0,0
img_006638.jpg,ROBOFLOW_7414_jpg.rf.4718fd43da8495eca2dfe58d531fa37a.jpg,v4,bg,0,0,0
img_006639.jpg,ROBOFLOW_7428_jpg.rf.8ddd91b64b42b8ac0fe51df3bea6eb4a.jpg,v4,bg,0,0,0
img_006640.jpg,ROBOFLOW_7434_jpg.rf.5d9220b2dcb0311cc8d29f2f932bc913.jpg,v4,bg,0,0,0
img_006641.jpg,ROBOFLOW_7524_jpg.rf.4b381e5743a5555fccca2e0c10867be1.jpg,v4,bg,0,0,56
img_006642.jpg,ROBOFLOW_7571_jpg.rf.536c6101f64afe82099293435a499ab7.jpg,v4,bg,0,0,0
img_006643.jpg,ROBOFLOW_8379_jpg.rf.c56e9a1840cef343fd27e500077d13fc.jpg,v4,bg,0,0,0
img_006644.jpg,ROBOFLOW_8408_jpg.rf.b7abc4881d71c4909c51ba4eca7eb37f.jpg,v4,bg,0,0,0
img_006645.jpg,ROBOFLOW_9000_jpg.rf.9dab77cfbb0138b94ce7348f0bb2fd23.jpg,v4,bg,0,0,0
img_006646.jpg,ROBOFLOW_DroneFootage-102_jpg.rf.deb431151d3f0835aa1d71622f54318e.jpg,v4,bg,0,0,0
img_006647.jpg,ROBOFLOW_DroneFootage-107_jpg.rf.096a9a285a510a81349b9174ce4741a9.jpg,v4,bg,0,0,162
img_006648.jpg,ROBOFLOW_DroneFootage-109_jpg.rf.58bb048e372c1d3cd0296e08fa5e46cc.jpg,v4,bg,0,0,155
img_006649.jpg,ROBOFLOW_DroneFootage-116_jpg.rf.0a860e43b9d447975e52dfb7b1c5110a.jpg,v4,bg,0,0,0
img_006650.jpg,ROBOFLOW_DroneFootage-11_jpg.rf.214df08ef6592befc85c936ac88c8214.jpg,v4,bg,0,0,0
img_006651.jpg,ROBOFLOW_DroneFootage-129_jpg.rf.ac5acf0048ebfe970081d7ee661ad386.jpg,v4,bg,0,0,99
img_006652.jpg,ROBOFLOW_DroneFootage-130_jpg.rf.03d06d71686ffb5c7e1ed4d0cf9486c3.jpg,v4,bg,0,0,0
img_006653.jpg,ROBOFLOW_DroneFootage-134_jpg.rf.e2143d0fd76b03e386ca14d72e7de11d.jpg,v4,bg,0,0,40
img_006654.jpg,ROBOFLOW_DroneFootage-13_jpg.rf.448dfd87851f8aac4100fd46d11d430a.jpg,v4,bg,0,0,0
img_006655.jpg,ROBOFLOW_DroneFootage-140_jpg.rf.538659180ba0e89f17f4d6331323c10b.jpg,v4,bg,0,0,118
img_006656.jpg,ROBOFLOW_DroneFootage-144_jpg.rf.5ddd6fa6312829c0aa423c0e55e7278b.jpg,v4,bg,0,0,62
img_006657.jpg,ROBOFLOW_DroneFootage-155_jpg.rf.fa784b1360c6f10d25d516d8aa161252.jpg,v4,bg,0,0,188
img_006658.jpg,ROBOFLOW_DroneFootage-164_jpg.rf.c64443529b9baaf813e355d6e463ae59.jpg,v4,bg,0,0,9
img_006659.jpg,ROBOFLOW_DroneFootage-168_jpg.rf.1ec88d44fb200631755408a50d339757.jpg,v4,bg,0,0,0
img_006660.jpg,ROBOFLOW_DroneFootage-178_jpg.rf.214f1f3323b6281303c04f774464e382.jpg,v4,bg,0,0,158
img_006661.jpg,ROBOFLOW_DroneFootage-18_jpg.rf.3f14d41782010b59c64d61750c2c1a4a.jpg,v4,bg,0,0,0
img_006662.jpg,ROBOFLOW_DroneFootage-19_jpg.rf.8513fbcc6ea56b9e813878d2452398a8.jpg,v4,bg,0,0,0
img_006663.jpg,ROBOFLOW_DroneFootage-213_jpg.rf.caac5098c0dc5dff7be6ba4ef17c8804.jpg,v4,bg,0,0,0
img_006664.jpg,ROBOFLOW_DroneFootage-23_jpg.rf.40c086ff74d785ba41d093c5c7434a0f.jpg,v4,bg,0,0,318
img_006665.jpg,ROBOFLOW_DroneFootage-241_jpg.rf.56575484ccaf36f1318e01bc556b814b.jpg,v4,bg,0,0,0
img_006666.jpg,ROBOFLOW_DroneFootage-250_jpg.rf.58498278557de9e8a0dc8405c6d98d42.jpg,v4,bg,0,0,23
img_006667.jpg,ROBOFLOW_DroneFootage-253_jpg.rf.c8944601a240502d596e2a1054e1d782.jpg,v4,bg,0,0,0
img_006668.jpg,ROBOFLOW_DroneFootage-270_jpg.rf.73c802bd43483a11bc7c1c92dee230a9.jpg,v4,bg,0,0,74
img_006669.jpg,ROBOFLOW_DroneFootage-272_jpg.rf.be5501fd3a810beaf038d57bfcdec321.jpg,v4,bg,0,0,0
img_006670.jpg,ROBOFLOW_DroneFootage-297_jpg.rf.2bb105defbd9f91122b91dee7de4b65b.jpg,v4,bg,0,0,130
img_006671.jpg,ROBOFLOW_DroneFootage-298_jpg.rf.b40730ecd2b3d8e3822a98835aaeaa4b.jpg,v4,bg,0,0,0
img_006672.jpg,ROBOFLOW_DroneFootage-307_jpg.rf.0bcccaeca8a91029b2e669cda85c47b3.jpg,v4,bg,0,0,503
img_006673.jpg,ROBOFLOW_DroneFootage-308_jpg.rf.c9b1c1c3a1d785c8732866a0292f28ed.jpg,v4,bg,0,0,0
img_006674.jpg,ROBOFLOW_DroneFootage-309_jpg.rf.8fa6266f7dd557c96a6bcde63db4af6a.jpg,v4,bg,0,0,0
img_006675.jpg,ROBOFLOW_DroneFootage-314_jpg.rf.04e8419a56a81d88faa3d75f696b19bf.jpg,v4,bg,0,0,222
img_006676.jpg,ROBOFLOW_DroneFootage-316_jpg.rf.5b41c0352c32fb9f5f1dfe5e4c2b78d4.jpg,v4,bg,0,0,0
img_006677.jpg,ROBOFLOW_DroneFootage-318_jpg.rf.354a499745aa8ad000b9534f51e8d891.jpg,v4,bg,0,0,0
img_006678.jpg,ROBOFLOW_DroneFootage-332_jpg.rf.339fda0c3dab8bc2e3b884647bfb7605.jpg,v4,bg,0,0,60
img_006679.jpg,ROBOFLOW_DroneFootage-33_jpg.rf.a3ebe892b1d78df9b9122ee0c496a6b5.jpg,v4,bg,0,0,36
img_006680.jpg,ROBOFLOW_DroneFootage-341_jpg.rf.e5c8bb88200dcf9867ba1361f58d110e.jpg,v4,bg,0,0,0
img_006681.jpg,ROBOFLOW_DroneFootage-345_jpg.rf.eaccbe89dd021e9ab23ac6c95293c87f.jpg,v4,bg,0,0,54
img_006682.jpg,ROBOFLOW_DroneFootage-357_jpg.rf.e195c5a94433a3b0f9f75e96252ba9b6.jpg,v4,bg,0,0,0
img_006683.jpg,ROBOFLOW_DroneFootage-385_jpg.rf.6b0a65f5af873a051797f3926905e314.jpg,v4,bg,0,0,0
img_006684.jpg,ROBOFLOW_DroneFootage-386_jpg.rf.924693eb449bd72f823a8ccf357ef47f.jpg,v4,bg,0,0,0
img_006685.jpg,ROBOFLOW_DroneFootage-393_jpg.rf.8f077abe284cb5df9182360810ebe86c.jpg,v4,bg,0,0,263
img_006686.jpg,ROBOFLOW_DroneFootage-399_jpg.rf.1c79a16c5fff8b0408d9eb759e0436fc.jpg,v4,bg,0,0,241
img_006687.jpg,ROBOFLOW_DroneFootage-404_jpg.rf.0499cb0f21ad4aacf1578af7e56b468b.jpg,v4,bg,0,0,0
img_006688.jpg,ROBOFLOW_DroneFootage-407_jpg.rf.73f6898ccd55a0750404c17422f64eec.jpg,v4,bg,0,0,11
img_006689.jpg,ROBOFLOW_DroneFootage-439_jpg.rf.288ad22023e2f6c07fdce31812fac0a5.jpg,v4,bg,0,0,0
img_006690.jpg,ROBOFLOW_DroneFootage-43_jpg.rf.0f1e3ec722e5c314567d6620797bc105.jpg,v4,bg,0,0,0
img_006691.jpg,ROBOFLOW_DroneFootage-459_jpg.rf.8a14e16c8ceb6900d35d5243afed0e9a.jpg,v4,bg,0,0,0
img_006692.jpg,ROBOFLOW_DroneFootage-461_jpg.rf.c21bddce371c9450234ae1fb6bf56173.jpg,v4,bg,0,0,0
img_006693.jpg,ROBOFLOW_DroneFootage-462_jpg.rf.4727ddefdf60307132b25b11545dbb45.jpg,v4,bg,0,0,0
img_006694.jpg,ROBOFLOW_DroneFootage-463_jpg.rf.83753fe1b513eabef6cc9c29e37c3a50.jpg,v4,bg,0,0,0
img_006695.jpg,ROBOFLOW_DroneFootage-466_jpg.rf.6566c06c9dd3267bf0f73caa470842fd.jpg,v4,bg,0,0,0
img_006696.jpg,ROBOFLOW_DroneFootage-470_jpg.rf.e663f1e4ccbf2d00fbc44d3f7356d2c7.jpg,v4,bg,0,0,0
img_006697.jpg,ROBOFLOW_DroneFootage-472_jpg.rf.b456538d02e832c68ad344eb4ccf529b.jpg,v4,bg,0,0,0
img_006698.jpg,ROBOFLOW_DroneFootage-478_jpg.rf.5f3c78b72303e8c4a74957d34a6f1f0c.jpg,v4,bg,0,0,0
img_006699.jpg,ROBOFLOW_DroneFootage-47_jpg.rf.09d2df54db8cb381d24d415d3a0d418b.jpg,v4,bg,0,0,165
img_006700.jpg,ROBOFLOW_DroneFootage-481_jpg.rf.449a6b38edb04093e56852335f0eaea6.jpg,v4,bg,0,0,0
img_006701.jpg,ROBOFLOW_DroneFootage-487_jpg.rf.026c7a06a443668e04fa601eaf70eb73.jpg,v4,bg,0,0,0
img_006702.jpg,ROBOFLOW_DroneFootage-488_jpg.rf.e3c80194230da74732d2299dff36a941.jpg,v4,bg,0,0,0
img_006703.jpg,ROBOFLOW_DroneFootage-489_jpg.rf.fdd31e34e9eff524b5c36966d22e8696.jpg,v4,bg,0,0,0
img_006704.jpg,ROBOFLOW_DroneFootage-48_jpg.rf.b509511caba8383365744f0e1c8bf0a2.jpg,v4,bg,0,0,42
img_006705.jpg,ROBOFLOW_DroneFootage-49_jpg.rf.7d00f5a14e93577816efc7dc7028429d.jpg,v4,bg,0,0,0
img_006706.jpg,ROBOFLOW_DroneFootage-500_jpg.rf.d85c2780e9ea52f210f2393036d94085.jpg,v4,bg,0,0,25
img_006707.jpg,ROBOFLOW_DroneFootage-503_jpg.rf.77a4e0081131ffcebff1c360cf66536a.jpg,v4,bg,0,0,101
img_006708.jpg,ROBOFLOW_DroneFootage-507_jpg.rf.2667f945456142d9ceeec36d29088eda.jpg,v4,bg,0,0,23
img_006709.jpg,ROBOFLOW_DroneFootage-509_jpg.rf.b9ece79aac71b140d8bf871a131b2eab.jpg,v4,bg,0,0,0
img_006710.jpg,ROBOFLOW_DroneFootage-516_jpg.rf.d19c2e81b461747f68a16bbc39a6b682.jpg,v4,bg,0,0,0
img_006711.jpg,ROBOFLOW_DroneFootage-518_jpg.rf.135379d1c94a979ec9aa8622ba726d7c.jpg,v4,bg,0,0,158
img_006712.jpg,ROBOFLOW_DroneFootage-525_jpg.rf.bd13cfc039f189e04ec92eecf768f758.jpg,v4,bg,0,0,191
img_006713.jpg,ROBOFLOW_DroneFootage-528_jpg.rf.2e7328cc0d4b03f1817ec2519b981048.jpg,v4,bg,0,0,0
img_006714.jpg,ROBOFLOW_DroneFootage-531_jpg.rf.c2ed79a185de7411374d3d2b2cb3345b.jpg,v4,bg,0,0,0
img_006715.jpg,ROBOFLOW_DroneFootage-532_jpg.rf.277267721f5d5ea720505bb64df93360.jpg,v4,bg,0,0,255
img_006716.jpg,ROBOFLOW_DroneFootage-536_jpg.rf.f74d1e29ade73eba3d0c4ad069068cf3.jpg,v4,bg,0,0,0
img_006717.jpg,ROBOFLOW_DroneFootage-544_jpg.rf.3cd40045bc813b3aa79a2f4db0585b66.jpg,v4,bg,0,0,0
img_006718.jpg,ROBOFLOW_DroneFootage-54_jpg.rf.4aef59c20961cca0f182c175deaac71d.jpg,v4,bg,0,0,0
img_006719.jpg,ROBOFLOW_DroneFootage-58_jpg.rf.77fb79088a2b8b5be9ce89c834b5d3f5.jpg,v4,bg,0,0,0
img_006720.jpg,ROBOFLOW_DroneFootage-71_jpg.rf.4e34557dca306e371b9dc007c7229936.jpg,v4,bg,0,0,40
img_006721.jpg,ROBOFLOW_DroneFootage-80_jpg.rf.d61b1150623610c52c82524183ea3627.jpg,v4,bg,0,0,121
img_006722.jpg,ROBOFLOW_DroneFootage-81_jpg.rf.acc7300fcadf29aa2881978d21e63c42.jpg,v4,bg,0,0,121
img_006723.jpg,ROBOFLOW_DroneFootage-83_jpg.rf.61a2ddca5a078671fe05b8820a70c9a1.jpg,v4,bg,0,0,0
img_006724.jpg,ROBOFLOW_DroneFootage-84_jpg.rf.4356e01a36c6d790ed59161452693dd6.jpg,v4,bg,0,0,218
img_006725.jpg,ROBOFLOW_DroneFootage-87_jpg.rf.f0a261914b0bf7b63295c66620c5b928.jpg,v4,bg,0,0,28
img_006726.jpg,ROBOFLOW_DroneFootage-89_jpg.rf.f449eb250c620eb570a931508ffac6c9.jpg,v4,bg,0,0,77
img_006727.jpg,ROBOFLOW_DroneFootage-93_jpg.rf.b54e7fffc2cf9135017212dc05067f43.jpg,v4,bg,0,0,59
img_006728.jpg,ROBOFLOW_IMG_2023061913475511_JPEG_jpg.rf.9f21c61790fc33981dd1b1253a345eb3.jpg,v4,bg,0,0,26
img_006729.jpg,ROBOFLOW_IMG_2023061913475513_JPEG_jpg.rf.e28c9548c77eebfeff4a3d68b9d6b360.jpg,v4,bg,0,0,16
img_006730.jpg,ROBOFLOW_IMG_2023061913475514_JPEG_jpg.rf.378d9c9c7c747a2014c0afa1321219ec.jpg,v4,bg,0,0,65
img_006731.jpg,ROBOFLOW_IMG_2023061913475518_JPEG_jpg.rf.669b6792e82b8b1e14fd7b2e55b72876.jpg,v4,bg,0,0,22
img_006732.jpg,ROBOFLOW_IMG_2023061913475522_JPEG_jpg.rf.06225f89a524fd156d2f59528ac72d55.jpg,v4,bg,0,0,0
img_006733.jpg,ROBOFLOW_IMG_2023061913475523_JPEG_jpg.rf.ad559e7eae8c08a563f560377fcd47cc.jpg,v4,bg,0,0,0
img_006734.jpg,ROBOFLOW_IMG_2023061913475528_JPEG_jpg.rf.f848edb0602c5d4184c3b977c0513808.jpg,v4,bg,0,0,48
img_006735.jpg,ROBOFLOW_IMG_2023061913475530_JPEG_jpg.rf.ccf05c20b6e6cee1e2ca9f6cca2ebf5c.jpg,v4,bg,0,0,258
img_006736.jpg,ROBOFLOW_IMG_2023061913475536_JPEG_jpg.rf.69d06c7f4ca2a102fcb45b7a3afb26f5.jpg,v4,bg,0,0,67
img_006737.jpg,ROBOFLOW_IMG_2023061913475538_JPEG_jpg.rf.0844ca392f0a5751a2863b4b82d1c0dd.jpg,v4,bg,0,0,46
img_006738.jpg,ROBOFLOW_IMG_202306191347553_JPEG_jpg.rf.ba2e8031d85e34d2e298c890c25c7dde.jpg,v4,bg,0,0,44
img_006739.jpg,ROBOFLOW_IMG_2023061913475540_JPEG_jpg.rf.01cae194421ce00074dffc06ffdf27d7.jpg,v4,bg,0,0,68
img_006740.jpg,ROBOFLOW_IMG_2023061913475543_JPEG_jpg.rf.11aaf14f024ebc93ea38f17ef291fced.jpg,v4,bg,0,0,296
img_006741.jpg,ROBOFLOW_IMG_2023061913475546_JPEG_jpg.rf.5aac8d1d31e8a357b00cee85663d4c2a.jpg,v4,bg,0,0,16
img_006742.jpg,ROBOFLOW_IMG_2023061913475562_JPEG_jpg.rf.4de090ed3bf23d2eb72edbf1ed040482.jpg,v4,bg,0,0,13
img_006743.jpg,ROBOFLOW_IMG_2023061913475564_JPEG_jpg.rf.65225065d3eceff4560f9c3e700552e7.jpg,v4,bg,0,0,65
img_006744.jpg,ROBOFLOW_IMG_2023061913475568_JPEG_jpg.rf.b8466245b749ae3912cefeae73161944.jpg,v4,bg,0,0,0
img_006745.jpg,ROBOFLOW_IMG_202306191347556_JPEG_jpg.rf.44220440cd40fcd5782eac886235245b.jpg,v4,bg,0,0,128
img_006746.jpg,ROBOFLOW_IMG_2023061913475570_JPEG_jpg.rf.c459fdd711ffc2933b2d32a28203c5ea.jpg,v4,bg,0,0,271
img_006747.jpg,ROBOFLOW_IMG_2023061913475571_JPEG_jpg.rf.e00319002dbdef96ab11cae013272cd7.jpg,v4,bg,0,0,26
img_006748.jpg,ROBOFLOW_IMG_2023061913475574_JPEG_jpg.rf.25bf41dacf31568a7f9008e56bb31171.jpg,v4,bg,0,0,0
img_006749.jpg,ROBOFLOW_IMG_2023061913475576_JPEG_jpg.rf.1a4ee9342592a01833276c24becad250.jpg,v4,bg,0,0,31
img_006750.jpg,ROBOFLOW_IMG_202306191347558_JPEG_jpg.rf.41d6350f19819bb3fd08dac7206c21cb.jpg,v4,bg,0,0,32
img_006751.jpg,ROBOFLOW_IMG_202306191347559_JPEG_jpg.rf.4a184a6b1b179fadfc29e7532ab5a71e.jpg,v4,bg,0,0,30
img_006752.jpg,ROBOFLOW_Screenshot-2022-09-09-220739_jpg.rf.dd2d408751b0fc727e1877fcc6808dfb.jpg,v4,bg,0,0,0
img_006753.jpg,ROBOFLOW_Screenshot-2022-09-09-221242_jpg.rf.55888dd0251a57b0b56396410c27356f.jpg,v4,bg,0,0,0
img_006754.jpg,ROBOFLOW_Screenshot-2022-09-10-003225_jpg.rf.e5265fd657d9b651c57136128860122c.jpg,v4,bg,0,0,0
img_006755.jpg,ROBOFLOW_Screenshot-2022-09-10-003655_jpg.rf.af9c0149ba42cda693f0dedaf45624e5.jpg,v4,bg,0,0,0
img_006756.jpg,ROBOFLOW_Screenshot-2022-09-10-003916_jpg.rf.20fe2d4d218f7a6501f099b89aabad58.jpg,v4,bg,0,0,0
img_006757.jpg,ROBOFLOW_Screenshot-2022-09-10-095517_jpg.rf.2b67850878af32cfe43e721e6913a57a.jpg,v4,bg,0,0,0
img_006758.jpg,ROBOFLOW_Screenshot-2022-09-10-095612_jpg.rf.a2ef87be98090cd942ff9811761368ee.jpg,v4,bg,0,0,0
img_006759.jpg,ROBOFLOW_Screenshot-2022-09-10-095729_jpg.rf.369a865cc300712381f46d7625fd02ae.jpg,v4,bg,0,0,188
img_006760.jpg,ROBOFLOW_Screenshot-2022-09-10-100110_jpg.rf.2ed4c2953f6c54f848cdfeb50e677519.jpg,v4,bg,0,0,0
img_006761.jpg,ROBOFLOW_Screenshot-2022-09-10-104800_jpg.rf.ba4a242ec809e8db0dd09ad63dba7887.jpg,v4,bg,0,0,79
img_006762.jpg,ROBOFLOW_Screenshot-2022-09-10-105559_jpg.rf.cf1da72d69b6d6b01fc758913eebd2ee.jpg,v4,bg,0,0,0
img_006763.jpg,ROBOFLOW_Screenshot-2022-09-10-110415_jpg.rf.ffe8c5e11545f011370b66622f1251cf.jpg,v4,bg,0,0,0
img_006764.jpg,ROBOFLOW_Screenshot-2022-09-10-112156_jpg.rf.299465aab228a3dd5cf835dc558fcf70.jpg,v4,bg,0,0,0
img_006765.jpg,ROBOFLOW_Screenshot-2022-09-10-112453_jpg.rf.66e0d54d67260a16437b5f6527c9c759.jpg,v4,bg,0,0,130
img_006766.jpg,ROBOFLOW_Screenshot-2022-09-10-113535_jpg.rf.14e4d59ea30c761b529692977d28f20f.jpg,v4,bg,0,0,0
img_006767.jpg,ROBOFLOW_Screenshot-2022-09-10-113551_jpg.rf.2389b7188cc7a613355146915c353329.jpg,v4,bg,0,0,0
img_006768.jpg,ROBOFLOW_Screenshot-2022-09-10-164904_jpg.rf.655977d00c4e6d6258311bea2a11335a.jpg,v4,bg,0,0,0
img_006769.jpg,ROBOFLOW_Screenshot-2022-09-10-165000_jpg.rf.c7fded66cd3a7549cb61bdbd1609ff72.jpg,v4,bg,0,0,0
img_006770.jpg,ROBOFLOW_Screenshot-2022-09-10-165205_jpg.rf.ee7360833eb17f295b2b6c37a29a7dc8.jpg,v4,bg,0,0,0
img_006771.jpg,ROBOFLOW_Screenshot-2022-09-10-170127_jpg.rf.cedf74571ad248d3fd8bf00b0f689ef2.jpg,v4,bg,0,0,0
img_006772.jpg,ROBOFLOW_Screenshot-2022-09-10-170257_jpg.rf.d89e062fb7791be590703d28dca97ea7.jpg,v4,bg,0,0,0
img_006773.jpg,ROBOFLOW_Screenshot-2022-09-10-170343_jpg.rf.1d591c1585a1467469bfc10b7e06f48e.jpg,v4,bg,0,0,8
img_006774.jpg,ROBOFLOW_Screenshot-2022-09-10-171231_jpg.rf.50c5741dcb2930b5eb72f5867989565f.jpg,v4,bg,0,0,6
img_006775.jpg,ROBOFLOW_Screenshot-2022-09-10-172514_jpg.rf.acebe0c856913df9fe2bd44635ec5a00.jpg,v4,bg,0,0,0
img_006776.jpg,ROBOFLOW_Screenshot-2022-09-10-192351_jpg.rf.15284e34c905db3c50ceb99e43dd0d57.jpg,v4,bg,0,0,6
img_006777.jpg,ROBOFLOW_Screenshot-2022-09-10-193507_jpg.rf.985cb57e3bd445e68ce117e2a8c77ca0.jpg,v4,bg,0,0,0
img_006778.jpg,ROBOFLOW_Screenshot-2022-09-11-050526_jpg.rf.daef4eae1f3ed0af3f111d86a8a371c3.jpg,v4,bg,0,0,0
img_006779.jpg,ROBOFLOW_Screenshot-2022-09-11-050643_jpg.rf.78034af7a54f30102600e3bf755a84c8.jpg,v4,bg,0,0,0
img_006780.jpg,ROBOFLOW_Screenshot-2022-09-11-050912_jpg.rf.23dd2aaf30b7eb9e018afe43a7aa66df.jpg,v4,bg,0,0,10
img_006781.jpg,ROBOFLOW_Screenshot-2022-09-11-051126_jpg.rf.2cc210ab2af6cf3be17cd045752dc413.jpg,v4,bg,0,0,0
img_006782.jpg,ROBOFLOW_Screenshot-2022-09-11-051337_jpg.rf.0962ab82280ee1faa08fe697ba966afa.jpg,v4,bg,0,0,0
img_006783.jpg,ROBOFLOW_Screenshot-2022-09-11-051849_jpg.rf.148d49791bba5ace0350cb70fc87ebf0.jpg,v4,bg,0,0,0
img_006784.jpg,ROBOFLOW_Screenshot-2022-09-11-052359_jpg.rf.fe1dab62da647aea8ccfb8af5b425085.jpg,v4,bg,0,0,28
img_006785.jpg,ROBOFLOW_Screenshot-2022-09-11-053504_jpg.rf.4f6ccaf1587a77a6c927901930225a04.jpg,v4,bg,0,0,19
img_006786.jpg,ROBOFLOW_Screenshot-2022-09-11-053640_jpg.rf.48d9fbbdfda92322dd6102088e9ee226.jpg,v4,bg,0,0,50
img_006787.jpg,ROBOFLOW_Screenshot-2022-09-11-053956_jpg.rf.3d7da6b4676b02fba22e58d8a07d3665.jpg,v4,bg,0,0,0
img_006788.jpg,ROBOFLOW__021c2262-c12d-4f9f-882e-3c186a2bb5c9_jpeg_jpg.rf.70e992c2000656e0e69ddef727ba7a7c.jpg,v4,bg,0,0,18
img_006789.jpg,ROBOFLOW__0778e743-e4a0-4327-8667-e12d6437adb3_jpeg_jpg.rf.7c026ba395801b841c53ad072bbc70fd.jpg,v4,bg,0,0,55
img_006790.jpg,ROBOFLOW__08d4e691-5329-4531-aea8-0741de8e6247_jpeg_jpg.rf.83e9323292ff2de88852cdd09723a4b5.jpg,v4,bg,0,0,52
img_006791.jpg,ROBOFLOW__0d4d1eb3-7447-4630-9e1e-76a10f2a98b0_jpeg_jpg.rf.a31f09a0db4f2103f630edf254b5278b.jpg,v4,bg,0,0,10
img_006792.jpg,ROBOFLOW__15e4a293-3111-4fd2-8eae-2d012528627c_jpeg_jpg.rf.dee78cb29ad0cc7e04e0ffee4ba0a2ba.jpg,v4,bg,0,0,96
img_006793.jpg,ROBOFLOW__2b3c819e-a9fb-4a03-bd8f-86d58bb28e6f_jpeg_jpg.rf.882988fa3de248af341963c89bd7a81b.jpg,v4,bg,0,0,52
img_006794.jpg,ROBOFLOW__3995c870-1e43-49de-9325-30637663c475_jpeg_jpg.rf.fae637a587f56d7e617ba1ca9a4b1ad5.jpg,v4,bg,0,0,67
img_006795.jpg,ROBOFLOW__3c6953fc-2e46-4b7a-81e6-253781a63791_jpeg_jpg.rf.bf450540a47d1ce6ad70e5762da1b478.jpg,v4,bg,0,0,72
img_006796.jpg,ROBOFLOW__3e473f0c-5fc1-4785-9dcc-d19411d9ce42_jpeg_jpg.rf.7b95a1da950c414c4f748cac96ab0862.jpg,v4,bg,0,0,53
img_006797.jpg,ROBOFLOW__66d57025-c524-4081-ad0b-1ad0d09d196f_jpeg_jpg.rf.9b7031b62433e5cde746f32e41cffe79.jpg,v4,bg,0,0,65
img_006798.jpg,ROBOFLOW__6ab0fca4-68eb-4c6c-9dc0-bd140974b62b_jpeg_jpg.rf.162fdb414a219b2c7f83310a18a8c04c.jpg,v4,bg,0,0,94
img_006799.jpg,ROBOFLOW__6dbd1822-c85b-446e-bba1-f28cf2affa76_jpeg_jpg.rf.c85a128d67e1f4e09c05cb9be3e8593b.jpg,v4,bg,0,0,16
img_006800.jpg,ROBOFLOW__7c79acbe-1967-4412-a28e-e07b4179907c_jpeg_jpg.rf.2058e944994574a81c292e864b31e3a3.jpg,v4,bg,0,0,25
img_006801.jpg,ROBOFLOW__7d092544-e5cc-4295-9eae-378d9d8cdd0e_jpeg_jpg.rf.da9003a2b94d265060403c19ddd1f776.jpg,v4,bg,0,0,0
img_006802.jpg,ROBOFLOW__92182f6d-0d84-4d03-aa3b-f0d470c38a02_jpeg_jpg.rf.609a7ed5460c4fc4298d169628981680.jpg,v4,bg,0,0,0
img_006803.jpg,ROBOFLOW__9c918374-8131-4a6b-b463-7669d27fb235_jpeg_jpg.rf.0e2efbf9c6c67197f23ee91d8d0f18b7.jpg,v4,bg,0,0,62
img_006804.jpg,ROBOFLOW__ab97c956-62cd-45f0-81d3-5aff8229540f_jpeg_jpg.rf.39d7b61e9eccf7b620212e1169be2abf.jpg,v4,bg,0,0,45
img_006805.jpg,ROBOFLOW__b5839648-9c7f-4d47-8799-9cdeaf91fa85_jpeg_jpg.rf.d25b85b014cacc29959b776a7e7e2e28.jpg,v4,bg,0,0,0
img_006806.jpg,ROBOFLOW__baf3edb1-c7c0-4d80-bbf7-f63b68415721_jpeg_jpg.rf.cef91e74be7e4492461f4f34c2e894f0.jpg,v4,bg,0,0,0
img_006807.jpg,ROBOFLOW__bedeade4-35a0-4e06-be42-3859e636a101_jpeg_jpg.rf.d8838974ce940be4d077936a1240a88b.jpg,v4,bg,0,0,33
img_006808.jpg,ROBOFLOW__c3a97868-31f4-4303-a5d4-a401ee3e18d1_jpeg_jpg.rf.1211b31a37107145d4f67803403ba876.jpg,v4,bg,0,0,0
img_006809.jpg,ROBOFLOW__deddeaee-9418-4747-beb3-dd2303ea01da_jpeg_jpg.rf.c8cb107e49d990e90277e81431763386.jpg,v4,bg,0,0,53
img_006810.jpg,ROBOFLOW__f17f527d-8ab3-429b-b3a5-3c411f4071f4_jpeg_jpg.rf.73410e2b44b04d71315570b1b1c1f0bd.jpg,v4,bg,0,0,42
img_006811.jpg,ROBOFLOW__f552d00c-f44f-4384-8623-f9a545dc3af8_jpeg_jpg.rf.b7f5a5df9b588b1acffa5f35eacb3066.jpg,v4,bg,0,0,11
img_006812.jpg,ROBOFLOW_flood_image0019_jpg.rf.7265a7957b4a45391d0e66f3aee613b6.jpg,v4,bg,0,0,0
img_006813.jpg,ROBOFLOW_flood_image0066_jpg.rf.d0336bde47ee6de525aaeb55edd288fb.jpg,v4,bg,0,0,0
img_006814.jpg,ROBOFLOW_flood_image0426_jpg.rf.30f6b076c24cb9434b88559d81d15644.jpg,v4,bg,0,0,131
img_006815.jpg,ROBOFLOW_flood_image0440_jpg.rf.d88ee13059c908b3c640488ff3e6ba73.jpg,v4,bg,0,0,0
img_006816.jpg,ROBOFLOW_flood_image0509_jpg.rf.aa4937c0ac7e180584298d9da63784a7.jpg,v4,bg,0,0,79
img_006817.jpg,ROBOFLOW_pollution_208_jpg.rf.a06dbe6a9492a248bc317b69ad12968f.jpg,v4,bg,0,0,0
